Job_ID,Skill
1,MS-Office
1,MS-Excel
1,Data entry
1,English Proficiency (Spoken)
1,English Proficiency (Written)
2,Negotiation
2,Digital Marketing
2,Market research
2,Marketing Strategies
3,MS-Excel
3,English Proficiency (Spoken)
3,English Proficiency (Written)
3,Presentation skills
3,Kannada Proficiency (Spoken)
3,Interpersonal skills
3,Effective Communication
4,Legal Research
4,Company Law
4,Legal Drafting
4,Statutory compliances
4,Legal Writing
4,Contract Management
5,MS-Office
5,MS-Excel
5,English Proficiency (Spoken)
5,English Proficiency (Written)
5,Accounting
5,Tally
6,MS-Office
6,MS-Excel
6,Effective Communication
6,MS-PowerPoint
7,Effective Communication
7,Leadership
7,Team Management
7,E-commerce
7,Data Analytics
7,Mentorship
7,B2B Sales
7,Sales
8,English Proficiency (Spoken)
8,Lead Generation
8,Sales Management
8,Sales
9,English Proficiency (Spoken)
9,Negotiation
9,Effective Communication
9,Sales
9,Problem Solving
10,English Proficiency (Spoken)
10,Negotiation
10,Effective Communication
10,Sales
10,Problem Solving
11,Sales Management
11,Sales
12,Accounting
14,Negotiation
14,Digital Marketing
15,MS-Excel
15,English Proficiency (Spoken)
15,Presentation skills
15,Effective Communication
15,Sales
16,Effective Communication
17,MS-Office
17,MS-Excel
17,English Proficiency (Spoken)
17,English Proficiency (Written)
18,Sales
19,MS-Excel
19,English Proficiency (Spoken)
19,English Proficiency (Written)
19,Effective Communication
19,Sales
20,English Proficiency (Spoken)
20,English Proficiency (Written)
20,Interpersonal skills
21,English Proficiency (Spoken)
21,English Proficiency (Written)
21,Effective Communication
22,Effective Communication
22,Problem Solving
24,MS-Office
24,MS-Excel
24,English Proficiency (Spoken)
24,English Proficiency (Written)
25,Sales
26,MS-Excel
26,MS-PowerPoint
27,Sales
30,English Proficiency (Spoken)
30,English Proficiency (Written)
32,Lead Generation
32,Sales
33,Effective Communication
33,Sales
34,MS-Excel
34,Data entry
34,Data Analytics
37,MS-Excel
37,English Proficiency (Spoken)
38,MS-Excel
38,English Proficiency (Written)
39,English Proficiency (Spoken)
39,English Proficiency (Written)
41,Effective Communication
42,Sales
43,MS-Office
43,MS-Excel
43,English Proficiency (Spoken)
44,MS-Office
45,Negotiation
45,Sales Management
45,Sales
46,Effective Communication
47,English Proficiency (Spoken)
47,Effective Communication
48,English Proficiency (Spoken)
48,English Proficiency (Written)
49,MS-Excel
49,English Proficiency (Written)
50,English Proficiency (Written)
51,MS-Office
51,MS-Excel
51,Data entry
51,English Proficiency (Spoken)
51,English Proficiency (Written)
52,Negotiation
52,Digital Marketing
52,Market research
52,Marketing Strategies
53,MS-Excel
53,English Proficiency (Spoken)
53,English Proficiency (Written)
53,Presentation skills
53,Kannada Proficiency (Spoken)
53,Interpersonal skills
53,Effective Communication
54,Legal Research
54,Company Law
54,Legal Drafting
54,Statutory compliances
54,Legal Writing
54,Contract Management
55,MS-Office
55,MS-Excel
55,English Proficiency (Spoken)
55,English Proficiency (Written)
55,Accounting
55,Tally
56,MS-Office
56,MS-Excel
56,Effective Communication
56,MS-PowerPoint
57,Effective Communication
57,Leadership
57,Team Management
57,E-commerce
57,Data Analytics
57,Mentorship
57,B2B Sales
57,Sales
58,English Proficiency (Spoken)
58,Lead Generation
58,Sales Management
58,Sales
59,English Proficiency (Spoken)
59,Negotiation
59,Effective Communication
59,Sales
59,Problem Solving
60,English Proficiency (Spoken)
60,Negotiation
60,Effective Communication
60,Sales
60,Problem Solving
61,Sales Management
61,Sales
62,Accounting
64,Negotiation
64,Digital Marketing
65,MS-Excel
65,English Proficiency (Spoken)
65,Presentation skills
65,Effective Communication
65,Sales
66,Effective Communication
67,MS-Office
67,MS-Excel
67,English Proficiency (Spoken)
67,English Proficiency (Written)
68,Sales
69,MS-Excel
69,English Proficiency (Spoken)
69,English Proficiency (Written)
69,Effective Communication
69,Sales
70,English Proficiency (Spoken)
70,English Proficiency (Written)
70,Interpersonal skills
71,English Proficiency (Spoken)
71,English Proficiency (Written)
71,Effective Communication
72,Effective Communication
72,Problem Solving
74,MS-Office
74,MS-Excel
74,English Proficiency (Spoken)
74,English Proficiency (Written)
75,Sales
76,MS-Excel
76,MS-PowerPoint
77,Sales
80,English Proficiency (Spoken)
80,English Proficiency (Written)
82,Lead Generation
82,Sales
83,Effective Communication
83,Sales
84,MS-Excel
84,Data entry
84,Data Analytics
87,MS-Excel
87,English Proficiency (Spoken)
88,MS-Excel
88,English Proficiency (Written)
89,English Proficiency (Spoken)
89,English Proficiency (Written)
91,Effective Communication
92,Sales
93,MS-Office
93,MS-Excel
93,English Proficiency (Spoken)
94,MS-Office
95,Negotiation
95,Sales Management
95,Sales
96,Effective Communication
97,English Proficiency (Spoken)
97,Effective Communication
98,English Proficiency (Spoken)
98,English Proficiency (Written)
99,MS-Excel
99,English Proficiency (Written)
100,English Proficiency (Written)
101,MS-Office
101,MS-Excel
101,Data entry
101,English Proficiency (Spoken)
101,English Proficiency (Written)
102,Negotiation
102,Digital Marketing
102,Market research
102,Marketing Strategies
103,MS-Excel
103,English Proficiency (Spoken)
103,English Proficiency (Written)
103,Presentation skills
103,Kannada Proficiency (Spoken)
103,Interpersonal skills
103,Effective Communication
104,Legal Research
104,Company Law
104,Legal Drafting
104,Statutory compliances
104,Legal Writing
104,Contract Management
105,MS-Office
105,MS-Excel
105,English Proficiency (Spoken)
105,English Proficiency (Written)
105,Accounting
105,Tally
106,MS-Office
106,MS-Excel
106,Effective Communication
106,MS-PowerPoint
107,Effective Communication
107,Leadership
107,Team Management
107,E-commerce
107,Data Analytics
107,Mentorship
107,B2B Sales
107,Sales
108,English Proficiency (Spoken)
108,Lead Generation
108,Sales Management
108,Sales
109,English Proficiency (Spoken)
109,Negotiation
109,Effective Communication
109,Sales
109,Problem Solving
110,English Proficiency (Spoken)
110,Negotiation
110,Effective Communication
110,Sales
110,Problem Solving
111,Sales Management
111,Sales
112,Accounting
114,Negotiation
114,Digital Marketing
115,MS-Excel
115,English Proficiency (Spoken)
115,Presentation skills
115,Effective Communication
115,Sales
116,Effective Communication
117,MS-Office
117,MS-Excel
117,English Proficiency (Spoken)
117,English Proficiency (Written)
118,Sales
119,MS-Excel
119,English Proficiency (Spoken)
119,English Proficiency (Written)
119,Effective Communication
119,Sales
120,English Proficiency (Spoken)
120,English Proficiency (Written)
120,Interpersonal skills
121,English Proficiency (Spoken)
121,English Proficiency (Written)
121,Effective Communication
122,Effective Communication
122,Problem Solving
124,MS-Office
124,MS-Excel
124,English Proficiency (Spoken)
124,English Proficiency (Written)
125,Sales
126,MS-Excel
126,MS-PowerPoint
127,Sales
130,English Proficiency (Spoken)
130,English Proficiency (Written)
132,Lead Generation
132,Sales
133,Effective Communication
133,Sales
134,MS-Excel
134,Data entry
134,Data Analytics
137,MS-Excel
137,English Proficiency (Spoken)
138,MS-Excel
138,English Proficiency (Written)
139,English Proficiency (Spoken)
139,English Proficiency (Written)
141,Effective Communication
142,Sales
143,MS-Office
143,MS-Excel
143,English Proficiency (Spoken)
144,MS-Office
145,Negotiation
145,Sales Management
145,Sales
146,Effective Communication
147,English Proficiency (Spoken)
147,Effective Communication
148,English Proficiency (Spoken)
148,English Proficiency (Written)
149,MS-Excel
149,English Proficiency (Written)
150,English Proficiency (Written)
151,MS-Office
151,MS-Excel
151,Data entry
151,English Proficiency (Spoken)
151,English Proficiency (Written)
152,Negotiation
152,Digital Marketing
152,Market research
152,Marketing Strategies
153,MS-Excel
153,English Proficiency (Spoken)
153,English Proficiency (Written)
153,Presentation skills
153,Kannada Proficiency (Spoken)
153,Interpersonal skills
153,Effective Communication
154,Legal Research
154,Company Law
154,Legal Drafting
154,Statutory compliances
154,Legal Writing
154,Contract Management
155,MS-Office
155,MS-Excel
155,English Proficiency (Spoken)
155,English Proficiency (Written)
155,Accounting
155,Tally
156,MS-Office
156,MS-Excel
156,Effective Communication
156,MS-PowerPoint
157,Effective Communication
157,Leadership
157,Team Management
157,E-commerce
157,Data Analytics
157,Mentorship
157,B2B Sales
157,Sales
158,English Proficiency (Spoken)
158,Lead Generation
158,Sales Management
158,Sales
159,English Proficiency (Spoken)
159,Negotiation
159,Effective Communication
159,Sales
159,Problem Solving
160,English Proficiency (Spoken)
160,Negotiation
160,Effective Communication
160,Sales
160,Problem Solving
161,Sales Management
161,Sales
162,Accounting
164,Negotiation
164,Digital Marketing
165,MS-Excel
165,English Proficiency (Spoken)
165,Presentation skills
165,Effective Communication
165,Sales
166,Effective Communication
167,MS-Office
167,MS-Excel
167,English Proficiency (Spoken)
167,English Proficiency (Written)
168,Sales
169,MS-Excel
169,English Proficiency (Spoken)
169,English Proficiency (Written)
169,Effective Communication
169,Sales
170,English Proficiency (Spoken)
170,English Proficiency (Written)
170,Interpersonal skills
171,English Proficiency (Spoken)
171,English Proficiency (Written)
171,Effective Communication
172,Effective Communication
172,Problem Solving
174,MS-Office
174,MS-Excel
174,English Proficiency (Spoken)
174,English Proficiency (Written)
175,Sales
176,MS-Excel
176,MS-PowerPoint
177,Sales
180,English Proficiency (Spoken)
180,English Proficiency (Written)
182,Lead Generation
182,Sales
183,Effective Communication
183,Sales
184,MS-Excel
184,Data entry
184,Data Analytics
187,MS-Excel
187,English Proficiency (Spoken)
188,MS-Excel
188,English Proficiency (Written)
189,English Proficiency (Spoken)
189,English Proficiency (Written)
191,Effective Communication
192,Sales
193,MS-Office
193,MS-Excel
193,English Proficiency (Spoken)
194,MS-Office
195,Negotiation
195,Sales Management
195,Sales
196,Effective Communication
197,English Proficiency (Spoken)
197,Effective Communication
198,English Proficiency (Spoken)
198,English Proficiency (Written)
199,MS-Excel
199,English Proficiency (Written)
200,English Proficiency (Written)
201,MS-Office
201,MS-Excel
201,Data entry
201,English Proficiency (Spoken)
201,English Proficiency (Written)
202,Negotiation
202,Digital Marketing
202,Market research
202,Marketing Strategies
203,MS-Excel
203,English Proficiency (Spoken)
203,English Proficiency (Written)
203,Presentation skills
203,Kannada Proficiency (Spoken)
203,Interpersonal skills
203,Effective Communication
204,Legal Research
204,Company Law
204,Legal Drafting
204,Statutory compliances
204,Legal Writing
204,Contract Management
205,MS-Office
205,MS-Excel
205,English Proficiency (Spoken)
205,English Proficiency (Written)
205,Accounting
205,Tally
206,MS-Office
206,MS-Excel
206,Effective Communication
206,MS-PowerPoint
207,Effective Communication
207,Leadership
207,Team Management
207,E-commerce
207,Data Analytics
207,Mentorship
207,B2B Sales
207,Sales
208,English Proficiency (Spoken)
208,Lead Generation
208,Sales Management
208,Sales
209,English Proficiency (Spoken)
209,Negotiation
209,Effective Communication
209,Sales
209,Problem Solving
210,English Proficiency (Spoken)
210,Negotiation
210,Effective Communication
210,Sales
210,Problem Solving
211,Sales Management
211,Sales
212,Accounting
214,Negotiation
214,Digital Marketing
215,MS-Excel
215,English Proficiency (Spoken)
215,Presentation skills
215,Effective Communication
215,Sales
216,Effective Communication
217,MS-Office
217,MS-Excel
217,English Proficiency (Spoken)
217,English Proficiency (Written)
218,Sales
219,MS-Excel
219,English Proficiency (Spoken)
219,English Proficiency (Written)
219,Effective Communication
219,Sales
220,English Proficiency (Spoken)
220,English Proficiency (Written)
220,Interpersonal skills
221,English Proficiency (Spoken)
221,English Proficiency (Written)
221,Effective Communication
222,Effective Communication
222,Problem Solving
224,MS-Office
224,MS-Excel
224,English Proficiency (Spoken)
224,English Proficiency (Written)
225,Sales
226,MS-Excel
226,MS-PowerPoint
227,Sales
230,English Proficiency (Spoken)
230,English Proficiency (Written)
232,Lead Generation
232,Sales
233,Effective Communication
233,Sales
234,MS-Excel
234,Data entry
234,Data Analytics
237,MS-Excel
237,English Proficiency (Spoken)
238,MS-Excel
238,English Proficiency (Written)
239,English Proficiency (Spoken)
239,English Proficiency (Written)
241,Effective Communication
242,Sales
243,MS-Office
243,MS-Excel
243,English Proficiency (Spoken)
244,MS-Office
245,Negotiation
245,Sales Management
245,Sales
246,Effective Communication
247,English Proficiency (Spoken)
247,Effective Communication
248,English Proficiency (Spoken)
248,English Proficiency (Written)
249,MS-Excel
249,English Proficiency (Written)
250,English Proficiency (Written)
251,MS-Office
251,MS-Excel
251,Data entry
251,English Proficiency (Spoken)
251,English Proficiency (Written)
252,Negotiation
252,Digital Marketing
252,Market research
252,Marketing Strategies
253,MS-Excel
253,English Proficiency (Spoken)
253,English Proficiency (Written)
253,Presentation skills
253,Kannada Proficiency (Spoken)
253,Interpersonal skills
253,Effective Communication
254,Legal Research
254,Company Law
254,Legal Drafting
254,Statutory compliances
254,Legal Writing
254,Contract Management
255,MS-Office
255,MS-Excel
255,English Proficiency (Spoken)
255,English Proficiency (Written)
255,Accounting
255,Tally
256,MS-Office
256,MS-Excel
256,Effective Communication
256,MS-PowerPoint
257,Effective Communication
257,Leadership
257,Team Management
257,E-commerce
257,Data Analytics
257,Mentorship
257,B2B Sales
257,Sales
258,English Proficiency (Spoken)
258,Lead Generation
258,Sales Management
258,Sales
259,English Proficiency (Spoken)
259,Negotiation
259,Effective Communication
259,Sales
259,Problem Solving
260,English Proficiency (Spoken)
260,Negotiation
260,Effective Communication
260,Sales
260,Problem Solving
261,Sales Management
261,Sales
262,Accounting
264,Negotiation
264,Digital Marketing
265,MS-Excel
265,English Proficiency (Spoken)
265,Presentation skills
265,Effective Communication
265,Sales
266,Effective Communication
267,MS-Office
267,MS-Excel
267,English Proficiency (Spoken)
267,English Proficiency (Written)
268,Sales
269,MS-Excel
269,English Proficiency (Spoken)
269,English Proficiency (Written)
269,Effective Communication
269,Sales
270,English Proficiency (Spoken)
270,English Proficiency (Written)
270,Interpersonal skills
271,English Proficiency (Spoken)
271,English Proficiency (Written)
271,Effective Communication
272,Effective Communication
272,Problem Solving
274,MS-Office
274,MS-Excel
274,English Proficiency (Spoken)
274,English Proficiency (Written)
275,Sales
276,MS-Excel
276,MS-PowerPoint
277,Sales
280,English Proficiency (Spoken)
280,English Proficiency (Written)
282,Lead Generation
282,Sales
283,Effective Communication
283,Sales
284,MS-Excel
284,Data entry
284,Data Analytics
287,MS-Excel
287,English Proficiency (Spoken)
288,MS-Excel
288,English Proficiency (Written)
289,English Proficiency (Spoken)
289,English Proficiency (Written)
291,Effective Communication
292,Sales
293,MS-Office
293,MS-Excel
293,English Proficiency (Spoken)
294,MS-Office
295,Negotiation
295,Sales Management
295,Sales
296,Effective Communication
297,English Proficiency (Spoken)
297,Effective Communication
298,English Proficiency (Spoken)
298,English Proficiency (Written)
299,MS-Excel
299,English Proficiency (Written)
300,English Proficiency (Written)
301,MS-Office
301,MS-Excel
301,Data entry
301,English Proficiency (Spoken)
301,English Proficiency (Written)
302,Negotiation
302,Digital Marketing
302,Market research
302,Marketing Strategies
303,MS-Excel
303,English Proficiency (Spoken)
303,English Proficiency (Written)
303,Presentation skills
303,Kannada Proficiency (Spoken)
303,Interpersonal skills
303,Effective Communication
304,Legal Research
304,Company Law
304,Legal Drafting
304,Statutory compliances
304,Legal Writing
304,Contract Management
305,MS-Office
305,MS-Excel
305,English Proficiency (Spoken)
305,English Proficiency (Written)
305,Accounting
305,Tally
306,MS-Office
306,MS-Excel
306,Effective Communication
306,MS-PowerPoint
307,Effective Communication
307,Leadership
307,Team Management
307,E-commerce
307,Data Analytics
307,Mentorship
307,B2B Sales
307,Sales
308,English Proficiency (Spoken)
308,Lead Generation
308,Sales Management
308,Sales
309,English Proficiency (Spoken)
309,Negotiation
309,Effective Communication
309,Sales
309,Problem Solving
310,English Proficiency (Spoken)
310,Negotiation
310,Effective Communication
310,Sales
310,Problem Solving
311,Sales Management
311,Sales
312,Accounting
314,Negotiation
314,Digital Marketing
315,MS-Excel
315,English Proficiency (Spoken)
315,Presentation skills
315,Effective Communication
315,Sales
316,Effective Communication
317,MS-Office
317,MS-Excel
317,English Proficiency (Spoken)
317,English Proficiency (Written)
318,Sales
319,MS-Excel
319,English Proficiency (Spoken)
319,English Proficiency (Written)
319,Effective Communication
319,Sales
320,English Proficiency (Spoken)
320,English Proficiency (Written)
320,Interpersonal skills
321,English Proficiency (Spoken)
321,English Proficiency (Written)
321,Effective Communication
322,Effective Communication
322,Problem Solving
324,MS-Office
324,MS-Excel
324,English Proficiency (Spoken)
324,English Proficiency (Written)
325,Sales
326,MS-Excel
326,MS-PowerPoint
327,Sales
330,English Proficiency (Spoken)
330,English Proficiency (Written)
332,Lead Generation
332,Sales
333,Effective Communication
333,Sales
334,MS-Excel
334,Data entry
334,Data Analytics
337,MS-Excel
337,English Proficiency (Spoken)
338,MS-Excel
338,English Proficiency (Written)
339,English Proficiency (Spoken)
339,English Proficiency (Written)
341,Effective Communication
342,Sales
343,MS-Office
343,MS-Excel
343,English Proficiency (Spoken)
344,MS-Office
345,Negotiation
345,Sales Management
345,Sales
346,Effective Communication
347,English Proficiency (Spoken)
347,Effective Communication
348,English Proficiency (Spoken)
348,English Proficiency (Written)
349,MS-Excel
349,English Proficiency (Written)
350,English Proficiency (Written)
351,MS-Office
351,MS-Excel
351,Data entry
351,English Proficiency (Spoken)
351,English Proficiency (Written)
352,Negotiation
352,Digital Marketing
352,Market research
352,Marketing Strategies
353,MS-Excel
353,English Proficiency (Spoken)
353,English Proficiency (Written)
353,Presentation skills
353,Kannada Proficiency (Spoken)
353,Interpersonal skills
353,Effective Communication
354,Legal Research
354,Company Law
354,Legal Drafting
354,Statutory compliances
354,Legal Writing
354,Contract Management
355,MS-Office
355,MS-Excel
355,English Proficiency (Spoken)
355,English Proficiency (Written)
355,Accounting
355,Tally
356,MS-Office
356,MS-Excel
356,Effective Communication
356,MS-PowerPoint
357,Effective Communication
357,Leadership
357,Team Management
357,E-commerce
357,Data Analytics
357,Mentorship
357,B2B Sales
357,Sales
358,English Proficiency (Spoken)
358,Lead Generation
358,Sales Management
358,Sales
359,English Proficiency (Spoken)
359,Negotiation
359,Effective Communication
359,Sales
359,Problem Solving
360,English Proficiency (Spoken)
360,Negotiation
360,Effective Communication
360,Sales
360,Problem Solving
361,Sales Management
361,Sales
362,Accounting
364,Negotiation
364,Digital Marketing
365,MS-Excel
365,English Proficiency (Spoken)
365,Presentation skills
365,Effective Communication
365,Sales
366,Effective Communication
367,MS-Office
367,MS-Excel
367,English Proficiency (Spoken)
367,English Proficiency (Written)
368,Sales
369,MS-Excel
369,English Proficiency (Spoken)
369,English Proficiency (Written)
369,Effective Communication
369,Sales
370,English Proficiency (Spoken)
370,English Proficiency (Written)
370,Interpersonal skills
371,English Proficiency (Spoken)
371,English Proficiency (Written)
371,Effective Communication
372,Effective Communication
372,Problem Solving
374,MS-Office
374,MS-Excel
374,English Proficiency (Spoken)
374,English Proficiency (Written)
375,Sales
376,MS-Excel
376,MS-PowerPoint
377,Sales
380,English Proficiency (Spoken)
380,English Proficiency (Written)
382,Lead Generation
382,Sales
383,Effective Communication
383,Sales
384,MS-Excel
384,Data entry
384,Data Analytics
387,MS-Excel
387,English Proficiency (Spoken)
388,MS-Excel
388,English Proficiency (Written)
389,English Proficiency (Spoken)
389,English Proficiency (Written)
391,Effective Communication
392,Sales
393,MS-Office
393,MS-Excel
393,English Proficiency (Spoken)
394,MS-Office
395,Negotiation
395,Sales Management
395,Sales
396,Effective Communication
397,English Proficiency (Spoken)
397,Effective Communication
398,English Proficiency (Spoken)
398,English Proficiency (Written)
399,MS-Excel
399,English Proficiency (Written)
400,English Proficiency (Written)
401,MS-Office
401,MS-Excel
401,Data entry
401,English Proficiency (Spoken)
401,English Proficiency (Written)
402,Negotiation
402,Digital Marketing
402,Market research
402,Marketing Strategies
403,MS-Excel
403,English Proficiency (Spoken)
403,English Proficiency (Written)
403,Presentation skills
403,Kannada Proficiency (Spoken)
403,Interpersonal skills
403,Effective Communication
404,Legal Research
404,Company Law
404,Legal Drafting
404,Statutory compliances
404,Legal Writing
404,Contract Management
405,MS-Office
405,MS-Excel
405,English Proficiency (Spoken)
405,English Proficiency (Written)
405,Accounting
405,Tally
406,MS-Office
406,MS-Excel
406,Effective Communication
406,MS-PowerPoint
407,Effective Communication
407,Leadership
407,Team Management
407,E-commerce
407,Data Analytics
407,Mentorship
407,B2B Sales
407,Sales
408,English Proficiency (Spoken)
408,Lead Generation
408,Sales Management
408,Sales
409,English Proficiency (Spoken)
409,Negotiation
409,Effective Communication
409,Sales
409,Problem Solving
410,English Proficiency (Spoken)
410,Negotiation
410,Effective Communication
410,Sales
410,Problem Solving
411,Sales Management
411,Sales
412,Accounting
414,Negotiation
414,Digital Marketing
415,MS-Excel
415,English Proficiency (Spoken)
415,Presentation skills
415,Effective Communication
415,Sales
416,Effective Communication
417,MS-Office
417,MS-Excel
417,English Proficiency (Spoken)
417,English Proficiency (Written)
418,Sales
419,MS-Excel
419,English Proficiency (Spoken)
419,English Proficiency (Written)
419,Effective Communication
419,Sales
420,English Proficiency (Spoken)
420,English Proficiency (Written)
420,Interpersonal skills
421,English Proficiency (Spoken)
421,English Proficiency (Written)
421,Effective Communication
422,Effective Communication
422,Problem Solving
424,MS-Office
424,MS-Excel
424,English Proficiency (Spoken)
424,English Proficiency (Written)
425,Sales
426,MS-Excel
426,MS-PowerPoint
427,Sales
430,English Proficiency (Spoken)
430,English Proficiency (Written)
432,Lead Generation
432,Sales
433,Effective Communication
433,Sales
434,MS-Excel
434,Data entry
434,Data Analytics
437,MS-Excel
437,English Proficiency (Spoken)
438,MS-Excel
438,English Proficiency (Written)
439,English Proficiency (Spoken)
439,English Proficiency (Written)
441,Effective Communication
442,Sales
443,MS-Office
443,MS-Excel
443,English Proficiency (Spoken)
444,MS-Office
445,Negotiation
445,Sales Management
445,Sales
446,Effective Communication
447,English Proficiency (Spoken)
447,Effective Communication
448,English Proficiency (Spoken)
448,English Proficiency (Written)
449,MS-Excel
449,English Proficiency (Written)
450,English Proficiency (Written)
451,MS-Office
451,MS-Excel
451,Data entry
451,English Proficiency (Spoken)
451,English Proficiency (Written)
452,Negotiation
452,Digital Marketing
452,Market research
452,Marketing Strategies
453,MS-Excel
453,English Proficiency (Spoken)
453,English Proficiency (Written)
453,Presentation skills
453,Kannada Proficiency (Spoken)
453,Interpersonal skills
453,Effective Communication
454,Legal Research
454,Company Law
454,Legal Drafting
454,Statutory compliances
454,Legal Writing
454,Contract Management
455,MS-Office
455,MS-Excel
455,English Proficiency (Spoken)
455,English Proficiency (Written)
455,Accounting
455,Tally
456,MS-Office
456,MS-Excel
456,Effective Communication
456,MS-PowerPoint
457,Effective Communication
457,Leadership
457,Team Management
457,E-commerce
457,Data Analytics
457,Mentorship
457,B2B Sales
457,Sales
458,English Proficiency (Spoken)
458,Lead Generation
458,Sales Management
458,Sales
459,English Proficiency (Spoken)
459,Negotiation
459,Effective Communication
459,Sales
459,Problem Solving
460,English Proficiency (Spoken)
460,Negotiation
460,Effective Communication
460,Sales
460,Problem Solving
461,Sales Management
461,Sales
462,Accounting
464,Negotiation
464,Digital Marketing
465,MS-Excel
465,English Proficiency (Spoken)
465,Presentation skills
465,Effective Communication
465,Sales
466,Effective Communication
467,MS-Office
467,MS-Excel
467,English Proficiency (Spoken)
467,English Proficiency (Written)
468,Sales
469,MS-Excel
469,English Proficiency (Spoken)
469,English Proficiency (Written)
469,Effective Communication
469,Sales
470,English Proficiency (Spoken)
470,English Proficiency (Written)
470,Interpersonal skills
471,English Proficiency (Spoken)
471,English Proficiency (Written)
471,Effective Communication
472,Effective Communication
472,Problem Solving
474,MS-Office
474,MS-Excel
474,English Proficiency (Spoken)
474,English Proficiency (Written)
475,Sales
476,MS-Excel
476,MS-PowerPoint
477,Sales
480,English Proficiency (Spoken)
480,English Proficiency (Written)
482,Lead Generation
482,Sales
483,Effective Communication
483,Sales
484,MS-Excel
484,Data entry
484,Data Analytics
487,MS-Excel
487,English Proficiency (Spoken)
488,MS-Excel
488,English Proficiency (Written)
489,English Proficiency (Spoken)
489,English Proficiency (Written)
491,Effective Communication
492,Sales
493,MS-Office
493,MS-Excel
493,English Proficiency (Spoken)
494,MS-Office
495,Negotiation
495,Sales Management
495,Sales
496,Effective Communication
497,English Proficiency (Spoken)
497,Effective Communication
498,English Proficiency (Spoken)
498,English Proficiency (Written)
499,MS-Excel
499,English Proficiency (Written)
500,English Proficiency (Written)
501,MS-Office
501,MS-Excel
501,Data entry
501,English Proficiency (Spoken)
501,English Proficiency (Written)
502,Negotiation
502,Digital Marketing
502,Market research
502,Marketing Strategies
503,MS-Excel
503,English Proficiency (Spoken)
503,English Proficiency (Written)
503,Presentation skills
503,Kannada Proficiency (Spoken)
503,Interpersonal skills
503,Effective Communication
504,Legal Research
504,Company Law
504,Legal Drafting
504,Statutory compliances
504,Legal Writing
504,Contract Management
505,MS-Office
505,MS-Excel
505,English Proficiency (Spoken)
505,English Proficiency (Written)
505,Accounting
505,Tally
506,MS-Office
506,MS-Excel
506,Effective Communication
506,MS-PowerPoint
507,Effective Communication
507,Leadership
507,Team Management
507,E-commerce
507,Data Analytics
507,Mentorship
507,B2B Sales
507,Sales
508,English Proficiency (Spoken)
508,Lead Generation
508,Sales Management
508,Sales
509,English Proficiency (Spoken)
509,Negotiation
509,Effective Communication
509,Sales
509,Problem Solving
510,English Proficiency (Spoken)
510,Negotiation
510,Effective Communication
510,Sales
510,Problem Solving
511,Sales Management
511,Sales
512,Accounting
514,Negotiation
514,Digital Marketing
515,MS-Excel
515,English Proficiency (Spoken)
515,Presentation skills
515,Effective Communication
515,Sales
516,Effective Communication
517,MS-Office
517,MS-Excel
517,English Proficiency (Spoken)
517,English Proficiency (Written)
518,Sales
519,MS-Excel
519,English Proficiency (Spoken)
519,English Proficiency (Written)
519,Effective Communication
519,Sales
520,English Proficiency (Spoken)
520,English Proficiency (Written)
520,Interpersonal skills
521,English Proficiency (Spoken)
521,English Proficiency (Written)
521,Effective Communication
522,Effective Communication
522,Problem Solving
524,MS-Office
524,MS-Excel
524,English Proficiency (Spoken)
524,English Proficiency (Written)
525,Sales
526,MS-Excel
526,MS-PowerPoint
527,Sales
530,English Proficiency (Spoken)
530,English Proficiency (Written)
532,Lead Generation
532,Sales
533,Effective Communication
533,Sales
534,MS-Excel
534,Data entry
534,Data Analytics
537,MS-Excel
537,English Proficiency (Spoken)
538,MS-Excel
538,English Proficiency (Written)
539,English Proficiency (Spoken)
539,English Proficiency (Written)
541,Effective Communication
542,Sales
543,MS-Office
543,MS-Excel
543,English Proficiency (Spoken)
544,MS-Office
545,Negotiation
545,Sales Management
545,Sales
546,Effective Communication
547,English Proficiency (Spoken)
547,Effective Communication
548,English Proficiency (Spoken)
548,English Proficiency (Written)
549,MS-Excel
549,English Proficiency (Written)
550,English Proficiency (Written)
551,MS-Office
551,MS-Excel
551,Data entry
551,English Proficiency (Spoken)
551,English Proficiency (Written)
552,Negotiation
552,Digital Marketing
552,Market research
552,Marketing Strategies
553,MS-Excel
553,English Proficiency (Spoken)
553,English Proficiency (Written)
553,Presentation skills
553,Kannada Proficiency (Spoken)
553,Interpersonal skills
553,Effective Communication
554,Legal Research
554,Company Law
554,Legal Drafting
554,Statutory compliances
554,Legal Writing
554,Contract Management
555,MS-Office
555,MS-Excel
555,English Proficiency (Spoken)
555,English Proficiency (Written)
555,Accounting
555,Tally
556,MS-Office
556,MS-Excel
556,Effective Communication
556,MS-PowerPoint
557,Effective Communication
557,Leadership
557,Team Management
557,E-commerce
557,Data Analytics
557,Mentorship
557,B2B Sales
557,Sales
558,English Proficiency (Spoken)
558,Lead Generation
558,Sales Management
558,Sales
559,English Proficiency (Spoken)
559,Negotiation
559,Effective Communication
559,Sales
559,Problem Solving
560,English Proficiency (Spoken)
560,Negotiation
560,Effective Communication
560,Sales
560,Problem Solving
561,Sales Management
561,Sales
562,Accounting
564,Negotiation
564,Digital Marketing
565,MS-Excel
565,English Proficiency (Spoken)
565,Presentation skills
565,Effective Communication
565,Sales
566,Effective Communication
567,MS-Office
567,MS-Excel
567,English Proficiency (Spoken)
567,English Proficiency (Written)
568,Sales
569,MS-Excel
569,English Proficiency (Spoken)
569,English Proficiency (Written)
569,Effective Communication
569,Sales
570,English Proficiency (Spoken)
570,English Proficiency (Written)
570,Interpersonal skills
571,English Proficiency (Spoken)
571,English Proficiency (Written)
571,Effective Communication
572,Effective Communication
572,Problem Solving
574,MS-Office
574,MS-Excel
574,English Proficiency (Spoken)
574,English Proficiency (Written)
575,Sales
576,MS-Excel
576,MS-PowerPoint
577,Sales
580,English Proficiency (Spoken)
580,English Proficiency (Written)
582,Lead Generation
582,Sales
583,Effective Communication
583,Sales
584,MS-Excel
584,Data entry
584,Data Analytics
587,MS-Excel
587,English Proficiency (Spoken)
588,MS-Excel
588,English Proficiency (Written)
589,English Proficiency (Spoken)
589,English Proficiency (Written)
591,Effective Communication
592,Sales
593,MS-Office
593,MS-Excel
593,English Proficiency (Spoken)
594,MS-Office
595,Negotiation
595,Sales Management
595,Sales
596,Effective Communication
597,English Proficiency (Spoken)
597,Effective Communication
598,English Proficiency (Spoken)
598,English Proficiency (Written)
599,MS-Excel
599,English Proficiency (Written)
600,English Proficiency (Written)
601,MS-Office
601,MS-Excel
601,Data entry
601,English Proficiency (Spoken)
601,English Proficiency (Written)
602,Negotiation
602,Digital Marketing
602,Market research
602,Marketing Strategies
603,MS-Excel
603,English Proficiency (Spoken)
603,English Proficiency (Written)
603,Presentation skills
603,Kannada Proficiency (Spoken)
603,Interpersonal skills
603,Effective Communication
604,Legal Research
604,Company Law
604,Legal Drafting
604,Statutory compliances
604,Legal Writing
604,Contract Management
605,MS-Office
605,MS-Excel
605,English Proficiency (Spoken)
605,English Proficiency (Written)
605,Accounting
605,Tally
606,MS-Office
606,MS-Excel
606,Effective Communication
606,MS-PowerPoint
607,Effective Communication
607,Leadership
607,Team Management
607,E-commerce
607,Data Analytics
607,Mentorship
607,B2B Sales
607,Sales
608,English Proficiency (Spoken)
608,Lead Generation
608,Sales Management
608,Sales
609,English Proficiency (Spoken)
609,Negotiation
609,Effective Communication
609,Sales
609,Problem Solving
610,English Proficiency (Spoken)
610,Negotiation
610,Effective Communication
610,Sales
610,Problem Solving
611,Sales Management
611,Sales
612,Accounting
614,Negotiation
614,Digital Marketing
615,MS-Excel
615,English Proficiency (Spoken)
615,Presentation skills
615,Effective Communication
615,Sales
616,Effective Communication
617,MS-Office
617,MS-Excel
617,English Proficiency (Spoken)
617,English Proficiency (Written)
618,Sales
619,MS-Excel
619,English Proficiency (Spoken)
619,English Proficiency (Written)
619,Effective Communication
619,Sales
620,English Proficiency (Spoken)
620,English Proficiency (Written)
620,Interpersonal skills
621,English Proficiency (Spoken)
621,English Proficiency (Written)
621,Effective Communication
622,Effective Communication
622,Problem Solving
624,MS-Office
624,MS-Excel
624,English Proficiency (Spoken)
624,English Proficiency (Written)
625,Sales
626,MS-Excel
626,MS-PowerPoint
627,Sales
630,English Proficiency (Spoken)
630,English Proficiency (Written)
632,Lead Generation
632,Sales
633,Effective Communication
633,Sales
634,MS-Excel
634,Data entry
634,Data Analytics
637,MS-Excel
637,English Proficiency (Spoken)
638,MS-Excel
638,English Proficiency (Written)
639,English Proficiency (Spoken)
639,English Proficiency (Written)
641,Effective Communication
642,Sales
643,MS-Office
643,MS-Excel
643,English Proficiency (Spoken)
644,MS-Office
645,Negotiation
645,Sales Management
645,Sales
646,Effective Communication
647,English Proficiency (Spoken)
647,Effective Communication
648,English Proficiency (Spoken)
648,English Proficiency (Written)
649,MS-Excel
649,English Proficiency (Written)
650,English Proficiency (Written)
651,MS-Office
651,MS-Excel
651,Data entry
651,English Proficiency (Spoken)
651,English Proficiency (Written)
652,Negotiation
652,Digital Marketing
652,Market research
652,Marketing Strategies
653,MS-Excel
653,English Proficiency (Spoken)
653,English Proficiency (Written)
653,Presentation skills
653,Kannada Proficiency (Spoken)
653,Interpersonal skills
653,Effective Communication
654,Legal Research
654,Company Law
654,Legal Drafting
654,Statutory compliances
654,Legal Writing
654,Contract Management
655,MS-Office
655,MS-Excel
655,English Proficiency (Spoken)
655,English Proficiency (Written)
655,Accounting
655,Tally
656,MS-Office
656,MS-Excel
656,Effective Communication
656,MS-PowerPoint
657,Effective Communication
657,Leadership
657,Team Management
657,E-commerce
657,Data Analytics
657,Mentorship
657,B2B Sales
657,Sales
658,English Proficiency (Spoken)
658,Lead Generation
658,Sales Management
658,Sales
659,English Proficiency (Spoken)
659,Negotiation
659,Effective Communication
659,Sales
659,Problem Solving
660,English Proficiency (Spoken)
660,Negotiation
660,Effective Communication
660,Sales
660,Problem Solving
661,Sales Management
661,Sales
662,Accounting
664,Negotiation
664,Digital Marketing
665,MS-Excel
665,English Proficiency (Spoken)
665,Presentation skills
665,Effective Communication
665,Sales
666,Effective Communication
667,MS-Office
667,MS-Excel
667,English Proficiency (Spoken)
667,English Proficiency (Written)
668,Sales
669,MS-Excel
669,English Proficiency (Spoken)
669,English Proficiency (Written)
669,Effective Communication
669,Sales
670,English Proficiency (Spoken)
670,English Proficiency (Written)
670,Interpersonal skills
671,English Proficiency (Spoken)
671,English Proficiency (Written)
671,Effective Communication
672,Effective Communication
672,Problem Solving
674,MS-Office
674,MS-Excel
674,English Proficiency (Spoken)
674,English Proficiency (Written)
675,Sales
676,MS-Excel
676,MS-PowerPoint
677,Sales
680,English Proficiency (Spoken)
680,English Proficiency (Written)
682,Lead Generation
682,Sales
683,Effective Communication
683,Sales
684,MS-Excel
684,Data entry
684,Data Analytics
687,MS-Excel
687,English Proficiency (Spoken)
688,MS-Excel
688,English Proficiency (Written)
689,English Proficiency (Spoken)
689,English Proficiency (Written)
691,Effective Communication
692,Sales
693,MS-Office
693,MS-Excel
693,English Proficiency (Spoken)
694,MS-Office
695,Negotiation
695,Sales Management
695,Sales
696,Effective Communication
697,English Proficiency (Spoken)
697,Effective Communication
698,English Proficiency (Spoken)
698,English Proficiency (Written)
699,MS-Excel
699,English Proficiency (Written)
700,English Proficiency (Written)
701,MS-Office
701,MS-Excel
701,Data entry
701,English Proficiency (Spoken)
701,English Proficiency (Written)
702,Negotiation
702,Digital Marketing
702,Market research
702,Marketing Strategies
703,MS-Excel
703,English Proficiency (Spoken)
703,English Proficiency (Written)
703,Presentation skills
703,Kannada Proficiency (Spoken)
703,Interpersonal skills
703,Effective Communication
704,Legal Research
704,Company Law
704,Legal Drafting
704,Statutory compliances
704,Legal Writing
704,Contract Management
705,MS-Office
705,MS-Excel
705,English Proficiency (Spoken)
705,English Proficiency (Written)
705,Accounting
705,Tally
706,MS-Office
706,MS-Excel
706,Effective Communication
706,MS-PowerPoint
707,Effective Communication
707,Leadership
707,Team Management
707,E-commerce
707,Data Analytics
707,Mentorship
707,B2B Sales
707,Sales
708,English Proficiency (Spoken)
708,Lead Generation
708,Sales Management
708,Sales
709,English Proficiency (Spoken)
709,Negotiation
709,Effective Communication
709,Sales
709,Problem Solving
710,English Proficiency (Spoken)
710,Negotiation
710,Effective Communication
710,Sales
710,Problem Solving
711,Sales Management
711,Sales
712,Accounting
714,Negotiation
714,Digital Marketing
715,MS-Excel
715,English Proficiency (Spoken)
715,Presentation skills
715,Effective Communication
715,Sales
716,Effective Communication
717,MS-Office
717,MS-Excel
717,English Proficiency (Spoken)
717,English Proficiency (Written)
718,Sales
719,MS-Excel
719,English Proficiency (Spoken)
719,English Proficiency (Written)
719,Effective Communication
719,Sales
720,English Proficiency (Spoken)
720,English Proficiency (Written)
720,Interpersonal skills
721,English Proficiency (Spoken)
721,English Proficiency (Written)
721,Effective Communication
722,Effective Communication
722,Problem Solving
724,MS-Office
724,MS-Excel
724,English Proficiency (Spoken)
724,English Proficiency (Written)
725,Sales
726,MS-Excel
726,MS-PowerPoint
727,Sales
730,English Proficiency (Spoken)
730,English Proficiency (Written)
732,Lead Generation
732,Sales
733,Effective Communication
733,Sales
734,MS-Excel
734,Data entry
734,Data Analytics
737,MS-Excel
737,English Proficiency (Spoken)
738,MS-Excel
738,English Proficiency (Written)
739,English Proficiency (Spoken)
739,English Proficiency (Written)
741,Effective Communication
742,Sales
743,MS-Office
743,MS-Excel
743,English Proficiency (Spoken)
744,MS-Office
745,Negotiation
745,Sales Management
745,Sales
746,Effective Communication
747,English Proficiency (Spoken)
747,Effective Communication
748,English Proficiency (Spoken)
748,English Proficiency (Written)
749,MS-Excel
749,English Proficiency (Written)
750,English Proficiency (Written)
751,MS-Office
751,MS-Excel
751,Data entry
751,English Proficiency (Spoken)
751,English Proficiency (Written)
752,Negotiation
752,Digital Marketing
752,Market research
752,Marketing Strategies
753,MS-Excel
753,English Proficiency (Spoken)
753,English Proficiency (Written)
753,Presentation skills
753,Kannada Proficiency (Spoken)
753,Interpersonal skills
753,Effective Communication
754,Legal Research
754,Company Law
754,Legal Drafting
754,Statutory compliances
754,Legal Writing
754,Contract Management
755,MS-Office
755,MS-Excel
755,English Proficiency (Spoken)
755,English Proficiency (Written)
755,Accounting
755,Tally
756,MS-Office
756,MS-Excel
756,Effective Communication
756,MS-PowerPoint
757,Effective Communication
757,Leadership
757,Team Management
757,E-commerce
757,Data Analytics
757,Mentorship
757,B2B Sales
757,Sales
758,English Proficiency (Spoken)
758,Lead Generation
758,Sales Management
758,Sales
759,English Proficiency (Spoken)
759,Negotiation
759,Effective Communication
759,Sales
759,Problem Solving
760,English Proficiency (Spoken)
760,Negotiation
760,Effective Communication
760,Sales
760,Problem Solving
761,Sales Management
761,Sales
762,Accounting
764,Negotiation
764,Digital Marketing
765,MS-Excel
765,English Proficiency (Spoken)
765,Presentation skills
765,Effective Communication
765,Sales
766,Effective Communication
767,MS-Office
767,MS-Excel
767,English Proficiency (Spoken)
767,English Proficiency (Written)
768,Sales
769,MS-Excel
769,English Proficiency (Spoken)
769,English Proficiency (Written)
769,Effective Communication
769,Sales
770,English Proficiency (Spoken)
770,English Proficiency (Written)
770,Interpersonal skills
771,English Proficiency (Spoken)
771,English Proficiency (Written)
771,Effective Communication
772,Effective Communication
772,Problem Solving
774,MS-Office
774,MS-Excel
774,English Proficiency (Spoken)
774,English Proficiency (Written)
775,Sales
776,MS-Excel
776,MS-PowerPoint
777,Sales
780,English Proficiency (Spoken)
780,English Proficiency (Written)
782,Lead Generation
782,Sales
783,Effective Communication
783,Sales
784,MS-Excel
784,Data entry
784,Data Analytics
787,MS-Excel
787,English Proficiency (Spoken)
788,MS-Excel
788,English Proficiency (Written)
789,English Proficiency (Spoken)
789,English Proficiency (Written)
791,Effective Communication
792,Sales
793,MS-Office
793,MS-Excel
793,English Proficiency (Spoken)
794,MS-Office
795,Negotiation
795,Sales Management
795,Sales
796,Effective Communication
797,English Proficiency (Spoken)
797,Effective Communication
798,English Proficiency (Spoken)
798,English Proficiency (Written)
799,MS-Excel
799,English Proficiency (Written)
800,English Proficiency (Written)
801,MS-Office
801,MS-Excel
801,Data entry
801,English Proficiency (Spoken)
801,English Proficiency (Written)
802,Negotiation
802,Digital Marketing
802,Market research
802,Marketing Strategies
803,MS-Excel
803,English Proficiency (Spoken)
803,English Proficiency (Written)
803,Presentation skills
803,Kannada Proficiency (Spoken)
803,Interpersonal skills
803,Effective Communication
804,Legal Research
804,Company Law
804,Legal Drafting
804,Statutory compliances
804,Legal Writing
804,Contract Management
805,MS-Office
805,MS-Excel
805,English Proficiency (Spoken)
805,English Proficiency (Written)
805,Accounting
805,Tally
806,MS-Office
806,MS-Excel
806,Effective Communication
806,MS-PowerPoint
807,Effective Communication
807,Leadership
807,Team Management
807,E-commerce
807,Data Analytics
807,Mentorship
807,B2B Sales
807,Sales
808,English Proficiency (Spoken)
808,Lead Generation
808,Sales Management
808,Sales
809,English Proficiency (Spoken)
809,Negotiation
809,Effective Communication
809,Sales
809,Problem Solving
810,English Proficiency (Spoken)
810,Negotiation
810,Effective Communication
810,Sales
810,Problem Solving
811,Sales Management
811,Sales
812,Accounting
814,Negotiation
814,Digital Marketing
815,MS-Excel
815,English Proficiency (Spoken)
815,Presentation skills
815,Effective Communication
815,Sales
816,Effective Communication
817,MS-Office
817,MS-Excel
817,English Proficiency (Spoken)
817,English Proficiency (Written)
818,Sales
819,MS-Excel
819,English Proficiency (Spoken)
819,English Proficiency (Written)
819,Effective Communication
819,Sales
820,English Proficiency (Spoken)
820,English Proficiency (Written)
820,Interpersonal skills
821,English Proficiency (Spoken)
821,English Proficiency (Written)
821,Effective Communication
822,Effective Communication
822,Problem Solving
824,MS-Office
824,MS-Excel
824,English Proficiency (Spoken)
824,English Proficiency (Written)
825,Sales
826,MS-Excel
826,MS-PowerPoint
827,Sales
830,English Proficiency (Spoken)
830,English Proficiency (Written)
832,Lead Generation
832,Sales
833,Effective Communication
833,Sales
834,MS-Excel
834,Data entry
834,Data Analytics
837,MS-Excel
837,English Proficiency (Spoken)
838,MS-Excel
838,English Proficiency (Written)
839,English Proficiency (Spoken)
839,English Proficiency (Written)
841,Effective Communication
842,Sales
843,MS-Office
843,MS-Excel
843,English Proficiency (Spoken)
844,MS-Office
845,Negotiation
845,Sales Management
845,Sales
846,Effective Communication
847,English Proficiency (Spoken)
847,Effective Communication
848,English Proficiency (Spoken)
848,English Proficiency (Written)
849,MS-Excel
849,English Proficiency (Written)
850,English Proficiency (Written)
851,MS-Office
851,MS-Excel
851,Data entry
851,English Proficiency (Spoken)
851,English Proficiency (Written)
852,Negotiation
852,Digital Marketing
852,Market research
852,Marketing Strategies
853,MS-Excel
853,English Proficiency (Spoken)
853,English Proficiency (Written)
853,Presentation skills
853,Kannada Proficiency (Spoken)
853,Interpersonal skills
853,Effective Communication
854,Legal Research
854,Company Law
854,Legal Drafting
854,Statutory compliances
854,Legal Writing
854,Contract Management
855,MS-Office
855,MS-Excel
855,English Proficiency (Spoken)
855,English Proficiency (Written)
855,Accounting
855,Tally
856,MS-Office
856,MS-Excel
856,Effective Communication
856,MS-PowerPoint
857,Effective Communication
857,Leadership
857,Team Management
857,E-commerce
857,Data Analytics
857,Mentorship
857,B2B Sales
857,Sales
858,English Proficiency (Spoken)
858,Lead Generation
858,Sales Management
858,Sales
859,English Proficiency (Spoken)
859,Negotiation
859,Effective Communication
859,Sales
859,Problem Solving
860,English Proficiency (Spoken)
860,Negotiation
860,Effective Communication
860,Sales
860,Problem Solving
861,Sales Management
861,Sales
862,Accounting
864,Negotiation
864,Digital Marketing
865,MS-Excel
865,English Proficiency (Spoken)
865,Presentation skills
865,Effective Communication
865,Sales
866,Effective Communication
867,MS-Office
867,MS-Excel
867,English Proficiency (Spoken)
867,English Proficiency (Written)
868,Sales
869,MS-Excel
869,English Proficiency (Spoken)
869,English Proficiency (Written)
869,Effective Communication
869,Sales
870,English Proficiency (Spoken)
870,English Proficiency (Written)
870,Interpersonal skills
871,English Proficiency (Spoken)
871,English Proficiency (Written)
871,Effective Communication
872,Effective Communication
872,Problem Solving
874,MS-Office
874,MS-Excel
874,English Proficiency (Spoken)
874,English Proficiency (Written)
875,Sales
876,MS-Excel
876,MS-PowerPoint
877,Sales
880,English Proficiency (Spoken)
880,English Proficiency (Written)
882,Lead Generation
882,Sales
883,Effective Communication
883,Sales
884,MS-Excel
884,Data entry
884,Data Analytics
887,MS-Excel
887,English Proficiency (Spoken)
888,MS-Excel
888,English Proficiency (Written)
889,English Proficiency (Spoken)
889,English Proficiency (Written)
891,Effective Communication
892,Sales
893,MS-Office
893,MS-Excel
893,English Proficiency (Spoken)
894,MS-Office
895,Negotiation
895,Sales Management
895,Sales
896,Effective Communication
897,English Proficiency (Spoken)
897,Effective Communication
898,English Proficiency (Spoken)
898,English Proficiency (Written)
899,MS-Excel
899,English Proficiency (Written)
900,English Proficiency (Written)
901,MS-Office
901,MS-Excel
901,Data entry
901,English Proficiency (Spoken)
901,English Proficiency (Written)
902,Negotiation
902,Digital Marketing
902,Market research
902,Marketing Strategies
903,MS-Excel
903,English Proficiency (Spoken)
903,English Proficiency (Written)
903,Presentation skills
903,Kannada Proficiency (Spoken)
903,Interpersonal skills
903,Effective Communication
904,Legal Research
904,Company Law
904,Legal Drafting
904,Statutory compliances
904,Legal Writing
904,Contract Management
905,MS-Office
905,MS-Excel
905,English Proficiency (Spoken)
905,English Proficiency (Written)
905,Accounting
905,Tally
906,MS-Office
906,MS-Excel
906,Effective Communication
906,MS-PowerPoint
907,Effective Communication
907,Leadership
907,Team Management
907,E-commerce
907,Data Analytics
907,Mentorship
907,B2B Sales
907,Sales
908,English Proficiency (Spoken)
908,Lead Generation
908,Sales Management
908,Sales
909,English Proficiency (Spoken)
909,Negotiation
909,Effective Communication
909,Sales
909,Problem Solving
910,English Proficiency (Spoken)
910,Negotiation
910,Effective Communication
910,Sales
910,Problem Solving
911,Sales Management
911,Sales
912,Accounting
914,Negotiation
914,Digital Marketing
915,MS-Excel
915,English Proficiency (Spoken)
915,Presentation skills
915,Effective Communication
915,Sales
916,Effective Communication
917,MS-Office
917,MS-Excel
917,English Proficiency (Spoken)
917,English Proficiency (Written)
918,Sales
919,MS-Excel
919,English Proficiency (Spoken)
919,English Proficiency (Written)
919,Effective Communication
919,Sales
920,English Proficiency (Spoken)
920,English Proficiency (Written)
920,Interpersonal skills
921,English Proficiency (Spoken)
921,English Proficiency (Written)
921,Effective Communication
922,Effective Communication
922,Problem Solving
924,MS-Office
924,MS-Excel
924,English Proficiency (Spoken)
924,English Proficiency (Written)
925,Sales
926,MS-Excel
926,MS-PowerPoint
927,Sales
930,English Proficiency (Spoken)
930,English Proficiency (Written)
932,Lead Generation
932,Sales
933,Effective Communication
933,Sales
934,MS-Excel
934,Data entry
934,Data Analytics
937,MS-Excel
937,English Proficiency (Spoken)
938,MS-Excel
938,English Proficiency (Written)
939,English Proficiency (Spoken)
939,English Proficiency (Written)
941,Effective Communication
942,Sales
943,MS-Office
943,MS-Excel
943,English Proficiency (Spoken)
944,MS-Office
945,Negotiation
945,Sales Management
945,Sales
946,Effective Communication
947,English Proficiency (Spoken)
947,Effective Communication
948,English Proficiency (Spoken)
948,English Proficiency (Written)
949,MS-Excel
949,English Proficiency (Written)
950,English Proficiency (Written)
951,MS-Office
951,MS-Excel
951,Data entry
951,English Proficiency (Spoken)
951,English Proficiency (Written)
952,Negotiation
952,Digital Marketing
952,Market research
952,Marketing Strategies
953,MS-Excel
953,English Proficiency (Spoken)
953,English Proficiency (Written)
953,Presentation skills
953,Kannada Proficiency (Spoken)
953,Interpersonal skills
953,Effective Communication
954,Legal Research
954,Company Law
954,Legal Drafting
954,Statutory compliances
954,Legal Writing
954,Contract Management
955,MS-Office
955,MS-Excel
955,English Proficiency (Spoken)
955,English Proficiency (Written)
955,Accounting
955,Tally
956,MS-Office
956,MS-Excel
956,Effective Communication
956,MS-PowerPoint
957,Effective Communication
957,Leadership
957,Team Management
957,E-commerce
957,Data Analytics
957,Mentorship
957,B2B Sales
957,Sales
958,English Proficiency (Spoken)
958,Lead Generation
958,Sales Management
958,Sales
959,English Proficiency (Spoken)
959,Negotiation
959,Effective Communication
959,Sales
959,Problem Solving
960,English Proficiency (Spoken)
960,Negotiation
960,Effective Communication
960,Sales
960,Problem Solving
961,Sales Management
961,Sales
962,Accounting
964,Negotiation
964,Digital Marketing
965,MS-Excel
965,English Proficiency (Spoken)
965,Presentation skills
965,Effective Communication
965,Sales
966,Effective Communication
967,MS-Office
967,MS-Excel
967,English Proficiency (Spoken)
967,English Proficiency (Written)
968,Sales
969,MS-Excel
969,English Proficiency (Spoken)
969,English Proficiency (Written)
969,Effective Communication
969,Sales
970,English Proficiency (Spoken)
970,English Proficiency (Written)
970,Interpersonal skills
971,English Proficiency (Spoken)
971,English Proficiency (Written)
971,Effective Communication
972,Effective Communication
972,Problem Solving
974,MS-Office
974,MS-Excel
974,English Proficiency (Spoken)
974,English Proficiency (Written)
975,Sales
976,MS-Excel
976,MS-PowerPoint
977,Sales
980,English Proficiency (Spoken)
980,English Proficiency (Written)
982,Lead Generation
982,Sales
983,Effective Communication
983,Sales
984,MS-Excel
984,Data entry
984,Data Analytics
987,MS-Excel
987,English Proficiency (Spoken)
988,MS-Excel
988,English Proficiency (Written)
989,English Proficiency (Spoken)
989,English Proficiency (Written)
991,Effective Communication
992,Sales
993,MS-Office
993,MS-Excel
993,English Proficiency (Spoken)
994,MS-Office
995,Negotiation
995,Sales Management
995,Sales
996,Effective Communication
997,English Proficiency (Spoken)
997,Effective Communication
998,English Proficiency (Spoken)
998,English Proficiency (Written)
999,MS-Excel
999,English Proficiency (Written)
1000,English Proficiency (Written)
1001,MS-Office
1001,MS-Excel
1001,Data entry
1001,English Proficiency (Spoken)
1001,English Proficiency (Written)
1002,Negotiation
1002,Digital Marketing
1002,Market research
1002,Marketing Strategies
1003,MS-Excel
1003,English Proficiency (Spoken)
1003,English Proficiency (Written)
1003,Presentation skills
1003,Kannada Proficiency (Spoken)
1003,Interpersonal skills
1003,Effective Communication
1004,Legal Research
1004,Company Law
1004,Legal Drafting
1004,Statutory compliances
1004,Legal Writing
1004,Contract Management
1005,MS-Office
1005,MS-Excel
1005,English Proficiency (Spoken)
1005,English Proficiency (Written)
1005,Accounting
1005,Tally
1006,MS-Office
1006,MS-Excel
1006,Effective Communication
1006,MS-PowerPoint
1007,Effective Communication
1007,Leadership
1007,Team Management
1007,E-commerce
1007,Data Analytics
1007,Mentorship
1007,B2B Sales
1007,Sales
1008,English Proficiency (Spoken)
1008,Lead Generation
1008,Sales Management
1008,Sales
1009,English Proficiency (Spoken)
1009,Negotiation
1009,Effective Communication
1009,Sales
1009,Problem Solving
1010,English Proficiency (Spoken)
1010,Negotiation
1010,Effective Communication
1010,Sales
1010,Problem Solving
1011,Sales Management
1011,Sales
1012,Accounting
1014,Negotiation
1014,Digital Marketing
1015,MS-Excel
1015,English Proficiency (Spoken)
1015,Presentation skills
1015,Effective Communication
1015,Sales
1016,Effective Communication
1017,MS-Office
1017,MS-Excel
1017,English Proficiency (Spoken)
1017,English Proficiency (Written)
1018,Sales
1019,MS-Excel
1019,English Proficiency (Spoken)
1019,English Proficiency (Written)
1019,Effective Communication
1019,Sales
1020,English Proficiency (Spoken)
1020,English Proficiency (Written)
1020,Interpersonal skills
1021,English Proficiency (Spoken)
1021,English Proficiency (Written)
1021,Effective Communication
1022,Effective Communication
1022,Problem Solving
1024,MS-Office
1024,MS-Excel
1024,English Proficiency (Spoken)
1024,English Proficiency (Written)
1025,Sales
1026,MS-Excel
1026,MS-PowerPoint
1027,Sales
1030,English Proficiency (Spoken)
1030,English Proficiency (Written)
1032,Lead Generation
1032,Sales
1033,Effective Communication
1033,Sales
1034,MS-Excel
1034,Data entry
1034,Data Analytics
1037,MS-Excel
1037,English Proficiency (Spoken)
1038,MS-Excel
1038,English Proficiency (Written)
1039,English Proficiency (Spoken)
1039,English Proficiency (Written)
1041,Effective Communication
1042,Sales
1043,MS-Office
1043,MS-Excel
1043,English Proficiency (Spoken)
1044,MS-Office
1045,Negotiation
1045,Sales Management
1045,Sales
1046,Effective Communication
1047,English Proficiency (Spoken)
1047,Effective Communication
1048,English Proficiency (Spoken)
1048,English Proficiency (Written)
1049,MS-Excel
1049,English Proficiency (Written)
1050,English Proficiency (Written)
1051,MS-Office
1051,MS-Excel
1051,Data entry
1051,English Proficiency (Spoken)
1051,English Proficiency (Written)
1052,Negotiation
1052,Digital Marketing
1052,Market research
1052,Marketing Strategies
1053,MS-Excel
1053,English Proficiency (Spoken)
1053,English Proficiency (Written)
1053,Presentation skills
1053,Kannada Proficiency (Spoken)
1053,Interpersonal skills
1053,Effective Communication
1054,Legal Research
1054,Company Law
1054,Legal Drafting
1054,Statutory compliances
1054,Legal Writing
1054,Contract Management
1055,MS-Office
1055,MS-Excel
1055,English Proficiency (Spoken)
1055,English Proficiency (Written)
1055,Accounting
1055,Tally
1056,MS-Office
1056,MS-Excel
1056,Effective Communication
1056,MS-PowerPoint
1057,Effective Communication
1057,Leadership
1057,Team Management
1057,E-commerce
1057,Data Analytics
1057,Mentorship
1057,B2B Sales
1057,Sales
1058,English Proficiency (Spoken)
1058,Lead Generation
1058,Sales Management
1058,Sales
1059,English Proficiency (Spoken)
1059,Negotiation
1059,Effective Communication
1059,Sales
1059,Problem Solving
1060,English Proficiency (Spoken)
1060,Negotiation
1060,Effective Communication
1060,Sales
1060,Problem Solving
1061,Sales Management
1061,Sales
1062,Accounting
1064,Negotiation
1064,Digital Marketing
1065,MS-Excel
1065,English Proficiency (Spoken)
1065,Presentation skills
1065,Effective Communication
1065,Sales
1066,Effective Communication
1067,MS-Office
1067,MS-Excel
1067,English Proficiency (Spoken)
1067,English Proficiency (Written)
1068,Sales
1069,MS-Excel
1069,English Proficiency (Spoken)
1069,English Proficiency (Written)
1069,Effective Communication
1069,Sales
1070,English Proficiency (Spoken)
1070,English Proficiency (Written)
1070,Interpersonal skills
1071,English Proficiency (Spoken)
1071,English Proficiency (Written)
1071,Effective Communication
1072,Effective Communication
1072,Problem Solving
1074,MS-Office
1074,MS-Excel
1074,English Proficiency (Spoken)
1074,English Proficiency (Written)
1075,Sales
1076,MS-Excel
1076,MS-PowerPoint
1077,Sales
1080,English Proficiency (Spoken)
1080,English Proficiency (Written)
1082,Lead Generation
1082,Sales
1083,Effective Communication
1083,Sales
1084,MS-Excel
1084,Data entry
1084,Data Analytics
1087,MS-Excel
1087,English Proficiency (Spoken)
1088,MS-Excel
1088,English Proficiency (Written)
1089,English Proficiency (Spoken)
1089,English Proficiency (Written)
1091,Effective Communication
1092,Sales
1093,MS-Office
1093,MS-Excel
1093,English Proficiency (Spoken)
1094,MS-Office
1095,Negotiation
1095,Sales Management
1095,Sales
1096,Effective Communication
1097,English Proficiency (Spoken)
1097,Effective Communication
1098,English Proficiency (Spoken)
1098,English Proficiency (Written)
1099,MS-Excel
1099,English Proficiency (Written)
1100,English Proficiency (Written)
1101,MS-Office
1101,MS-Excel
1101,Data entry
1101,English Proficiency (Spoken)
1101,English Proficiency (Written)
1102,Negotiation
1102,Digital Marketing
1102,Market research
1102,Marketing Strategies
1103,MS-Excel
1103,English Proficiency (Spoken)
1103,English Proficiency (Written)
1103,Presentation skills
1103,Kannada Proficiency (Spoken)
1103,Interpersonal skills
1103,Effective Communication
1104,Legal Research
1104,Company Law
1104,Legal Drafting
1104,Statutory compliances
1104,Legal Writing
1104,Contract Management
1105,MS-Office
1105,MS-Excel
1105,English Proficiency (Spoken)
1105,English Proficiency (Written)
1105,Accounting
1105,Tally
1106,MS-Office
1106,MS-Excel
1106,Effective Communication
1106,MS-PowerPoint
1107,Effective Communication
1107,Leadership
1107,Team Management
1107,E-commerce
1107,Data Analytics
1107,Mentorship
1107,B2B Sales
1107,Sales
1108,English Proficiency (Spoken)
1108,Lead Generation
1108,Sales Management
1108,Sales
1109,English Proficiency (Spoken)
1109,Negotiation
1109,Effective Communication
1109,Sales
1109,Problem Solving
1110,English Proficiency (Spoken)
1110,Negotiation
1110,Effective Communication
1110,Sales
1110,Problem Solving
1111,Sales Management
1111,Sales
1112,Accounting
1114,Negotiation
1114,Digital Marketing
1115,MS-Excel
1115,English Proficiency (Spoken)
1115,Presentation skills
1115,Effective Communication
1115,Sales
1116,Effective Communication
1117,MS-Office
1117,MS-Excel
1117,English Proficiency (Spoken)
1117,English Proficiency (Written)
1118,Sales
1119,MS-Excel
1119,English Proficiency (Spoken)
1119,English Proficiency (Written)
1119,Effective Communication
1119,Sales
1120,English Proficiency (Spoken)
1120,English Proficiency (Written)
1120,Interpersonal skills
1121,English Proficiency (Spoken)
1121,English Proficiency (Written)
1121,Effective Communication
1122,Effective Communication
1122,Problem Solving
1124,MS-Office
1124,MS-Excel
1124,English Proficiency (Spoken)
1124,English Proficiency (Written)
1125,Sales
1126,MS-Excel
1126,MS-PowerPoint
1127,Sales
1130,English Proficiency (Spoken)
1130,English Proficiency (Written)
1132,Lead Generation
1132,Sales
1133,Effective Communication
1133,Sales
1134,MS-Excel
1134,Data entry
1134,Data Analytics
1137,MS-Excel
1137,English Proficiency (Spoken)
1138,MS-Excel
1138,English Proficiency (Written)
1139,English Proficiency (Spoken)
1139,English Proficiency (Written)
1141,Effective Communication
1142,Sales
1143,MS-Office
1143,MS-Excel
1143,English Proficiency (Spoken)
1144,MS-Office
1145,Negotiation
1145,Sales Management
1145,Sales
1146,Effective Communication
1147,English Proficiency (Spoken)
1147,Effective Communication
1148,English Proficiency (Spoken)
1148,English Proficiency (Written)
1149,MS-Excel
1149,English Proficiency (Written)
1150,English Proficiency (Written)
1151,MS-Office
1151,MS-Excel
1151,Data entry
1151,English Proficiency (Spoken)
1151,English Proficiency (Written)
1152,Negotiation
1152,Digital Marketing
1152,Market research
1152,Marketing Strategies
1153,MS-Excel
1153,English Proficiency (Spoken)
1153,English Proficiency (Written)
1153,Presentation skills
1153,Kannada Proficiency (Spoken)
1153,Interpersonal skills
1153,Effective Communication
1154,Legal Research
1154,Company Law
1154,Legal Drafting
1154,Statutory compliances
1154,Legal Writing
1154,Contract Management
1155,MS-Office
1155,MS-Excel
1155,English Proficiency (Spoken)
1155,English Proficiency (Written)
1155,Accounting
1155,Tally
1156,MS-Office
1156,MS-Excel
1156,Effective Communication
1156,MS-PowerPoint
1157,Effective Communication
1157,Leadership
1157,Team Management
1157,E-commerce
1157,Data Analytics
1157,Mentorship
1157,B2B Sales
1157,Sales
1158,English Proficiency (Spoken)
1158,Lead Generation
1158,Sales Management
1158,Sales
1159,English Proficiency (Spoken)
1159,Negotiation
1159,Effective Communication
1159,Sales
1159,Problem Solving
1160,English Proficiency (Spoken)
1160,Negotiation
1160,Effective Communication
1160,Sales
1160,Problem Solving
1161,Sales Management
1161,Sales
1162,Accounting
1164,Negotiation
1164,Digital Marketing
1165,MS-Excel
1165,English Proficiency (Spoken)
1165,Presentation skills
1165,Effective Communication
1165,Sales
1166,Effective Communication
1167,MS-Office
1167,MS-Excel
1167,English Proficiency (Spoken)
1167,English Proficiency (Written)
1168,Sales
1169,MS-Excel
1169,English Proficiency (Spoken)
1169,English Proficiency (Written)
1169,Effective Communication
1169,Sales
1170,English Proficiency (Spoken)
1170,English Proficiency (Written)
1170,Interpersonal skills
1171,English Proficiency (Spoken)
1171,English Proficiency (Written)
1171,Effective Communication
1172,Effective Communication
1172,Problem Solving
1174,MS-Office
1174,MS-Excel
1174,English Proficiency (Spoken)
1174,English Proficiency (Written)
1175,Sales
1176,MS-Excel
1176,MS-PowerPoint
1177,Sales
1180,English Proficiency (Spoken)
1180,English Proficiency (Written)
1182,Lead Generation
1182,Sales
1183,Effective Communication
1183,Sales
1184,MS-Excel
1184,Data entry
1184,Data Analytics
1187,MS-Excel
1187,English Proficiency (Spoken)
1188,MS-Excel
1188,English Proficiency (Written)
1189,English Proficiency (Spoken)
1189,English Proficiency (Written)
1191,Effective Communication
1192,Sales
1193,MS-Office
1193,MS-Excel
1193,English Proficiency (Spoken)
1194,MS-Office
1195,Negotiation
1195,Sales Management
1195,Sales
1196,Effective Communication
1197,English Proficiency (Spoken)
1197,Effective Communication
1198,English Proficiency (Spoken)
1198,English Proficiency (Written)
1199,MS-Excel
1199,English Proficiency (Written)
1200,English Proficiency (Written)
1201,MS-Office
1201,MS-Excel
1201,Data entry
1201,English Proficiency (Spoken)
1201,English Proficiency (Written)
1202,Negotiation
1202,Digital Marketing
1202,Market research
1202,Marketing Strategies
1203,MS-Excel
1203,English Proficiency (Spoken)
1203,English Proficiency (Written)
1203,Presentation skills
1203,Kannada Proficiency (Spoken)
1203,Interpersonal skills
1203,Effective Communication
1204,Legal Research
1204,Company Law
1204,Legal Drafting
1204,Statutory compliances
1204,Legal Writing
1204,Contract Management
1205,MS-Office
1205,MS-Excel
1205,English Proficiency (Spoken)
1205,English Proficiency (Written)
1205,Accounting
1205,Tally
1206,MS-Office
1206,MS-Excel
1206,Effective Communication
1206,MS-PowerPoint
1207,Effective Communication
1207,Leadership
1207,Team Management
1207,E-commerce
1207,Data Analytics
1207,Mentorship
1207,B2B Sales
1207,Sales
1208,English Proficiency (Spoken)
1208,Lead Generation
1208,Sales Management
1208,Sales
1209,English Proficiency (Spoken)
1209,Negotiation
1209,Effective Communication
1209,Sales
1209,Problem Solving
1210,English Proficiency (Spoken)
1210,Negotiation
1210,Effective Communication
1210,Sales
1210,Problem Solving
1211,Sales Management
1211,Sales
1212,Accounting
1214,Negotiation
1214,Digital Marketing
1215,MS-Excel
1215,English Proficiency (Spoken)
1215,Presentation skills
1215,Effective Communication
1215,Sales
1216,Effective Communication
1217,MS-Office
1217,MS-Excel
1217,English Proficiency (Spoken)
1217,English Proficiency (Written)
1218,Sales
1219,MS-Excel
1219,English Proficiency (Spoken)
1219,English Proficiency (Written)
1219,Effective Communication
1219,Sales
1220,English Proficiency (Spoken)
1220,English Proficiency (Written)
1220,Interpersonal skills
1221,English Proficiency (Spoken)
1221,English Proficiency (Written)
1221,Effective Communication
1222,Effective Communication
1222,Problem Solving
1224,MS-Office
1224,MS-Excel
1224,English Proficiency (Spoken)
1224,English Proficiency (Written)
1225,Sales
1226,MS-Excel
1226,MS-PowerPoint
1227,Sales
1230,English Proficiency (Spoken)
1230,English Proficiency (Written)
1232,Lead Generation
1232,Sales
1233,Effective Communication
1233,Sales
1234,MS-Excel
1234,Data entry
1234,Data Analytics
1237,MS-Excel
1237,English Proficiency (Spoken)
1238,MS-Excel
1238,English Proficiency (Written)
1239,English Proficiency (Spoken)
1239,English Proficiency (Written)
1241,Effective Communication
1242,Sales
1243,MS-Office
1243,MS-Excel
1243,English Proficiency (Spoken)
1244,MS-Office
1245,Negotiation
1245,Sales Management
1245,Sales
1246,Effective Communication
1247,English Proficiency (Spoken)
1247,Effective Communication
1248,English Proficiency (Spoken)
1248,English Proficiency (Written)
1249,MS-Excel
1249,English Proficiency (Written)
1250,English Proficiency (Written)
1251,MS-Office
1251,MS-Excel
1251,Data entry
1251,English Proficiency (Spoken)
1251,English Proficiency (Written)
1252,Negotiation
1252,Digital Marketing
1252,Market research
1252,Marketing Strategies
1253,MS-Excel
1253,English Proficiency (Spoken)
1253,English Proficiency (Written)
1253,Presentation skills
1253,Kannada Proficiency (Spoken)
1253,Interpersonal skills
1253,Effective Communication
1254,Legal Research
1254,Company Law
1254,Legal Drafting
1254,Statutory compliances
1254,Legal Writing
1254,Contract Management
1255,MS-Office
1255,MS-Excel
1255,English Proficiency (Spoken)
1255,English Proficiency (Written)
1255,Accounting
1255,Tally
1256,MS-Office
1256,MS-Excel
1256,Effective Communication
1256,MS-PowerPoint
1257,Effective Communication
1257,Leadership
1257,Team Management
1257,E-commerce
1257,Data Analytics
1257,Mentorship
1257,B2B Sales
1257,Sales
1258,English Proficiency (Spoken)
1258,Lead Generation
1258,Sales Management
1258,Sales
1259,English Proficiency (Spoken)
1259,Negotiation
1259,Effective Communication
1259,Sales
1259,Problem Solving
1260,English Proficiency (Spoken)
1260,Negotiation
1260,Effective Communication
1260,Sales
1260,Problem Solving
1261,Sales Management
1261,Sales
1262,Accounting
1264,Negotiation
1264,Digital Marketing
1265,MS-Excel
1265,English Proficiency (Spoken)
1265,Presentation skills
1265,Effective Communication
1265,Sales
1266,Effective Communication
1267,MS-Office
1267,MS-Excel
1267,English Proficiency (Spoken)
1267,English Proficiency (Written)
1268,Sales
1269,MS-Excel
1269,English Proficiency (Spoken)
1269,English Proficiency (Written)
1269,Effective Communication
1269,Sales
1270,English Proficiency (Spoken)
1270,English Proficiency (Written)
1270,Interpersonal skills
1271,English Proficiency (Spoken)
1271,English Proficiency (Written)
1271,Effective Communication
1272,Effective Communication
1272,Problem Solving
1274,MS-Office
1274,MS-Excel
1274,English Proficiency (Spoken)
1274,English Proficiency (Written)
1275,Sales
1276,MS-Excel
1276,MS-PowerPoint
1277,Sales
1280,English Proficiency (Spoken)
1280,English Proficiency (Written)
1282,Lead Generation
1282,Sales
1283,Effective Communication
1283,Sales
1284,MS-Excel
1284,Data entry
1284,Data Analytics
1287,MS-Excel
1287,English Proficiency (Spoken)
1288,MS-Excel
1288,English Proficiency (Written)
1289,English Proficiency (Spoken)
1289,English Proficiency (Written)
1291,Effective Communication
1292,Sales
1293,MS-Office
1293,MS-Excel
1293,English Proficiency (Spoken)
1294,MS-Office
1295,Negotiation
1295,Sales Management
1295,Sales
1296,Effective Communication
1297,English Proficiency (Spoken)
1297,Effective Communication
1298,English Proficiency (Spoken)
1298,English Proficiency (Written)
1299,MS-Excel
1299,English Proficiency (Written)
1300,English Proficiency (Written)
1301,MS-Office
1301,MS-Excel
1301,Data entry
1301,English Proficiency (Spoken)
1301,English Proficiency (Written)
1302,Negotiation
1302,Digital Marketing
1302,Market research
1302,Marketing Strategies
1303,MS-Excel
1303,English Proficiency (Spoken)
1303,English Proficiency (Written)
1303,Presentation skills
1303,Kannada Proficiency (Spoken)
1303,Interpersonal skills
1303,Effective Communication
1304,Legal Research
1304,Company Law
1304,Legal Drafting
1304,Statutory compliances
1304,Legal Writing
1304,Contract Management
1305,MS-Office
1305,MS-Excel
1305,English Proficiency (Spoken)
1305,English Proficiency (Written)
1305,Accounting
1305,Tally
1306,MS-Office
1306,MS-Excel
1306,Effective Communication
1306,MS-PowerPoint
1307,Effective Communication
1307,Leadership
1307,Team Management
1307,E-commerce
1307,Data Analytics
1307,Mentorship
1307,B2B Sales
1307,Sales
1308,English Proficiency (Spoken)
1308,Lead Generation
1308,Sales Management
1308,Sales
1309,English Proficiency (Spoken)
1309,Negotiation
1309,Effective Communication
1309,Sales
1309,Problem Solving
1310,English Proficiency (Spoken)
1310,Negotiation
1310,Effective Communication
1310,Sales
1310,Problem Solving
1311,Sales Management
1311,Sales
1312,Accounting
1314,Negotiation
1314,Digital Marketing
1315,MS-Excel
1315,English Proficiency (Spoken)
1315,Presentation skills
1315,Effective Communication
1315,Sales
1316,Effective Communication
1317,MS-Office
1317,MS-Excel
1317,English Proficiency (Spoken)
1317,English Proficiency (Written)
1318,Sales
1319,MS-Excel
1319,English Proficiency (Spoken)
1319,English Proficiency (Written)
1319,Effective Communication
1319,Sales
1320,English Proficiency (Spoken)
1320,English Proficiency (Written)
1320,Interpersonal skills
1321,English Proficiency (Spoken)
1321,English Proficiency (Written)
1321,Effective Communication
1322,Effective Communication
1322,Problem Solving
1324,MS-Office
1324,MS-Excel
1324,English Proficiency (Spoken)
1324,English Proficiency (Written)
1325,Sales
1326,MS-Excel
1326,MS-PowerPoint
1327,Sales
1330,English Proficiency (Spoken)
1330,English Proficiency (Written)
1332,Lead Generation
1332,Sales
1333,Effective Communication
1333,Sales
1334,MS-Excel
1334,Data entry
1334,Data Analytics
1337,MS-Excel
1337,English Proficiency (Spoken)
1338,MS-Excel
1338,English Proficiency (Written)
1339,English Proficiency (Spoken)
1339,English Proficiency (Written)
1341,Effective Communication
1342,Sales
1343,MS-Office
1343,MS-Excel
1343,English Proficiency (Spoken)
1344,MS-Office
1345,Negotiation
1345,Sales Management
1345,Sales
1346,Effective Communication
1347,English Proficiency (Spoken)
1347,Effective Communication
1348,English Proficiency (Spoken)
1348,English Proficiency (Written)
1349,MS-Excel
1349,English Proficiency (Written)
1350,English Proficiency (Written)
1351,MS-Office
1351,MS-Excel
1351,Data entry
1351,English Proficiency (Spoken)
1351,English Proficiency (Written)
1352,Negotiation
1352,Digital Marketing
1352,Market research
1352,Marketing Strategies
1353,MS-Excel
1353,English Proficiency (Spoken)
1353,English Proficiency (Written)
1353,Presentation skills
1353,Kannada Proficiency (Spoken)
1353,Interpersonal skills
1353,Effective Communication
1354,Legal Research
1354,Company Law
1354,Legal Drafting
1354,Statutory compliances
1354,Legal Writing
1354,Contract Management
1355,MS-Office
1355,MS-Excel
1355,English Proficiency (Spoken)
1355,English Proficiency (Written)
1355,Accounting
1355,Tally
1356,MS-Office
1356,MS-Excel
1356,Effective Communication
1356,MS-PowerPoint
1357,Effective Communication
1357,Leadership
1357,Team Management
1357,E-commerce
1357,Data Analytics
1357,Mentorship
1357,B2B Sales
1357,Sales
1358,English Proficiency (Spoken)
1358,Lead Generation
1358,Sales Management
1358,Sales
1359,English Proficiency (Spoken)
1359,Negotiation
1359,Effective Communication
1359,Sales
1359,Problem Solving
1360,English Proficiency (Spoken)
1360,Negotiation
1360,Effective Communication
1360,Sales
1360,Problem Solving
1361,Sales Management
1361,Sales
1362,Accounting
1364,Negotiation
1364,Digital Marketing
1365,MS-Excel
1365,English Proficiency (Spoken)
1365,Presentation skills
1365,Effective Communication
1365,Sales
1366,Effective Communication
1367,MS-Office
1367,MS-Excel
1367,English Proficiency (Spoken)
1367,English Proficiency (Written)
1368,Sales
1369,MS-Excel
1369,English Proficiency (Spoken)
1369,English Proficiency (Written)
1369,Effective Communication
1369,Sales
1370,English Proficiency (Spoken)
1370,English Proficiency (Written)
1370,Interpersonal skills
1371,English Proficiency (Spoken)
1371,English Proficiency (Written)
1371,Effective Communication
1372,Effective Communication
1372,Problem Solving
1374,MS-Office
1374,MS-Excel
1374,English Proficiency (Spoken)
1374,English Proficiency (Written)
1375,Sales
1376,MS-Excel
1376,MS-PowerPoint
1377,Sales
1380,English Proficiency (Spoken)
1380,English Proficiency (Written)
1382,Lead Generation
1382,Sales
1383,Effective Communication
1383,Sales
1384,MS-Excel
1384,Data entry
1384,Data Analytics
1387,MS-Excel
1387,English Proficiency (Spoken)
1388,MS-Excel
1388,English Proficiency (Written)
1389,English Proficiency (Spoken)
1389,English Proficiency (Written)
1391,Effective Communication
1392,Sales
1393,MS-Office
1393,MS-Excel
1393,English Proficiency (Spoken)
1394,MS-Office
1395,Negotiation
1395,Sales Management
1395,Sales
1396,Effective Communication
1397,English Proficiency (Spoken)
1397,Effective Communication
1398,English Proficiency (Spoken)
1398,English Proficiency (Written)
1399,MS-Excel
1399,English Proficiency (Written)
1400,English Proficiency (Written)
1401,MS-Office
1401,MS-Excel
1401,Data entry
1401,English Proficiency (Spoken)
1401,English Proficiency (Written)
1402,Negotiation
1402,Digital Marketing
1402,Market research
1402,Marketing Strategies
1403,MS-Excel
1403,English Proficiency (Spoken)
1403,English Proficiency (Written)
1403,Presentation skills
1403,Kannada Proficiency (Spoken)
1403,Interpersonal skills
1403,Effective Communication
1404,Legal Research
1404,Company Law
1404,Legal Drafting
1404,Statutory compliances
1404,Legal Writing
1404,Contract Management
1405,MS-Office
1405,MS-Excel
1405,English Proficiency (Spoken)
1405,English Proficiency (Written)
1405,Accounting
1405,Tally
1406,MS-Office
1406,MS-Excel
1406,Effective Communication
1406,MS-PowerPoint
1407,Effective Communication
1407,Leadership
1407,Team Management
1407,E-commerce
1407,Data Analytics
1407,Mentorship
1407,B2B Sales
1407,Sales
1408,English Proficiency (Spoken)
1408,Lead Generation
1408,Sales Management
1408,Sales
1409,English Proficiency (Spoken)
1409,Negotiation
1409,Effective Communication
1409,Sales
1409,Problem Solving
1410,English Proficiency (Spoken)
1410,Negotiation
1410,Effective Communication
1410,Sales
1410,Problem Solving
1411,Sales Management
1411,Sales
1412,Accounting
1414,Negotiation
1414,Digital Marketing
1415,MS-Excel
1415,English Proficiency (Spoken)
1415,Presentation skills
1415,Effective Communication
1415,Sales
1416,Effective Communication
1417,MS-Office
1417,MS-Excel
1417,English Proficiency (Spoken)
1417,English Proficiency (Written)
1418,Sales
1419,MS-Excel
1419,English Proficiency (Spoken)
1419,English Proficiency (Written)
1419,Effective Communication
1419,Sales
1420,English Proficiency (Spoken)
1420,English Proficiency (Written)
1420,Interpersonal skills
1421,English Proficiency (Spoken)
1421,English Proficiency (Written)
1421,Effective Communication
1422,Effective Communication
1422,Problem Solving
1424,MS-Office
1424,MS-Excel
1424,English Proficiency (Spoken)
1424,English Proficiency (Written)
1425,Sales
1426,MS-Excel
1426,MS-PowerPoint
1427,Sales
1430,English Proficiency (Spoken)
1430,English Proficiency (Written)
1432,Lead Generation
1432,Sales
1433,Effective Communication
1433,Sales
1434,MS-Excel
1434,Data entry
1434,Data Analytics
1437,MS-Excel
1437,English Proficiency (Spoken)
1438,MS-Excel
1438,English Proficiency (Written)
1439,English Proficiency (Spoken)
1439,English Proficiency (Written)
1441,Effective Communication
1442,Sales
1443,MS-Office
1443,MS-Excel
1443,English Proficiency (Spoken)
1444,MS-Office
1445,Negotiation
1445,Sales Management
1445,Sales
1446,Effective Communication
1447,English Proficiency (Spoken)
1447,Effective Communication
1448,English Proficiency (Spoken)
1448,English Proficiency (Written)
1449,MS-Excel
1449,English Proficiency (Written)
1450,English Proficiency (Written)
1451,MS-Office
1451,MS-Excel
1451,Data entry
1451,English Proficiency (Spoken)
1451,English Proficiency (Written)
1452,Negotiation
1452,Digital Marketing
1452,Market research
1452,Marketing Strategies
1453,MS-Excel
1453,English Proficiency (Spoken)
1453,English Proficiency (Written)
1453,Presentation skills
1453,Kannada Proficiency (Spoken)
1453,Interpersonal skills
1453,Effective Communication
1454,Legal Research
1454,Company Law
1454,Legal Drafting
1454,Statutory compliances
1454,Legal Writing
1454,Contract Management
1455,MS-Office
1455,MS-Excel
1455,English Proficiency (Spoken)
1455,English Proficiency (Written)
1455,Accounting
1455,Tally
1456,MS-Office
1456,MS-Excel
1456,Effective Communication
1456,MS-PowerPoint
1457,Effective Communication
1457,Leadership
1457,Team Management
1457,E-commerce
1457,Data Analytics
1457,Mentorship
1457,B2B Sales
1457,Sales
1458,English Proficiency (Spoken)
1458,Lead Generation
1458,Sales Management
1458,Sales
1459,English Proficiency (Spoken)
1459,Negotiation
1459,Effective Communication
1459,Sales
1459,Problem Solving
1460,English Proficiency (Spoken)
1460,Negotiation
1460,Effective Communication
1460,Sales
1460,Problem Solving
1461,Sales Management
1461,Sales
1462,Accounting
1464,Negotiation
1464,Digital Marketing
1465,MS-Excel
1465,English Proficiency (Spoken)
1465,Presentation skills
1465,Effective Communication
1465,Sales
1466,Effective Communication
1467,MS-Office
1467,MS-Excel
1467,English Proficiency (Spoken)
1467,English Proficiency (Written)
1468,Sales
1469,MS-Excel
1469,English Proficiency (Spoken)
1469,English Proficiency (Written)
1469,Effective Communication
1469,Sales
1470,English Proficiency (Spoken)
1470,English Proficiency (Written)
1470,Interpersonal skills
1471,English Proficiency (Spoken)
1471,English Proficiency (Written)
1471,Effective Communication
1472,Effective Communication
1472,Problem Solving
1474,MS-Office
1474,MS-Excel
1474,English Proficiency (Spoken)
1474,English Proficiency (Written)
1475,Sales
1476,MS-Excel
1476,MS-PowerPoint
1477,Sales
1480,English Proficiency (Spoken)
1480,English Proficiency (Written)
1482,Lead Generation
1482,Sales
1483,Effective Communication
1483,Sales
1484,MS-Excel
1484,Data entry
1484,Data Analytics
1487,MS-Excel
1487,English Proficiency (Spoken)
1488,MS-Excel
1488,English Proficiency (Written)
1489,English Proficiency (Spoken)
1489,English Proficiency (Written)
1491,Effective Communication
1492,Sales
1493,MS-Office
1493,MS-Excel
1493,English Proficiency (Spoken)
1494,MS-Office
1495,Negotiation
1495,Sales Management
1495,Sales
1496,Effective Communication
1497,English Proficiency (Spoken)
1497,Effective Communication
1498,English Proficiency (Spoken)
1498,English Proficiency (Written)
1499,MS-Excel
1499,English Proficiency (Written)
1500,English Proficiency (Written)
1501,MS-Office
1501,MS-Excel
1501,Data entry
1501,English Proficiency (Spoken)
1501,English Proficiency (Written)
1502,Negotiation
1502,Digital Marketing
1502,Market research
1502,Marketing Strategies
1503,MS-Excel
1503,English Proficiency (Spoken)
1503,English Proficiency (Written)
1503,Presentation skills
1503,Kannada Proficiency (Spoken)
1503,Interpersonal skills
1503,Effective Communication
1504,Legal Research
1504,Company Law
1504,Legal Drafting
1504,Statutory compliances
1504,Legal Writing
1504,Contract Management
1505,MS-Office
1505,MS-Excel
1505,English Proficiency (Spoken)
1505,English Proficiency (Written)
1505,Accounting
1505,Tally
1506,MS-Office
1506,MS-Excel
1506,Effective Communication
1506,MS-PowerPoint
1507,Effective Communication
1507,Leadership
1507,Team Management
1507,E-commerce
1507,Data Analytics
1507,Mentorship
1507,B2B Sales
1507,Sales
1508,English Proficiency (Spoken)
1508,Lead Generation
1508,Sales Management
1508,Sales
1509,English Proficiency (Spoken)
1509,Negotiation
1509,Effective Communication
1509,Sales
1509,Problem Solving
1510,English Proficiency (Spoken)
1510,Negotiation
1510,Effective Communication
1510,Sales
1510,Problem Solving
1511,Sales Management
1511,Sales
1512,Accounting
1514,Negotiation
1514,Digital Marketing
1515,MS-Excel
1515,English Proficiency (Spoken)
1515,Presentation skills
1515,Effective Communication
1515,Sales
1516,Effective Communication
1517,MS-Office
1517,MS-Excel
1517,English Proficiency (Spoken)
1517,English Proficiency (Written)
1518,Sales
1519,MS-Excel
1519,English Proficiency (Spoken)
1519,English Proficiency (Written)
1519,Effective Communication
1519,Sales
1520,English Proficiency (Spoken)
1520,English Proficiency (Written)
1520,Interpersonal skills
1521,English Proficiency (Spoken)
1521,English Proficiency (Written)
1521,Effective Communication
1522,Effective Communication
1522,Problem Solving
1524,MS-Office
1524,MS-Excel
1524,English Proficiency (Spoken)
1524,English Proficiency (Written)
1525,Sales
1526,MS-Excel
1526,MS-PowerPoint
1527,Sales
1530,English Proficiency (Spoken)
1530,English Proficiency (Written)
1532,Lead Generation
1532,Sales
1533,Effective Communication
1533,Sales
1534,MS-Excel
1534,Data entry
1534,Data Analytics
1537,MS-Excel
1537,English Proficiency (Spoken)
1538,MS-Excel
1538,English Proficiency (Written)
1539,English Proficiency (Spoken)
1539,English Proficiency (Written)
1541,Effective Communication
1542,Sales
1543,MS-Office
1543,MS-Excel
1543,English Proficiency (Spoken)
1544,MS-Office
1545,Negotiation
1545,Sales Management
1545,Sales
1546,Effective Communication
1547,English Proficiency (Spoken)
1547,Effective Communication
1548,English Proficiency (Spoken)
1548,English Proficiency (Written)
1549,MS-Excel
1549,English Proficiency (Written)
1550,English Proficiency (Written)
1551,MS-Office
1551,MS-Excel
1551,Data entry
1551,English Proficiency (Spoken)
1551,English Proficiency (Written)
1552,Negotiation
1552,Digital Marketing
1552,Market research
1552,Marketing Strategies
1553,MS-Excel
1553,English Proficiency (Spoken)
1553,English Proficiency (Written)
1553,Presentation skills
1553,Kannada Proficiency (Spoken)
1553,Interpersonal skills
1553,Effective Communication
1554,Legal Research
1554,Company Law
1554,Legal Drafting
1554,Statutory compliances
1554,Legal Writing
1554,Contract Management
1555,MS-Office
1555,MS-Excel
1555,English Proficiency (Spoken)
1555,English Proficiency (Written)
1555,Accounting
1555,Tally
1556,MS-Office
1556,MS-Excel
1556,Effective Communication
1556,MS-PowerPoint
1557,Effective Communication
1557,Leadership
1557,Team Management
1557,E-commerce
1557,Data Analytics
1557,Mentorship
1557,B2B Sales
1557,Sales
1558,English Proficiency (Spoken)
1558,Lead Generation
1558,Sales Management
1558,Sales
1559,English Proficiency (Spoken)
1559,Negotiation
1559,Effective Communication
1559,Sales
1559,Problem Solving
1560,English Proficiency (Spoken)
1560,Negotiation
1560,Effective Communication
1560,Sales
1560,Problem Solving
1561,Sales Management
1561,Sales
1562,Accounting
1564,Negotiation
1564,Digital Marketing
1565,MS-Excel
1565,English Proficiency (Spoken)
1565,Presentation skills
1565,Effective Communication
1565,Sales
1566,Effective Communication
1567,MS-Office
1567,MS-Excel
1567,English Proficiency (Spoken)
1567,English Proficiency (Written)
1568,Sales
1569,MS-Excel
1569,English Proficiency (Spoken)
1569,English Proficiency (Written)
1569,Effective Communication
1569,Sales
1570,English Proficiency (Spoken)
1570,English Proficiency (Written)
1570,Interpersonal skills
1571,English Proficiency (Spoken)
1571,English Proficiency (Written)
1571,Effective Communication
1572,Effective Communication
1572,Problem Solving
1574,MS-Office
1574,MS-Excel
1574,English Proficiency (Spoken)
1574,English Proficiency (Written)
1575,Sales
1576,MS-Excel
1576,MS-PowerPoint
1577,Sales
1580,English Proficiency (Spoken)
1580,English Proficiency (Written)
1582,Lead Generation
1582,Sales
1583,Effective Communication
1583,Sales
1584,MS-Excel
1584,Data entry
1584,Data Analytics
1587,MS-Excel
1587,English Proficiency (Spoken)
1588,MS-Excel
1588,English Proficiency (Written)
1589,English Proficiency (Spoken)
1589,English Proficiency (Written)
1591,Effective Communication
1592,Sales
1593,MS-Office
1593,MS-Excel
1593,English Proficiency (Spoken)
1594,MS-Office
1595,Negotiation
1595,Sales Management
1595,Sales
1596,Effective Communication
1597,English Proficiency (Spoken)
1597,Effective Communication
1598,English Proficiency (Spoken)
1598,English Proficiency (Written)
1599,MS-Excel
1599,English Proficiency (Written)
1600,English Proficiency (Written)
1601,MS-Office
1601,MS-Excel
1601,Data entry
1601,English Proficiency (Spoken)
1601,English Proficiency (Written)
1602,Negotiation
1602,Digital Marketing
1602,Market research
1602,Marketing Strategies
1603,MS-Excel
1603,English Proficiency (Spoken)
1603,English Proficiency (Written)
1603,Presentation skills
1603,Kannada Proficiency (Spoken)
1603,Interpersonal skills
1603,Effective Communication
1604,Legal Research
1604,Company Law
1604,Legal Drafting
1604,Statutory compliances
1604,Legal Writing
1604,Contract Management
1605,MS-Office
1605,MS-Excel
1605,English Proficiency (Spoken)
1605,English Proficiency (Written)
1605,Accounting
1605,Tally
1606,MS-Office
1606,MS-Excel
1606,Effective Communication
1606,MS-PowerPoint
1607,Effective Communication
1607,Leadership
1607,Team Management
1607,E-commerce
1607,Data Analytics
1607,Mentorship
1607,B2B Sales
1607,Sales
1608,English Proficiency (Spoken)
1608,Lead Generation
1608,Sales Management
1608,Sales
1609,English Proficiency (Spoken)
1609,Negotiation
1609,Effective Communication
1609,Sales
1609,Problem Solving
1610,English Proficiency (Spoken)
1610,Negotiation
1610,Effective Communication
1610,Sales
1610,Problem Solving
1611,Sales Management
1611,Sales
1612,Accounting
1614,Negotiation
1614,Digital Marketing
1615,MS-Excel
1615,English Proficiency (Spoken)
1615,Presentation skills
1615,Effective Communication
1615,Sales
1616,Effective Communication
1617,MS-Office
1617,MS-Excel
1617,English Proficiency (Spoken)
1617,English Proficiency (Written)
1618,Sales
1619,MS-Excel
1619,English Proficiency (Spoken)
1619,English Proficiency (Written)
1619,Effective Communication
1619,Sales
1620,English Proficiency (Spoken)
1620,English Proficiency (Written)
1620,Interpersonal skills
1621,English Proficiency (Spoken)
1621,English Proficiency (Written)
1621,Effective Communication
1622,Effective Communication
1622,Problem Solving
1624,MS-Office
1624,MS-Excel
1624,English Proficiency (Spoken)
1624,English Proficiency (Written)
1625,Sales
1626,MS-Excel
1626,MS-PowerPoint
1627,Sales
1630,English Proficiency (Spoken)
1630,English Proficiency (Written)
1632,Lead Generation
1632,Sales
1633,Effective Communication
1633,Sales
1634,MS-Excel
1634,Data entry
1634,Data Analytics
1637,MS-Excel
1637,English Proficiency (Spoken)
1638,MS-Excel
1638,English Proficiency (Written)
1639,English Proficiency (Spoken)
1639,English Proficiency (Written)
1641,Effective Communication
1642,Sales
1643,MS-Office
1643,MS-Excel
1643,English Proficiency (Spoken)
1644,MS-Office
1645,Negotiation
1645,Sales Management
1645,Sales
1646,Effective Communication
1647,English Proficiency (Spoken)
1647,Effective Communication
1648,English Proficiency (Spoken)
1648,English Proficiency (Written)
1649,MS-Excel
1649,English Proficiency (Written)
1650,English Proficiency (Written)
1651,MS-Office
1651,MS-Excel
1651,Data entry
1651,English Proficiency (Spoken)
1651,English Proficiency (Written)
1652,Negotiation
1652,Digital Marketing
1652,Market research
1652,Marketing Strategies
1653,MS-Excel
1653,English Proficiency (Spoken)
1653,English Proficiency (Written)
1653,Presentation skills
1653,Kannada Proficiency (Spoken)
1653,Interpersonal skills
1653,Effective Communication
1654,Legal Research
1654,Company Law
1654,Legal Drafting
1654,Statutory compliances
1654,Legal Writing
1654,Contract Management
1655,MS-Office
1655,MS-Excel
1655,English Proficiency (Spoken)
1655,English Proficiency (Written)
1655,Accounting
1655,Tally
1656,MS-Office
1656,MS-Excel
1656,Effective Communication
1656,MS-PowerPoint
1657,Effective Communication
1657,Leadership
1657,Team Management
1657,E-commerce
1657,Data Analytics
1657,Mentorship
1657,B2B Sales
1657,Sales
1658,English Proficiency (Spoken)
1658,Lead Generation
1658,Sales Management
1658,Sales
1659,English Proficiency (Spoken)
1659,Negotiation
1659,Effective Communication
1659,Sales
1659,Problem Solving
1660,English Proficiency (Spoken)
1660,Negotiation
1660,Effective Communication
1660,Sales
1660,Problem Solving
1661,Sales Management
1661,Sales
1662,Accounting
1664,Negotiation
1664,Digital Marketing
1665,MS-Excel
1665,English Proficiency (Spoken)
1665,Presentation skills
1665,Effective Communication
1665,Sales
1666,Effective Communication
1667,MS-Office
1667,MS-Excel
1667,English Proficiency (Spoken)
1667,English Proficiency (Written)
1668,Sales
1669,MS-Excel
1669,English Proficiency (Spoken)
1669,English Proficiency (Written)
1669,Effective Communication
1669,Sales
1670,English Proficiency (Spoken)
1670,English Proficiency (Written)
1670,Interpersonal skills
1671,English Proficiency (Spoken)
1671,English Proficiency (Written)
1671,Effective Communication
1672,Effective Communication
1672,Problem Solving
1674,MS-Office
1674,MS-Excel
1674,English Proficiency (Spoken)
1674,English Proficiency (Written)
1675,Sales
1676,MS-Excel
1676,MS-PowerPoint
1677,Sales
1680,English Proficiency (Spoken)
1680,English Proficiency (Written)
1682,Lead Generation
1682,Sales
1683,Effective Communication
1683,Sales
1684,MS-Excel
1684,Data entry
1684,Data Analytics
1687,MS-Excel
1687,English Proficiency (Spoken)
1688,MS-Excel
1688,English Proficiency (Written)
1689,English Proficiency (Spoken)
1689,English Proficiency (Written)
1691,Effective Communication
1692,Sales
1693,MS-Office
1693,MS-Excel
1693,English Proficiency (Spoken)
1694,MS-Office
1695,Negotiation
1695,Sales Management
1695,Sales
1696,Effective Communication
1697,English Proficiency (Spoken)
1697,Effective Communication
1698,English Proficiency (Spoken)
1698,English Proficiency (Written)
1699,MS-Excel
1699,English Proficiency (Written)
1700,English Proficiency (Written)
1701,MS-Office
1701,MS-Excel
1701,Data entry
1701,English Proficiency (Spoken)
1701,English Proficiency (Written)
1702,Negotiation
1702,Digital Marketing
1702,Market research
1702,Marketing Strategies
1703,MS-Excel
1703,English Proficiency (Spoken)
1703,English Proficiency (Written)
1703,Presentation skills
1703,Kannada Proficiency (Spoken)
1703,Interpersonal skills
1703,Effective Communication
1704,Legal Research
1704,Company Law
1704,Legal Drafting
1704,Statutory compliances
1704,Legal Writing
1704,Contract Management
1705,MS-Office
1705,MS-Excel
1705,English Proficiency (Spoken)
1705,English Proficiency (Written)
1705,Accounting
1705,Tally
1706,MS-Office
1706,MS-Excel
1706,Effective Communication
1706,MS-PowerPoint
1707,Effective Communication
1707,Leadership
1707,Team Management
1707,E-commerce
1707,Data Analytics
1707,Mentorship
1707,B2B Sales
1707,Sales
1708,English Proficiency (Spoken)
1708,Lead Generation
1708,Sales Management
1708,Sales
1709,English Proficiency (Spoken)
1709,Negotiation
1709,Effective Communication
1709,Sales
1709,Problem Solving
1710,English Proficiency (Spoken)
1710,Negotiation
1710,Effective Communication
1710,Sales
1710,Problem Solving
1711,Sales Management
1711,Sales
1712,Accounting
1714,Negotiation
1714,Digital Marketing
1715,MS-Excel
1715,English Proficiency (Spoken)
1715,Presentation skills
1715,Effective Communication
1715,Sales
1716,Effective Communication
1717,MS-Office
1717,MS-Excel
1717,English Proficiency (Spoken)
1717,English Proficiency (Written)
1718,Sales
1719,MS-Excel
1719,English Proficiency (Spoken)
1719,English Proficiency (Written)
1719,Effective Communication
1719,Sales
1720,English Proficiency (Spoken)
1720,English Proficiency (Written)
1720,Interpersonal skills
1721,English Proficiency (Spoken)
1721,English Proficiency (Written)
1721,Effective Communication
1722,Effective Communication
1722,Problem Solving
1724,MS-Office
1724,MS-Excel
1724,English Proficiency (Spoken)
1724,English Proficiency (Written)
1725,Sales
1726,MS-Excel
1726,MS-PowerPoint
1727,Sales
1730,English Proficiency (Spoken)
1730,English Proficiency (Written)
1732,Lead Generation
1732,Sales
1733,Effective Communication
1733,Sales
1734,MS-Excel
1734,Data entry
1734,Data Analytics
1737,MS-Excel
1737,English Proficiency (Spoken)
1738,MS-Excel
1738,English Proficiency (Written)
1739,English Proficiency (Spoken)
1739,English Proficiency (Written)
1741,Effective Communication
1742,Sales
1743,MS-Office
1743,MS-Excel
1743,English Proficiency (Spoken)
1744,MS-Office
1745,Negotiation
1745,Sales Management
1745,Sales
1746,Effective Communication
1747,English Proficiency (Spoken)
1747,Effective Communication
1748,English Proficiency (Spoken)
1748,English Proficiency (Written)
1749,MS-Excel
1749,English Proficiency (Written)
1750,English Proficiency (Written)
1751,MS-Office
1751,MS-Excel
1751,Data entry
1751,English Proficiency (Spoken)
1751,English Proficiency (Written)
1752,Negotiation
1752,Digital Marketing
1752,Market research
1752,Marketing Strategies
1753,MS-Excel
1753,English Proficiency (Spoken)
1753,English Proficiency (Written)
1753,Presentation skills
1753,Kannada Proficiency (Spoken)
1753,Interpersonal skills
1753,Effective Communication
1754,Legal Research
1754,Company Law
1754,Legal Drafting
1754,Statutory compliances
1754,Legal Writing
1754,Contract Management
1755,MS-Office
1755,MS-Excel
1755,English Proficiency (Spoken)
1755,English Proficiency (Written)
1755,Accounting
1755,Tally
1756,MS-Office
1756,MS-Excel
1756,Effective Communication
1756,MS-PowerPoint
1757,Effective Communication
1757,Leadership
1757,Team Management
1757,E-commerce
1757,Data Analytics
1757,Mentorship
1757,B2B Sales
1757,Sales
1758,English Proficiency (Spoken)
1758,Lead Generation
1758,Sales Management
1758,Sales
1759,English Proficiency (Spoken)
1759,Negotiation
1759,Effective Communication
1759,Sales
1759,Problem Solving
1760,English Proficiency (Spoken)
1760,Negotiation
1760,Effective Communication
1760,Sales
1760,Problem Solving
1761,Sales Management
1761,Sales
1762,Accounting
1764,Negotiation
1764,Digital Marketing
1765,MS-Excel
1765,English Proficiency (Spoken)
1765,Presentation skills
1765,Effective Communication
1765,Sales
1766,Effective Communication
1767,MS-Office
1767,MS-Excel
1767,English Proficiency (Spoken)
1767,English Proficiency (Written)
1768,Sales
1769,MS-Excel
1769,English Proficiency (Spoken)
1769,English Proficiency (Written)
1769,Effective Communication
1769,Sales
1770,English Proficiency (Spoken)
1770,English Proficiency (Written)
1770,Interpersonal skills
1771,English Proficiency (Spoken)
1771,English Proficiency (Written)
1771,Effective Communication
1772,Effective Communication
1772,Problem Solving
1774,MS-Office
1774,MS-Excel
1774,English Proficiency (Spoken)
1774,English Proficiency (Written)
1775,Sales
1776,MS-Excel
1776,MS-PowerPoint
1777,Sales
1780,English Proficiency (Spoken)
1780,English Proficiency (Written)
1782,Lead Generation
1782,Sales
1783,Effective Communication
1783,Sales
1784,MS-Excel
1784,Data entry
1784,Data Analytics
1787,MS-Excel
1787,English Proficiency (Spoken)
1788,MS-Excel
1788,English Proficiency (Written)
1789,English Proficiency (Spoken)
1789,English Proficiency (Written)
1791,Effective Communication
1792,Sales
1793,MS-Office
1793,MS-Excel
1793,English Proficiency (Spoken)
1794,MS-Office
1795,Negotiation
1795,Sales Management
1795,Sales
1796,Effective Communication
1797,English Proficiency (Spoken)
1797,Effective Communication
1798,English Proficiency (Spoken)
1798,English Proficiency (Written)
1799,MS-Excel
1799,English Proficiency (Written)
1800,English Proficiency (Written)
1801,MS-Office
1801,MS-Excel
1801,Data entry
1801,English Proficiency (Spoken)
1801,English Proficiency (Written)
1802,Negotiation
1802,Digital Marketing
1802,Market research
1802,Marketing Strategies
1803,MS-Excel
1803,English Proficiency (Spoken)
1803,English Proficiency (Written)
1803,Presentation skills
1803,Kannada Proficiency (Spoken)
1803,Interpersonal skills
1803,Effective Communication
1804,Legal Research
1804,Company Law
1804,Legal Drafting
1804,Statutory compliances
1804,Legal Writing
1804,Contract Management
1805,MS-Office
1805,MS-Excel
1805,English Proficiency (Spoken)
1805,English Proficiency (Written)
1805,Accounting
1805,Tally
1806,MS-Office
1806,MS-Excel
1806,Effective Communication
1806,MS-PowerPoint
1807,Effective Communication
1807,Leadership
1807,Team Management
1807,E-commerce
1807,Data Analytics
1807,Mentorship
1807,B2B Sales
1807,Sales
1808,English Proficiency (Spoken)
1808,Lead Generation
1808,Sales Management
1808,Sales
1809,English Proficiency (Spoken)
1809,Negotiation
1809,Effective Communication
1809,Sales
1809,Problem Solving
1810,English Proficiency (Spoken)
1810,Negotiation
1810,Effective Communication
1810,Sales
1810,Problem Solving
1811,Sales Management
1811,Sales
1812,Accounting
1814,Negotiation
1814,Digital Marketing
1815,MS-Excel
1815,English Proficiency (Spoken)
1815,Presentation skills
1815,Effective Communication
1815,Sales
1816,Effective Communication
1817,MS-Office
1817,MS-Excel
1817,English Proficiency (Spoken)
1817,English Proficiency (Written)
1818,Sales
1819,MS-Excel
1819,English Proficiency (Spoken)
1819,English Proficiency (Written)
1819,Effective Communication
1819,Sales
1820,English Proficiency (Spoken)
1820,English Proficiency (Written)
1820,Interpersonal skills
1821,English Proficiency (Spoken)
1821,English Proficiency (Written)
1821,Effective Communication
1822,Effective Communication
1822,Problem Solving
1824,MS-Office
1824,MS-Excel
1824,English Proficiency (Spoken)
1824,English Proficiency (Written)
1825,Sales
1826,MS-Excel
1826,MS-PowerPoint
1827,Sales
1830,English Proficiency (Spoken)
1830,English Proficiency (Written)
1832,Lead Generation
1832,Sales
1833,Effective Communication
1833,Sales
1834,MS-Excel
1834,Data entry
1834,Data Analytics
1837,MS-Excel
1837,English Proficiency (Spoken)
1838,MS-Excel
1838,English Proficiency (Written)
1839,English Proficiency (Spoken)
1839,English Proficiency (Written)
1841,Effective Communication
1842,Sales
1843,MS-Office
1843,MS-Excel
1843,English Proficiency (Spoken)
1844,MS-Office
1845,Negotiation
1845,Sales Management
1845,Sales
1846,Effective Communication
1847,English Proficiency (Spoken)
1847,Effective Communication
1848,English Proficiency (Spoken)
1848,English Proficiency (Written)
1849,MS-Excel
1849,English Proficiency (Written)
1850,English Proficiency (Written)
1851,MS-Office
1851,MS-Excel
1851,Data entry
1851,English Proficiency (Spoken)
1851,English Proficiency (Written)
1852,Negotiation
1852,Digital Marketing
1852,Market research
1852,Marketing Strategies
1853,MS-Excel
1853,English Proficiency (Spoken)
1853,English Proficiency (Written)
1853,Presentation skills
1853,Kannada Proficiency (Spoken)
1853,Interpersonal skills
1853,Effective Communication
1854,Legal Research
1854,Company Law
1854,Legal Drafting
1854,Statutory compliances
1854,Legal Writing
1854,Contract Management
1855,MS-Office
1855,MS-Excel
1855,English Proficiency (Spoken)
1855,English Proficiency (Written)
1855,Accounting
1855,Tally
1856,MS-Office
1856,MS-Excel
1856,Effective Communication
1856,MS-PowerPoint
1857,Effective Communication
1857,Leadership
1857,Team Management
1857,E-commerce
1857,Data Analytics
1857,Mentorship
1857,B2B Sales
1857,Sales
1858,English Proficiency (Spoken)
1858,Lead Generation
1858,Sales Management
1858,Sales
1859,English Proficiency (Spoken)
1859,Negotiation
1859,Effective Communication
1859,Sales
1859,Problem Solving
1860,English Proficiency (Spoken)
1860,Negotiation
1860,Effective Communication
1860,Sales
1860,Problem Solving
1861,Sales Management
1861,Sales
1862,Accounting
1864,Negotiation
1864,Digital Marketing
1865,MS-Excel
1865,English Proficiency (Spoken)
1865,Presentation skills
1865,Effective Communication
1865,Sales
1866,Effective Communication
1867,MS-Office
1867,MS-Excel
1867,English Proficiency (Spoken)
1867,English Proficiency (Written)
1868,Sales
1869,MS-Excel
1869,English Proficiency (Spoken)
1869,English Proficiency (Written)
1869,Effective Communication
1869,Sales
1870,English Proficiency (Spoken)
1870,English Proficiency (Written)
1870,Interpersonal skills
1871,English Proficiency (Spoken)
1871,English Proficiency (Written)
1871,Effective Communication
1872,Effective Communication
1872,Problem Solving
1874,MS-Office
1874,MS-Excel
1874,English Proficiency (Spoken)
1874,English Proficiency (Written)
1875,Sales
1876,MS-Excel
1876,MS-PowerPoint
1877,Sales
1880,English Proficiency (Spoken)
1880,English Proficiency (Written)
1882,Lead Generation
1882,Sales
1883,Effective Communication
1883,Sales
1884,MS-Excel
1884,Data entry
1884,Data Analytics
1887,MS-Excel
1887,English Proficiency (Spoken)
1888,MS-Excel
1888,English Proficiency (Written)
1889,English Proficiency (Spoken)
1889,English Proficiency (Written)
1891,Effective Communication
1892,Sales
1893,MS-Office
1893,MS-Excel
1893,English Proficiency (Spoken)
1894,MS-Office
1895,Negotiation
1895,Sales Management
1895,Sales
1896,Effective Communication
1897,English Proficiency (Spoken)
1897,Effective Communication
1898,English Proficiency (Spoken)
1898,English Proficiency (Written)
1899,MS-Excel
1899,English Proficiency (Written)
1900,English Proficiency (Written)
1901,MS-Office
1901,MS-Excel
1901,Data entry
1901,English Proficiency (Spoken)
1901,English Proficiency (Written)
1902,Negotiation
1902,Digital Marketing
1902,Market research
1902,Marketing Strategies
1903,MS-Excel
1903,English Proficiency (Spoken)
1903,English Proficiency (Written)
1903,Presentation skills
1903,Kannada Proficiency (Spoken)
1903,Interpersonal skills
1903,Effective Communication
1904,Legal Research
1904,Company Law
1904,Legal Drafting
1904,Statutory compliances
1904,Legal Writing
1904,Contract Management
1905,MS-Office
1905,MS-Excel
1905,English Proficiency (Spoken)
1905,English Proficiency (Written)
1905,Accounting
1905,Tally
1906,MS-Office
1906,MS-Excel
1906,Effective Communication
1906,MS-PowerPoint
1907,Effective Communication
1907,Leadership
1907,Team Management
1907,E-commerce
1907,Data Analytics
1907,Mentorship
1907,B2B Sales
1907,Sales
1908,English Proficiency (Spoken)
1908,Lead Generation
1908,Sales Management
1908,Sales
1909,English Proficiency (Spoken)
1909,Negotiation
1909,Effective Communication
1909,Sales
1909,Problem Solving
1910,English Proficiency (Spoken)
1910,Negotiation
1910,Effective Communication
1910,Sales
1910,Problem Solving
1911,Sales Management
1911,Sales
1912,Accounting
1914,Negotiation
1914,Digital Marketing
1915,MS-Excel
1915,English Proficiency (Spoken)
1915,Presentation skills
1915,Effective Communication
1915,Sales
1916,Effective Communication
1917,MS-Office
1917,MS-Excel
1917,English Proficiency (Spoken)
1917,English Proficiency (Written)
1918,Sales
1919,MS-Excel
1919,English Proficiency (Spoken)
1919,English Proficiency (Written)
1919,Effective Communication
1919,Sales
1920,English Proficiency (Spoken)
1920,English Proficiency (Written)
1920,Interpersonal skills
1921,English Proficiency (Spoken)
1921,English Proficiency (Written)
1921,Effective Communication
1922,Effective Communication
1922,Problem Solving
1924,MS-Office
1924,MS-Excel
1924,English Proficiency (Spoken)
1924,English Proficiency (Written)
1925,Sales
1926,MS-Excel
1926,MS-PowerPoint
1927,Sales
1930,English Proficiency (Spoken)
1930,English Proficiency (Written)
1932,Lead Generation
1932,Sales
1933,Effective Communication
1933,Sales
1934,MS-Excel
1934,Data entry
1934,Data Analytics
1937,MS-Excel
1937,English Proficiency (Spoken)
1938,MS-Excel
1938,English Proficiency (Written)
1939,English Proficiency (Spoken)
1939,English Proficiency (Written)
1941,Effective Communication
1942,Sales
1943,MS-Office
1943,MS-Excel
1943,English Proficiency (Spoken)
1944,MS-Office
1945,Negotiation
1945,Sales Management
1945,Sales
1946,Effective Communication
1947,English Proficiency (Spoken)
1947,Effective Communication
1948,English Proficiency (Spoken)
1948,English Proficiency (Written)
1949,MS-Excel
1949,English Proficiency (Written)
1950,English Proficiency (Written)
1951,MS-Office
1951,MS-Excel
1951,Data entry
1951,English Proficiency (Spoken)
1951,English Proficiency (Written)
1952,Negotiation
1952,Digital Marketing
1952,Market research
1952,Marketing Strategies
1953,MS-Excel
1953,English Proficiency (Spoken)
1953,English Proficiency (Written)
1953,Presentation skills
1953,Kannada Proficiency (Spoken)
1953,Interpersonal skills
1953,Effective Communication
1954,Legal Research
1954,Company Law
1954,Legal Drafting
1954,Statutory compliances
1954,Legal Writing
1954,Contract Management
1955,MS-Office
1955,MS-Excel
1955,English Proficiency (Spoken)
1955,English Proficiency (Written)
1955,Accounting
1955,Tally
1956,MS-Office
1956,MS-Excel
1956,Effective Communication
1956,MS-PowerPoint
1957,Effective Communication
1957,Leadership
1957,Team Management
1957,E-commerce
1957,Data Analytics
1957,Mentorship
1957,B2B Sales
1957,Sales
1958,English Proficiency (Spoken)
1958,Lead Generation
1958,Sales Management
1958,Sales
1959,English Proficiency (Spoken)
1959,Negotiation
1959,Effective Communication
1959,Sales
1959,Problem Solving
1960,English Proficiency (Spoken)
1960,Negotiation
1960,Effective Communication
1960,Sales
1960,Problem Solving
1961,Sales Management
1961,Sales
1962,Accounting
1964,Negotiation
1964,Digital Marketing
1965,MS-Excel
1965,English Proficiency (Spoken)
1965,Presentation skills
1965,Effective Communication
1965,Sales
1966,Effective Communication
1967,MS-Office
1967,MS-Excel
1967,English Proficiency (Spoken)
1967,English Proficiency (Written)
1968,Sales
1969,MS-Excel
1969,English Proficiency (Spoken)
1969,English Proficiency (Written)
1969,Effective Communication
1969,Sales
1970,English Proficiency (Spoken)
1970,English Proficiency (Written)
1970,Interpersonal skills
1971,English Proficiency (Spoken)
1971,English Proficiency (Written)
1971,Effective Communication
1972,Effective Communication
1972,Problem Solving
1974,MS-Office
1974,MS-Excel
1974,English Proficiency (Spoken)
1974,English Proficiency (Written)
1975,Sales
1976,MS-Excel
1976,MS-PowerPoint
1977,Sales
1980,English Proficiency (Spoken)
1980,English Proficiency (Written)
1982,Lead Generation
1982,Sales
1983,Effective Communication
1983,Sales
1984,MS-Excel
1984,Data entry
1984,Data Analytics
1987,MS-Excel
1987,English Proficiency (Spoken)
1988,MS-Excel
1988,English Proficiency (Written)
1989,English Proficiency (Spoken)
1989,English Proficiency (Written)
1991,Effective Communication
1992,Sales
1993,MS-Office
1993,MS-Excel
1993,English Proficiency (Spoken)
1994,MS-Office
1995,Negotiation
1995,Sales Management
1995,Sales
1996,Effective Communication
1997,English Proficiency (Spoken)
1997,Effective Communication
1998,English Proficiency (Spoken)
1998,English Proficiency (Written)
1999,MS-Excel
1999,English Proficiency (Written)
2000,English Proficiency (Written)
2001,MS-Office
2001,MS-Excel
2001,Data entry
2001,English Proficiency (Spoken)
2001,English Proficiency (Written)
2002,Negotiation
2002,Digital Marketing
2002,Market research
2002,Marketing Strategies
2003,MS-Excel
2003,English Proficiency (Spoken)
2003,English Proficiency (Written)
2003,Presentation skills
2003,Kannada Proficiency (Spoken)
2003,Interpersonal skills
2003,Effective Communication
2004,Legal Research
2004,Company Law
2004,Legal Drafting
2004,Statutory compliances
2004,Legal Writing
2004,Contract Management
2005,MS-Office
2005,MS-Excel
2005,English Proficiency (Spoken)
2005,English Proficiency (Written)
2005,Accounting
2005,Tally
2006,MS-Office
2006,MS-Excel
2006,Effective Communication
2006,MS-PowerPoint
2007,Effective Communication
2007,Leadership
2007,Team Management
2007,E-commerce
2007,Data Analytics
2007,Mentorship
2007,B2B Sales
2007,Sales
2008,English Proficiency (Spoken)
2008,Lead Generation
2008,Sales Management
2008,Sales
2009,English Proficiency (Spoken)
2009,Negotiation
2009,Effective Communication
2009,Sales
2009,Problem Solving
2010,English Proficiency (Spoken)
2010,Negotiation
2010,Effective Communication
2010,Sales
2010,Problem Solving
2011,Sales Management
2011,Sales
2012,Accounting
2014,Negotiation
2014,Digital Marketing
2015,MS-Excel
2015,English Proficiency (Spoken)
2015,Presentation skills
2015,Effective Communication
2015,Sales
2016,Effective Communication
2017,MS-Office
2017,MS-Excel
2017,English Proficiency (Spoken)
2017,English Proficiency (Written)
2018,Sales
2019,MS-Excel
2019,English Proficiency (Spoken)
2019,English Proficiency (Written)
2019,Effective Communication
2019,Sales
2020,English Proficiency (Spoken)
2020,English Proficiency (Written)
2020,Interpersonal skills
2021,English Proficiency (Spoken)
2021,English Proficiency (Written)
2021,Effective Communication
2022,Effective Communication
2022,Problem Solving
2024,MS-Office
2024,MS-Excel
2024,English Proficiency (Spoken)
2024,English Proficiency (Written)
2025,Sales
2026,MS-Excel
2026,MS-PowerPoint
2027,Sales
2030,English Proficiency (Spoken)
2030,English Proficiency (Written)
2032,Lead Generation
2032,Sales
2033,Effective Communication
2033,Sales
2034,MS-Excel
2034,Data entry
2034,Data Analytics
2037,MS-Excel
2037,English Proficiency (Spoken)
2038,MS-Excel
2038,English Proficiency (Written)
2039,English Proficiency (Spoken)
2039,English Proficiency (Written)
2041,Effective Communication
2042,Sales
2043,MS-Office
2043,MS-Excel
2043,English Proficiency (Spoken)
2044,MS-Office
2045,Negotiation
2045,Sales Management
2045,Sales
2046,Effective Communication
2047,English Proficiency (Spoken)
2047,Effective Communication
2048,English Proficiency (Spoken)
2048,English Proficiency (Written)
2049,MS-Excel
2049,English Proficiency (Written)
2050,English Proficiency (Written)
2051,MS-Office
2051,MS-Excel
2051,Data entry
2051,English Proficiency (Spoken)
2051,English Proficiency (Written)
2052,Negotiation
2052,Digital Marketing
2052,Market research
2052,Marketing Strategies
2053,MS-Excel
2053,English Proficiency (Spoken)
2053,English Proficiency (Written)
2053,Presentation skills
2053,Kannada Proficiency (Spoken)
2053,Interpersonal skills
2053,Effective Communication
2054,Legal Research
2054,Company Law
2054,Legal Drafting
2054,Statutory compliances
2054,Legal Writing
2054,Contract Management
2055,MS-Office
2055,MS-Excel
2055,English Proficiency (Spoken)
2055,English Proficiency (Written)
2055,Accounting
2055,Tally
2056,MS-Office
2056,MS-Excel
2056,Effective Communication
2056,MS-PowerPoint
2057,Effective Communication
2057,Leadership
2057,Team Management
2057,E-commerce
2057,Data Analytics
2057,Mentorship
2057,B2B Sales
2057,Sales
2058,English Proficiency (Spoken)
2058,Lead Generation
2058,Sales Management
2058,Sales
2059,English Proficiency (Spoken)
2059,Negotiation
2059,Effective Communication
2059,Sales
2059,Problem Solving
2060,English Proficiency (Spoken)
2060,Negotiation
2060,Effective Communication
2060,Sales
2060,Problem Solving
2061,Sales Management
2061,Sales
2062,Accounting
2064,Negotiation
2064,Digital Marketing
2065,MS-Excel
2065,English Proficiency (Spoken)
2065,Presentation skills
2065,Effective Communication
2065,Sales
2066,Effective Communication
2067,MS-Office
2067,MS-Excel
2067,English Proficiency (Spoken)
2067,English Proficiency (Written)
2068,Sales
2069,MS-Excel
2069,English Proficiency (Spoken)
2069,English Proficiency (Written)
2069,Effective Communication
2069,Sales
2070,English Proficiency (Spoken)
2070,English Proficiency (Written)
2070,Interpersonal skills
2071,English Proficiency (Spoken)
2071,English Proficiency (Written)
2071,Effective Communication
2072,Effective Communication
2072,Problem Solving
2074,MS-Office
2074,MS-Excel
2074,English Proficiency (Spoken)
2074,English Proficiency (Written)
2075,Sales
2076,MS-Excel
2076,MS-PowerPoint
2077,Sales
2080,English Proficiency (Spoken)
2080,English Proficiency (Written)
2082,Lead Generation
2082,Sales
2083,Effective Communication
2083,Sales
2084,MS-Excel
2084,Data entry
2084,Data Analytics
2087,MS-Excel
2087,English Proficiency (Spoken)
2088,MS-Excel
2088,English Proficiency (Written)
2089,English Proficiency (Spoken)
2089,English Proficiency (Written)
2091,Effective Communication
2092,Sales
2093,MS-Office
2093,MS-Excel
2093,English Proficiency (Spoken)
2094,MS-Office
2095,Negotiation
2095,Sales Management
2095,Sales
2096,Effective Communication
2097,English Proficiency (Spoken)
2097,Effective Communication
2098,English Proficiency (Spoken)
2098,English Proficiency (Written)
2099,MS-Excel
2099,English Proficiency (Written)
2100,English Proficiency (Written)
2101,MS-Office
2101,MS-Excel
2101,Data entry
2101,English Proficiency (Spoken)
2101,English Proficiency (Written)
2102,Negotiation
2102,Digital Marketing
2102,Market research
2102,Marketing Strategies
2103,MS-Excel
2103,English Proficiency (Spoken)
2103,English Proficiency (Written)
2103,Presentation skills
2103,Kannada Proficiency (Spoken)
2103,Interpersonal skills
2103,Effective Communication
2104,Legal Research
2104,Company Law
2104,Legal Drafting
2104,Statutory compliances
2104,Legal Writing
2104,Contract Management
2105,MS-Office
2105,MS-Excel
2105,English Proficiency (Spoken)
2105,English Proficiency (Written)
2105,Accounting
2105,Tally
2106,MS-Office
2106,MS-Excel
2106,Effective Communication
2106,MS-PowerPoint
2107,Effective Communication
2107,Leadership
2107,Team Management
2107,E-commerce
2107,Data Analytics
2107,Mentorship
2107,B2B Sales
2107,Sales
2108,English Proficiency (Spoken)
2108,Lead Generation
2108,Sales Management
2108,Sales
2109,English Proficiency (Spoken)
2109,Negotiation
2109,Effective Communication
2109,Sales
2109,Problem Solving
2110,English Proficiency (Spoken)
2110,Negotiation
2110,Effective Communication
2110,Sales
2110,Problem Solving
2111,Sales Management
2111,Sales
2112,Accounting
2114,Negotiation
2114,Digital Marketing
2115,MS-Excel
2115,English Proficiency (Spoken)
2115,Presentation skills
2115,Effective Communication
2115,Sales
2116,Effective Communication
2117,MS-Office
2117,MS-Excel
2117,English Proficiency (Spoken)
2117,English Proficiency (Written)
2118,Sales
2119,MS-Excel
2119,English Proficiency (Spoken)
2119,English Proficiency (Written)
2119,Effective Communication
2119,Sales
2120,English Proficiency (Spoken)
2120,English Proficiency (Written)
2120,Interpersonal skills
2121,English Proficiency (Spoken)
2121,English Proficiency (Written)
2121,Effective Communication
2122,Effective Communication
2122,Problem Solving
2124,MS-Office
2124,MS-Excel
2124,English Proficiency (Spoken)
2124,English Proficiency (Written)
2125,Sales
2126,MS-Excel
2126,MS-PowerPoint
2127,Sales
2130,English Proficiency (Spoken)
2130,English Proficiency (Written)
2132,Lead Generation
2132,Sales
2133,Effective Communication
2133,Sales
2134,MS-Excel
2134,Data entry
2134,Data Analytics
2137,MS-Excel
2137,English Proficiency (Spoken)
2138,MS-Excel
2138,English Proficiency (Written)
2139,English Proficiency (Spoken)
2139,English Proficiency (Written)
2141,Effective Communication
2142,Sales
2143,MS-Office
2143,MS-Excel
2143,English Proficiency (Spoken)
2144,MS-Office
2145,Negotiation
2145,Sales Management
2145,Sales
2146,Effective Communication
2147,English Proficiency (Spoken)
2147,Effective Communication
2148,English Proficiency (Spoken)
2148,English Proficiency (Written)
2149,MS-Excel
2149,English Proficiency (Written)
2150,English Proficiency (Written)
2151,MS-Office
2151,MS-Excel
2151,Data entry
2151,English Proficiency (Spoken)
2151,English Proficiency (Written)
2152,Negotiation
2152,Digital Marketing
2152,Market research
2152,Marketing Strategies
2153,MS-Excel
2153,English Proficiency (Spoken)
2153,English Proficiency (Written)
2153,Presentation skills
2153,Kannada Proficiency (Spoken)
2153,Interpersonal skills
2153,Effective Communication
2154,Legal Research
2154,Company Law
2154,Legal Drafting
2154,Statutory compliances
2154,Legal Writing
2154,Contract Management
2155,MS-Office
2155,MS-Excel
2155,English Proficiency (Spoken)
2155,English Proficiency (Written)
2155,Accounting
2155,Tally
2156,MS-Office
2156,MS-Excel
2156,Effective Communication
2156,MS-PowerPoint
2157,Effective Communication
2157,Leadership
2157,Team Management
2157,E-commerce
2157,Data Analytics
2157,Mentorship
2157,B2B Sales
2157,Sales
2158,English Proficiency (Spoken)
2158,Lead Generation
2158,Sales Management
2158,Sales
2159,English Proficiency (Spoken)
2159,Negotiation
2159,Effective Communication
2159,Sales
2159,Problem Solving
2160,English Proficiency (Spoken)
2160,Negotiation
2160,Effective Communication
2160,Sales
2160,Problem Solving
2161,Sales Management
2161,Sales
2162,Accounting
2164,Negotiation
2164,Digital Marketing
2165,MS-Excel
2165,English Proficiency (Spoken)
2165,Presentation skills
2165,Effective Communication
2165,Sales
2166,Effective Communication
2167,MS-Office
2167,MS-Excel
2167,English Proficiency (Spoken)
2167,English Proficiency (Written)
2168,Sales
2169,MS-Excel
2169,English Proficiency (Spoken)
2169,English Proficiency (Written)
2169,Effective Communication
2169,Sales
2170,English Proficiency (Spoken)
2170,English Proficiency (Written)
2170,Interpersonal skills
2171,English Proficiency (Spoken)
2171,English Proficiency (Written)
2171,Effective Communication
2172,Effective Communication
2172,Problem Solving
2174,MS-Office
2174,MS-Excel
2174,English Proficiency (Spoken)
2174,English Proficiency (Written)
2175,Sales
2176,MS-Excel
2176,MS-PowerPoint
2177,Sales
2180,English Proficiency (Spoken)
2180,English Proficiency (Written)
2182,Lead Generation
2182,Sales
2183,Effective Communication
2183,Sales
2184,MS-Excel
2184,Data entry
2184,Data Analytics
2187,MS-Excel
2187,English Proficiency (Spoken)
2188,MS-Excel
2188,English Proficiency (Written)
2189,English Proficiency (Spoken)
2189,English Proficiency (Written)
2191,Effective Communication
2192,Sales
2193,MS-Office
2193,MS-Excel
2193,English Proficiency (Spoken)
2194,MS-Office
2195,Negotiation
2195,Sales Management
2195,Sales
2196,Effective Communication
2197,English Proficiency (Spoken)
2197,Effective Communication
2198,English Proficiency (Spoken)
2198,English Proficiency (Written)
2199,MS-Excel
2199,English Proficiency (Written)
2200,English Proficiency (Written)
2201,MS-Office
2201,MS-Excel
2201,Data entry
2201,English Proficiency (Spoken)
2201,English Proficiency (Written)
2202,Negotiation
2202,Digital Marketing
2202,Market research
2202,Marketing Strategies
2203,MS-Excel
2203,English Proficiency (Spoken)
2203,English Proficiency (Written)
2203,Presentation skills
2203,Kannada Proficiency (Spoken)
2203,Interpersonal skills
2203,Effective Communication
2204,Legal Research
2204,Company Law
2204,Legal Drafting
2204,Statutory compliances
2204,Legal Writing
2204,Contract Management
2205,MS-Office
2205,MS-Excel
2205,English Proficiency (Spoken)
2205,English Proficiency (Written)
2205,Accounting
2205,Tally
2206,MS-Office
2206,MS-Excel
2206,Effective Communication
2206,MS-PowerPoint
2207,Effective Communication
2207,Leadership
2207,Team Management
2207,E-commerce
2207,Data Analytics
2207,Mentorship
2207,B2B Sales
2207,Sales
2208,English Proficiency (Spoken)
2208,Lead Generation
2208,Sales Management
2208,Sales
2209,English Proficiency (Spoken)
2209,Negotiation
2209,Effective Communication
2209,Sales
2209,Problem Solving
2210,English Proficiency (Spoken)
2210,Negotiation
2210,Effective Communication
2210,Sales
2210,Problem Solving
2211,Sales Management
2211,Sales
2212,Accounting
2214,Negotiation
2214,Digital Marketing
2215,MS-Excel
2215,English Proficiency (Spoken)
2215,Presentation skills
2215,Effective Communication
2215,Sales
2216,Effective Communication
2217,MS-Office
2217,MS-Excel
2217,English Proficiency (Spoken)
2217,English Proficiency (Written)
2218,Sales
2219,MS-Excel
2219,English Proficiency (Spoken)
2219,English Proficiency (Written)
2219,Effective Communication
2219,Sales
2220,English Proficiency (Spoken)
2220,English Proficiency (Written)
2220,Interpersonal skills
2221,English Proficiency (Spoken)
2221,English Proficiency (Written)
2221,Effective Communication
2222,Effective Communication
2222,Problem Solving
2224,MS-Office
2224,MS-Excel
2224,English Proficiency (Spoken)
2224,English Proficiency (Written)
2225,Sales
2226,MS-Excel
2226,MS-PowerPoint
2227,Sales
2230,English Proficiency (Spoken)
2230,English Proficiency (Written)
2232,Lead Generation
2232,Sales
2233,Effective Communication
2233,Sales
2234,MS-Excel
2234,Data entry
2234,Data Analytics
2237,MS-Excel
2237,English Proficiency (Spoken)
2238,MS-Excel
2238,English Proficiency (Written)
2239,English Proficiency (Spoken)
2239,English Proficiency (Written)
2241,Effective Communication
2242,Sales
2243,MS-Office
2243,MS-Excel
2243,English Proficiency (Spoken)
2244,MS-Office
2245,Negotiation
2245,Sales Management
2245,Sales
2246,Effective Communication
2247,English Proficiency (Spoken)
2247,Effective Communication
2248,English Proficiency (Spoken)
2248,English Proficiency (Written)
2249,MS-Excel
2249,English Proficiency (Written)
2250,English Proficiency (Written)
2251,MS-Office
2251,MS-Excel
2251,Data entry
2251,English Proficiency (Spoken)
2251,English Proficiency (Written)
2252,Negotiation
2252,Digital Marketing
2252,Market research
2252,Marketing Strategies
2253,MS-Excel
2253,English Proficiency (Spoken)
2253,English Proficiency (Written)
2253,Presentation skills
2253,Kannada Proficiency (Spoken)
2253,Interpersonal skills
2253,Effective Communication
2254,Legal Research
2254,Company Law
2254,Legal Drafting
2254,Statutory compliances
2254,Legal Writing
2254,Contract Management
2255,MS-Office
2255,MS-Excel
2255,English Proficiency (Spoken)
2255,English Proficiency (Written)
2255,Accounting
2255,Tally
2256,MS-Office
2256,MS-Excel
2256,Effective Communication
2256,MS-PowerPoint
2257,Effective Communication
2257,Leadership
2257,Team Management
2257,E-commerce
2257,Data Analytics
2257,Mentorship
2257,B2B Sales
2257,Sales
2258,English Proficiency (Spoken)
2258,Lead Generation
2258,Sales Management
2258,Sales
2259,English Proficiency (Spoken)
2259,Negotiation
2259,Effective Communication
2259,Sales
2259,Problem Solving
2260,English Proficiency (Spoken)
2260,Negotiation
2260,Effective Communication
2260,Sales
2260,Problem Solving
2261,Sales Management
2261,Sales
2262,Accounting
2264,Negotiation
2264,Digital Marketing
2265,MS-Excel
2265,English Proficiency (Spoken)
2265,Presentation skills
2265,Effective Communication
2265,Sales
2266,Effective Communication
2267,MS-Office
2267,MS-Excel
2267,English Proficiency (Spoken)
2267,English Proficiency (Written)
2268,Sales
2269,MS-Excel
2269,English Proficiency (Spoken)
2269,English Proficiency (Written)
2269,Effective Communication
2269,Sales
2270,English Proficiency (Spoken)
2270,English Proficiency (Written)
2270,Interpersonal skills
2271,English Proficiency (Spoken)
2271,English Proficiency (Written)
2271,Effective Communication
2272,Effective Communication
2272,Problem Solving
2274,MS-Office
2274,MS-Excel
2274,English Proficiency (Spoken)
2274,English Proficiency (Written)
2275,Sales
2276,MS-Excel
2276,MS-PowerPoint
2277,Sales
2280,English Proficiency (Spoken)
2280,English Proficiency (Written)
2282,Lead Generation
2282,Sales
2283,Effective Communication
2283,Sales
2284,MS-Excel
2284,Data entry
2284,Data Analytics
2287,MS-Excel
2287,English Proficiency (Spoken)
2288,MS-Excel
2288,English Proficiency (Written)
2289,English Proficiency (Spoken)
2289,English Proficiency (Written)
2291,Effective Communication
2292,Sales
2293,MS-Office
2293,MS-Excel
2293,English Proficiency (Spoken)
2294,MS-Office
2295,Negotiation
2295,Sales Management
2295,Sales
2296,Effective Communication
2297,English Proficiency (Spoken)
2297,Effective Communication
2298,English Proficiency (Spoken)
2298,English Proficiency (Written)
2299,MS-Excel
2299,English Proficiency (Written)
2300,English Proficiency (Written)
2301,MS-Office
2301,MS-Excel
2301,Data entry
2301,English Proficiency (Spoken)
2301,English Proficiency (Written)
2302,Negotiation
2302,Digital Marketing
2302,Market research
2302,Marketing Strategies
2303,MS-Excel
2303,English Proficiency (Spoken)
2303,English Proficiency (Written)
2303,Presentation skills
2303,Kannada Proficiency (Spoken)
2303,Interpersonal skills
2303,Effective Communication
2304,Legal Research
2304,Company Law
2304,Legal Drafting
2304,Statutory compliances
2304,Legal Writing
2304,Contract Management
2305,MS-Office
2305,MS-Excel
2305,English Proficiency (Spoken)
2305,English Proficiency (Written)
2305,Accounting
2305,Tally
2306,MS-Office
2306,MS-Excel
2306,Effective Communication
2306,MS-PowerPoint
2307,Effective Communication
2307,Leadership
2307,Team Management
2307,E-commerce
2307,Data Analytics
2307,Mentorship
2307,B2B Sales
2307,Sales
2308,English Proficiency (Spoken)
2308,Lead Generation
2308,Sales Management
2308,Sales
2309,English Proficiency (Spoken)
2309,Negotiation
2309,Effective Communication
2309,Sales
2309,Problem Solving
2310,English Proficiency (Spoken)
2310,Negotiation
2310,Effective Communication
2310,Sales
2310,Problem Solving
2311,Sales Management
2311,Sales
2312,Accounting
2314,Negotiation
2314,Digital Marketing
2315,MS-Excel
2315,English Proficiency (Spoken)
2315,Presentation skills
2315,Effective Communication
2315,Sales
2316,Effective Communication
2317,MS-Office
2317,MS-Excel
2317,English Proficiency (Spoken)
2317,English Proficiency (Written)
2318,Sales
2319,MS-Excel
2319,English Proficiency (Spoken)
2319,English Proficiency (Written)
2319,Effective Communication
2319,Sales
2320,English Proficiency (Spoken)
2320,English Proficiency (Written)
2320,Interpersonal skills
2321,English Proficiency (Spoken)
2321,English Proficiency (Written)
2321,Effective Communication
2322,Effective Communication
2322,Problem Solving
2324,MS-Office
2324,MS-Excel
2324,English Proficiency (Spoken)
2324,English Proficiency (Written)
2325,Sales
2326,MS-Excel
2326,MS-PowerPoint
2327,Sales
2330,English Proficiency (Spoken)
2330,English Proficiency (Written)
2332,Lead Generation
2332,Sales
2333,Effective Communication
2333,Sales
2334,MS-Excel
2334,Data entry
2334,Data Analytics
2337,MS-Excel
2337,English Proficiency (Spoken)
2338,MS-Excel
2338,English Proficiency (Written)
2339,English Proficiency (Spoken)
2339,English Proficiency (Written)
2341,Effective Communication
2342,Sales
2343,MS-Office
2343,MS-Excel
2343,English Proficiency (Spoken)
2344,MS-Office
2345,Negotiation
2345,Sales Management
2345,Sales
2346,Effective Communication
2347,English Proficiency (Spoken)
2347,Effective Communication
2348,English Proficiency (Spoken)
2348,English Proficiency (Written)
2349,MS-Excel
2349,English Proficiency (Written)
2350,English Proficiency (Written)
2351,MS-Office
2351,MS-Excel
2351,Data entry
2351,English Proficiency (Spoken)
2351,English Proficiency (Written)
2352,Negotiation
2352,Digital Marketing
2352,Market research
2352,Marketing Strategies
2353,MS-Excel
2353,English Proficiency (Spoken)
2353,English Proficiency (Written)
2353,Presentation skills
2353,Kannada Proficiency (Spoken)
2353,Interpersonal skills
2353,Effective Communication
2354,Legal Research
2354,Company Law
2354,Legal Drafting
2354,Statutory compliances
2354,Legal Writing
2354,Contract Management
2355,MS-Office
2355,MS-Excel
2355,English Proficiency (Spoken)
2355,English Proficiency (Written)
2355,Accounting
2355,Tally
2356,MS-Office
2356,MS-Excel
2356,Effective Communication
2356,MS-PowerPoint
2357,Effective Communication
2357,Leadership
2357,Team Management
2357,E-commerce
2357,Data Analytics
2357,Mentorship
2357,B2B Sales
2357,Sales
2358,English Proficiency (Spoken)
2358,Lead Generation
2358,Sales Management
2358,Sales
2359,English Proficiency (Spoken)
2359,Negotiation
2359,Effective Communication
2359,Sales
2359,Problem Solving
2360,English Proficiency (Spoken)
2360,Negotiation
2360,Effective Communication
2360,Sales
2360,Problem Solving
2361,Sales Management
2361,Sales
2362,Accounting
2364,Negotiation
2364,Digital Marketing
2365,MS-Excel
2365,English Proficiency (Spoken)
2365,Presentation skills
2365,Effective Communication
2365,Sales
2366,Effective Communication
2367,MS-Office
2367,MS-Excel
2367,English Proficiency (Spoken)
2367,English Proficiency (Written)
2368,Sales
2369,MS-Excel
2369,English Proficiency (Spoken)
2369,English Proficiency (Written)
2369,Effective Communication
2369,Sales
2370,English Proficiency (Spoken)
2370,English Proficiency (Written)
2370,Interpersonal skills
2371,English Proficiency (Spoken)
2371,English Proficiency (Written)
2371,Effective Communication
2372,Effective Communication
2372,Problem Solving
2374,MS-Office
2374,MS-Excel
2374,English Proficiency (Spoken)
2374,English Proficiency (Written)
2375,Sales
2376,MS-Excel
2376,MS-PowerPoint
2377,Sales
2380,English Proficiency (Spoken)
2380,English Proficiency (Written)
2382,Lead Generation
2382,Sales
2383,Effective Communication
2383,Sales
2384,MS-Excel
2384,Data entry
2384,Data Analytics
2387,MS-Excel
2387,English Proficiency (Spoken)
2388,MS-Excel
2388,English Proficiency (Written)
2389,English Proficiency (Spoken)
2389,English Proficiency (Written)
2391,Effective Communication
2392,Sales
2393,MS-Office
2393,MS-Excel
2393,English Proficiency (Spoken)
2394,MS-Office
2395,Negotiation
2395,Sales Management
2395,Sales
2396,Effective Communication
2397,English Proficiency (Spoken)
2397,Effective Communication
2398,English Proficiency (Spoken)
2398,English Proficiency (Written)
2399,MS-Excel
2399,English Proficiency (Written)
2400,English Proficiency (Written)
2401,MS-Office
2401,MS-Excel
2401,Data entry
2401,English Proficiency (Spoken)
2401,English Proficiency (Written)
2402,Negotiation
2402,Digital Marketing
2402,Market research
2402,Marketing Strategies
2403,MS-Excel
2403,English Proficiency (Spoken)
2403,English Proficiency (Written)
2403,Presentation skills
2403,Kannada Proficiency (Spoken)
2403,Interpersonal skills
2403,Effective Communication
2404,Legal Research
2404,Company Law
2404,Legal Drafting
2404,Statutory compliances
2404,Legal Writing
2404,Contract Management
2405,MS-Office
2405,MS-Excel
2405,English Proficiency (Spoken)
2405,English Proficiency (Written)
2405,Accounting
2405,Tally
2406,MS-Office
2406,MS-Excel
2406,Effective Communication
2406,MS-PowerPoint
2407,Effective Communication
2407,Leadership
2407,Team Management
2407,E-commerce
2407,Data Analytics
2407,Mentorship
2407,B2B Sales
2407,Sales
2408,English Proficiency (Spoken)
2408,Lead Generation
2408,Sales Management
2408,Sales
2409,English Proficiency (Spoken)
2409,Negotiation
2409,Effective Communication
2409,Sales
2409,Problem Solving
2410,English Proficiency (Spoken)
2410,Negotiation
2410,Effective Communication
2410,Sales
2410,Problem Solving
2411,Sales Management
2411,Sales
2412,Accounting
2414,Negotiation
2414,Digital Marketing
2415,MS-Excel
2415,English Proficiency (Spoken)
2415,Presentation skills
2415,Effective Communication
2415,Sales
2416,Effective Communication
2417,MS-Office
2417,MS-Excel
2417,English Proficiency (Spoken)
2417,English Proficiency (Written)
2418,Sales
2419,MS-Excel
2419,English Proficiency (Spoken)
2419,English Proficiency (Written)
2419,Effective Communication
2419,Sales
2420,English Proficiency (Spoken)
2420,English Proficiency (Written)
2420,Interpersonal skills
2421,English Proficiency (Spoken)
2421,English Proficiency (Written)
2421,Effective Communication
2422,Effective Communication
2422,Problem Solving
2424,MS-Office
2424,MS-Excel
2424,English Proficiency (Spoken)
2424,English Proficiency (Written)
2425,Sales
2426,MS-Excel
2426,MS-PowerPoint
2427,Sales
2430,English Proficiency (Spoken)
2430,English Proficiency (Written)
2432,Lead Generation
2432,Sales
2433,Effective Communication
2433,Sales
2434,MS-Excel
2434,Data entry
2434,Data Analytics
2437,MS-Excel
2437,English Proficiency (Spoken)
2438,MS-Excel
2438,English Proficiency (Written)
2439,English Proficiency (Spoken)
2439,English Proficiency (Written)
2441,Effective Communication
2442,Sales
2443,MS-Office
2443,MS-Excel
2443,English Proficiency (Spoken)
2444,MS-Office
2445,Negotiation
2445,Sales Management
2445,Sales
2446,Effective Communication
2447,English Proficiency (Spoken)
2447,Effective Communication
2448,English Proficiency (Spoken)
2448,English Proficiency (Written)
2449,MS-Excel
2449,English Proficiency (Written)
2450,English Proficiency (Written)
2451,MS-Office
2451,MS-Excel
2451,Data entry
2451,English Proficiency (Spoken)
2451,English Proficiency (Written)
2452,Negotiation
2452,Digital Marketing
2452,Market research
2452,Marketing Strategies
2453,MS-Excel
2453,English Proficiency (Spoken)
2453,English Proficiency (Written)
2453,Presentation skills
2453,Kannada Proficiency (Spoken)
2453,Interpersonal skills
2453,Effective Communication
2454,Legal Research
2454,Company Law
2454,Legal Drafting
2454,Statutory compliances
2454,Legal Writing
2454,Contract Management
2455,MS-Office
2455,MS-Excel
2455,English Proficiency (Spoken)
2455,English Proficiency (Written)
2455,Accounting
2455,Tally
2456,MS-Office
2456,MS-Excel
2456,Effective Communication
2456,MS-PowerPoint
2457,Effective Communication
2457,Leadership
2457,Team Management
2457,E-commerce
2457,Data Analytics
2457,Mentorship
2457,B2B Sales
2457,Sales
2458,English Proficiency (Spoken)
2458,Lead Generation
2458,Sales Management
2458,Sales
2459,English Proficiency (Spoken)
2459,Negotiation
2459,Effective Communication
2459,Sales
2459,Problem Solving
2460,English Proficiency (Spoken)
2460,Negotiation
2460,Effective Communication
2460,Sales
2460,Problem Solving
2461,Sales Management
2461,Sales
2462,Accounting
2464,Negotiation
2464,Digital Marketing
2465,MS-Excel
2465,English Proficiency (Spoken)
2465,Presentation skills
2465,Effective Communication
2465,Sales
2466,Effective Communication
2467,MS-Office
2467,MS-Excel
2467,English Proficiency (Spoken)
2467,English Proficiency (Written)
2468,Sales
2469,MS-Excel
2469,English Proficiency (Spoken)
2469,English Proficiency (Written)
2469,Effective Communication
2469,Sales
2470,English Proficiency (Spoken)
2470,English Proficiency (Written)
2470,Interpersonal skills
2471,English Proficiency (Spoken)
2471,English Proficiency (Written)
2471,Effective Communication
2472,Effective Communication
2472,Problem Solving
2474,MS-Office
2474,MS-Excel
2474,English Proficiency (Spoken)
2474,English Proficiency (Written)
2475,Sales
2476,MS-Excel
2476,MS-PowerPoint
2477,Sales
2480,English Proficiency (Spoken)
2480,English Proficiency (Written)
2482,Lead Generation
2482,Sales
2483,Effective Communication
2483,Sales
2484,MS-Excel
2484,Data entry
2484,Data Analytics
2487,MS-Excel
2487,English Proficiency (Spoken)
2488,MS-Excel
2488,English Proficiency (Written)
2489,English Proficiency (Spoken)
2489,English Proficiency (Written)
2491,Effective Communication
2492,Sales
2493,MS-Office
2493,MS-Excel
2493,English Proficiency (Spoken)
2494,MS-Office
2495,Negotiation
2495,Sales Management
2495,Sales
2496,Effective Communication
2497,English Proficiency (Spoken)
2497,Effective Communication
2498,English Proficiency (Spoken)
2498,English Proficiency (Written)
2499,MS-Excel
2499,English Proficiency (Written)
2500,English Proficiency (Written)
2501,MS-Office
2501,MS-Excel
2501,Data entry
2501,English Proficiency (Spoken)
2501,English Proficiency (Written)
2502,Negotiation
2502,Digital Marketing
2502,Market research
2502,Marketing Strategies
2503,MS-Excel
2503,English Proficiency (Spoken)
2503,English Proficiency (Written)
2503,Presentation skills
2503,Kannada Proficiency (Spoken)
2503,Interpersonal skills
2503,Effective Communication
2504,Legal Research
2504,Company Law
2504,Legal Drafting
2504,Statutory compliances
2504,Legal Writing
2504,Contract Management
2505,MS-Office
2505,MS-Excel
2505,English Proficiency (Spoken)
2505,English Proficiency (Written)
2505,Accounting
2505,Tally
2506,MS-Office
2506,MS-Excel
2506,Effective Communication
2506,MS-PowerPoint
2507,Effective Communication
2507,Leadership
2507,Team Management
2507,E-commerce
2507,Data Analytics
2507,Mentorship
2507,B2B Sales
2507,Sales
2508,English Proficiency (Spoken)
2508,Lead Generation
2508,Sales Management
2508,Sales
2509,English Proficiency (Spoken)
2509,Negotiation
2509,Effective Communication
2509,Sales
2509,Problem Solving
2510,English Proficiency (Spoken)
2510,Negotiation
2510,Effective Communication
2510,Sales
2510,Problem Solving
2511,Sales Management
2511,Sales
2512,Accounting
2514,Negotiation
2514,Digital Marketing
2515,MS-Excel
2515,English Proficiency (Spoken)
2515,Presentation skills
2515,Effective Communication
2515,Sales
2516,Effective Communication
2517,MS-Office
2517,MS-Excel
2517,English Proficiency (Spoken)
2517,English Proficiency (Written)
2518,Sales
2519,MS-Excel
2519,English Proficiency (Spoken)
2519,English Proficiency (Written)
2519,Effective Communication
2519,Sales
2520,English Proficiency (Spoken)
2520,English Proficiency (Written)
2520,Interpersonal skills
2521,English Proficiency (Spoken)
2521,English Proficiency (Written)
2521,Effective Communication
2522,Effective Communication
2522,Problem Solving
2524,MS-Office
2524,MS-Excel
2524,English Proficiency (Spoken)
2524,English Proficiency (Written)
2525,Sales
2526,MS-Excel
2526,MS-PowerPoint
2527,Sales
2530,English Proficiency (Spoken)
2530,English Proficiency (Written)
2532,Lead Generation
2532,Sales
2533,Effective Communication
2533,Sales
2534,MS-Excel
2534,Data entry
2534,Data Analytics
2537,MS-Excel
2537,English Proficiency (Spoken)
2538,MS-Excel
2538,English Proficiency (Written)
2539,English Proficiency (Spoken)
2539,English Proficiency (Written)
2541,Effective Communication
2542,Sales
2543,MS-Office
2543,MS-Excel
2543,English Proficiency (Spoken)
2544,MS-Office
2545,Negotiation
2545,Sales Management
2545,Sales
2546,Effective Communication
2547,English Proficiency (Spoken)
2547,Effective Communication
2548,English Proficiency (Spoken)
2548,English Proficiency (Written)
2549,MS-Excel
2549,English Proficiency (Written)
2550,English Proficiency (Written)
2551,MS-Office
2551,MS-Excel
2551,Data entry
2551,English Proficiency (Spoken)
2551,English Proficiency (Written)
2552,Negotiation
2552,Digital Marketing
2552,Market research
2552,Marketing Strategies
2553,MS-Excel
2553,English Proficiency (Spoken)
2553,English Proficiency (Written)
2553,Presentation skills
2553,Kannada Proficiency (Spoken)
2553,Interpersonal skills
2553,Effective Communication
2554,Legal Research
2554,Company Law
2554,Legal Drafting
2554,Statutory compliances
2554,Legal Writing
2554,Contract Management
2555,MS-Office
2555,MS-Excel
2555,English Proficiency (Spoken)
2555,English Proficiency (Written)
2555,Accounting
2555,Tally
2556,MS-Office
2556,MS-Excel
2556,Effective Communication
2556,MS-PowerPoint
2557,Effective Communication
2557,Leadership
2557,Team Management
2557,E-commerce
2557,Data Analytics
2557,Mentorship
2557,B2B Sales
2557,Sales
2558,English Proficiency (Spoken)
2558,Lead Generation
2558,Sales Management
2558,Sales
2559,English Proficiency (Spoken)
2559,Negotiation
2559,Effective Communication
2559,Sales
2559,Problem Solving
2560,English Proficiency (Spoken)
2560,Negotiation
2560,Effective Communication
2560,Sales
2560,Problem Solving
2561,Sales Management
2561,Sales
2562,Accounting
2564,Negotiation
2564,Digital Marketing
2565,MS-Excel
2565,English Proficiency (Spoken)
2565,Presentation skills
2565,Effective Communication
2565,Sales
2566,Effective Communication
2567,MS-Office
2567,MS-Excel
2567,English Proficiency (Spoken)
2567,English Proficiency (Written)
2568,Sales
2569,MS-Excel
2569,English Proficiency (Spoken)
2569,English Proficiency (Written)
2569,Effective Communication
2569,Sales
2570,English Proficiency (Spoken)
2570,English Proficiency (Written)
2570,Interpersonal skills
2571,English Proficiency (Spoken)
2571,English Proficiency (Written)
2571,Effective Communication
2572,Effective Communication
2572,Problem Solving
2574,MS-Office
2574,MS-Excel
2574,English Proficiency (Spoken)
2574,English Proficiency (Written)
2575,Sales
2576,MS-Excel
2576,MS-PowerPoint
2577,Sales
2580,English Proficiency (Spoken)
2580,English Proficiency (Written)
2582,Lead Generation
2582,Sales
2583,Effective Communication
2583,Sales
2584,MS-Excel
2584,Data entry
2584,Data Analytics
2587,MS-Excel
2587,English Proficiency (Spoken)
2588,MS-Excel
2588,English Proficiency (Written)
2589,English Proficiency (Spoken)
2589,English Proficiency (Written)
2591,Effective Communication
2592,Sales
2593,MS-Office
2593,MS-Excel
2593,English Proficiency (Spoken)
2594,MS-Office
2595,Negotiation
2595,Sales Management
2595,Sales
2596,Effective Communication
2597,English Proficiency (Spoken)
2597,Effective Communication
2598,English Proficiency (Spoken)
2598,English Proficiency (Written)
2599,MS-Excel
2599,English Proficiency (Written)
2600,English Proficiency (Written)
2601,MS-Office
2601,MS-Excel
2601,Data entry
2601,English Proficiency (Spoken)
2601,English Proficiency (Written)
2602,Negotiation
2602,Digital Marketing
2602,Market research
2602,Marketing Strategies
2603,MS-Excel
2603,English Proficiency (Spoken)
2603,English Proficiency (Written)
2603,Presentation skills
2603,Kannada Proficiency (Spoken)
2603,Interpersonal skills
2603,Effective Communication
2604,Legal Research
2604,Company Law
2604,Legal Drafting
2604,Statutory compliances
2604,Legal Writing
2604,Contract Management
2605,MS-Office
2605,MS-Excel
2605,English Proficiency (Spoken)
2605,English Proficiency (Written)
2605,Accounting
2605,Tally
2606,MS-Office
2606,MS-Excel
2606,Effective Communication
2606,MS-PowerPoint
2607,Effective Communication
2607,Leadership
2607,Team Management
2607,E-commerce
2607,Data Analytics
2607,Mentorship
2607,B2B Sales
2607,Sales
2608,English Proficiency (Spoken)
2608,Lead Generation
2608,Sales Management
2608,Sales
2609,English Proficiency (Spoken)
2609,Negotiation
2609,Effective Communication
2609,Sales
2609,Problem Solving
2610,English Proficiency (Spoken)
2610,Negotiation
2610,Effective Communication
2610,Sales
2610,Problem Solving
2611,Sales Management
2611,Sales
2612,Accounting
2614,Negotiation
2614,Digital Marketing
2615,MS-Excel
2615,English Proficiency (Spoken)
2615,Presentation skills
2615,Effective Communication
2615,Sales
2616,Effective Communication
2617,MS-Office
2617,MS-Excel
2617,English Proficiency (Spoken)
2617,English Proficiency (Written)
2618,Sales
2619,MS-Excel
2619,English Proficiency (Spoken)
2619,English Proficiency (Written)
2619,Effective Communication
2619,Sales
2620,English Proficiency (Spoken)
2620,English Proficiency (Written)
2620,Interpersonal skills
2621,English Proficiency (Spoken)
2621,English Proficiency (Written)
2621,Effective Communication
2622,Effective Communication
2622,Problem Solving
2624,MS-Office
2624,MS-Excel
2624,English Proficiency (Spoken)
2624,English Proficiency (Written)
2625,Sales
2626,MS-Excel
2626,MS-PowerPoint
2627,Sales
2630,English Proficiency (Spoken)
2630,English Proficiency (Written)
2632,Lead Generation
2632,Sales
2633,Effective Communication
2633,Sales
2634,MS-Excel
2634,Data entry
2634,Data Analytics
2637,MS-Excel
2637,English Proficiency (Spoken)
2638,MS-Excel
2638,English Proficiency (Written)
2639,English Proficiency (Spoken)
2639,English Proficiency (Written)
2641,Effective Communication
2642,Sales
2643,MS-Office
2643,MS-Excel
2643,English Proficiency (Spoken)
2644,MS-Office
2645,Negotiation
2645,Sales Management
2645,Sales
2646,Effective Communication
2647,English Proficiency (Spoken)
2647,Effective Communication
2648,English Proficiency (Spoken)
2648,English Proficiency (Written)
2649,MS-Excel
2649,English Proficiency (Written)
2650,English Proficiency (Written)
2651,MS-Office
2651,MS-Excel
2651,Data entry
2651,English Proficiency (Spoken)
2651,English Proficiency (Written)
2652,Negotiation
2652,Digital Marketing
2652,Market research
2652,Marketing Strategies
2653,MS-Excel
2653,English Proficiency (Spoken)
2653,English Proficiency (Written)
2653,Presentation skills
2653,Kannada Proficiency (Spoken)
2653,Interpersonal skills
2653,Effective Communication
2654,Legal Research
2654,Company Law
2654,Legal Drafting
2654,Statutory compliances
2654,Legal Writing
2654,Contract Management
2655,MS-Office
2655,MS-Excel
2655,English Proficiency (Spoken)
2655,English Proficiency (Written)
2655,Accounting
2655,Tally
2656,MS-Office
2656,MS-Excel
2656,Effective Communication
2656,MS-PowerPoint
2657,Effective Communication
2657,Leadership
2657,Team Management
2657,E-commerce
2657,Data Analytics
2657,Mentorship
2657,B2B Sales
2657,Sales
2658,English Proficiency (Spoken)
2658,Lead Generation
2658,Sales Management
2658,Sales
2659,English Proficiency (Spoken)
2659,Negotiation
2659,Effective Communication
2659,Sales
2659,Problem Solving
2660,English Proficiency (Spoken)
2660,Negotiation
2660,Effective Communication
2660,Sales
2660,Problem Solving
2661,Sales Management
2661,Sales
2662,Accounting
2664,Negotiation
2664,Digital Marketing
2665,MS-Excel
2665,English Proficiency (Spoken)
2665,Presentation skills
2665,Effective Communication
2665,Sales
2666,Effective Communication
2667,MS-Office
2667,MS-Excel
2667,English Proficiency (Spoken)
2667,English Proficiency (Written)
2668,Sales
2669,MS-Excel
2669,English Proficiency (Spoken)
2669,English Proficiency (Written)
2669,Effective Communication
2669,Sales
2670,English Proficiency (Spoken)
2670,English Proficiency (Written)
2670,Interpersonal skills
2671,English Proficiency (Spoken)
2671,English Proficiency (Written)
2671,Effective Communication
2672,Effective Communication
2672,Problem Solving
2674,MS-Office
2674,MS-Excel
2674,English Proficiency (Spoken)
2674,English Proficiency (Written)
2675,Sales
2676,MS-Excel
2676,MS-PowerPoint
2677,Sales
2680,English Proficiency (Spoken)
2680,English Proficiency (Written)
2682,Lead Generation
2682,Sales
2683,Effective Communication
2683,Sales
2684,MS-Excel
2684,Data entry
2684,Data Analytics
2687,MS-Excel
2687,English Proficiency (Spoken)
2688,MS-Excel
2688,English Proficiency (Written)
2689,English Proficiency (Spoken)
2689,English Proficiency (Written)
2691,Effective Communication
2692,Sales
2693,MS-Office
2693,MS-Excel
2693,English Proficiency (Spoken)
2694,MS-Office
2695,Negotiation
2695,Sales Management
2695,Sales
2696,Effective Communication
2697,English Proficiency (Spoken)
2697,Effective Communication
2698,English Proficiency (Spoken)
2698,English Proficiency (Written)
2699,MS-Excel
2699,English Proficiency (Written)
2700,English Proficiency (Written)
2701,MS-Office
2701,MS-Excel
2701,Data entry
2701,English Proficiency (Spoken)
2701,English Proficiency (Written)
2702,Negotiation
2702,Digital Marketing
2702,Market research
2702,Marketing Strategies
2703,MS-Excel
2703,English Proficiency (Spoken)
2703,English Proficiency (Written)
2703,Presentation skills
2703,Kannada Proficiency (Spoken)
2703,Interpersonal skills
2703,Effective Communication
2704,Legal Research
2704,Company Law
2704,Legal Drafting
2704,Statutory compliances
2704,Legal Writing
2704,Contract Management
2705,MS-Office
2705,MS-Excel
2705,English Proficiency (Spoken)
2705,English Proficiency (Written)
2705,Accounting
2705,Tally
2706,MS-Office
2706,MS-Excel
2706,Effective Communication
2706,MS-PowerPoint
2707,Effective Communication
2707,Leadership
2707,Team Management
2707,E-commerce
2707,Data Analytics
2707,Mentorship
2707,B2B Sales
2707,Sales
2708,English Proficiency (Spoken)
2708,Lead Generation
2708,Sales Management
2708,Sales
2709,English Proficiency (Spoken)
2709,Negotiation
2709,Effective Communication
2709,Sales
2709,Problem Solving
2710,English Proficiency (Spoken)
2710,Negotiation
2710,Effective Communication
2710,Sales
2710,Problem Solving
2711,Sales Management
2711,Sales
2712,Accounting
2714,Negotiation
2714,Digital Marketing
2715,MS-Excel
2715,English Proficiency (Spoken)
2715,Presentation skills
2715,Effective Communication
2715,Sales
2716,Effective Communication
2717,MS-Office
2717,MS-Excel
2717,English Proficiency (Spoken)
2717,English Proficiency (Written)
2718,Sales
2719,MS-Excel
2719,English Proficiency (Spoken)
2719,English Proficiency (Written)
2719,Effective Communication
2719,Sales
2720,English Proficiency (Spoken)
2720,English Proficiency (Written)
2720,Interpersonal skills
2721,English Proficiency (Spoken)
2721,English Proficiency (Written)
2721,Effective Communication
2722,Effective Communication
2722,Problem Solving
2724,MS-Office
2724,MS-Excel
2724,English Proficiency (Spoken)
2724,English Proficiency (Written)
2725,Sales
2726,MS-Excel
2726,MS-PowerPoint
2727,Sales
2730,English Proficiency (Spoken)
2730,English Proficiency (Written)
2732,Lead Generation
2732,Sales
2733,Effective Communication
2733,Sales
2734,MS-Excel
2734,Data entry
2734,Data Analytics
2737,MS-Excel
2737,English Proficiency (Spoken)
2738,MS-Excel
2738,English Proficiency (Written)
2739,English Proficiency (Spoken)
2739,English Proficiency (Written)
2741,Effective Communication
2742,Sales
2743,MS-Office
2743,MS-Excel
2743,English Proficiency (Spoken)
2744,MS-Office
2745,Negotiation
2745,Sales Management
2745,Sales
2746,Effective Communication
2747,English Proficiency (Spoken)
2747,Effective Communication
2748,English Proficiency (Spoken)
2748,English Proficiency (Written)
2749,MS-Excel
2749,English Proficiency (Written)
2750,English Proficiency (Written)
2751,MS-Office
2751,MS-Excel
2751,Data entry
2751,English Proficiency (Spoken)
2751,English Proficiency (Written)
2752,Negotiation
2752,Digital Marketing
2752,Market research
2752,Marketing Strategies
2753,MS-Excel
2753,English Proficiency (Spoken)
2753,English Proficiency (Written)
2753,Presentation skills
2753,Kannada Proficiency (Spoken)
2753,Interpersonal skills
2753,Effective Communication
2754,Legal Research
2754,Company Law
2754,Legal Drafting
2754,Statutory compliances
2754,Legal Writing
2754,Contract Management
2755,MS-Office
2755,MS-Excel
2755,English Proficiency (Spoken)
2755,English Proficiency (Written)
2755,Accounting
2755,Tally
2756,MS-Office
2756,MS-Excel
2756,Effective Communication
2756,MS-PowerPoint
2757,Effective Communication
2757,Leadership
2757,Team Management
2757,E-commerce
2757,Data Analytics
2757,Mentorship
2757,B2B Sales
2757,Sales
2758,English Proficiency (Spoken)
2758,Lead Generation
2758,Sales Management
2758,Sales
2759,English Proficiency (Spoken)
2759,Negotiation
2759,Effective Communication
2759,Sales
2759,Problem Solving
2760,English Proficiency (Spoken)
2760,Negotiation
2760,Effective Communication
2760,Sales
2760,Problem Solving
2761,Sales Management
2761,Sales
2762,Accounting
2764,Negotiation
2764,Digital Marketing
2765,MS-Excel
2765,English Proficiency (Spoken)
2765,Presentation skills
2765,Effective Communication
2765,Sales
2766,Effective Communication
2767,MS-Office
2767,MS-Excel
2767,English Proficiency (Spoken)
2767,English Proficiency (Written)
2768,Sales
2769,MS-Excel
2769,English Proficiency (Spoken)
2769,English Proficiency (Written)
2769,Effective Communication
2769,Sales
2770,English Proficiency (Spoken)
2770,English Proficiency (Written)
2770,Interpersonal skills
2771,English Proficiency (Spoken)
2771,English Proficiency (Written)
2771,Effective Communication
2772,Effective Communication
2772,Problem Solving
2774,MS-Office
2774,MS-Excel
2774,English Proficiency (Spoken)
2774,English Proficiency (Written)
2775,Sales
2776,MS-Excel
2776,MS-PowerPoint
2777,Sales
2780,English Proficiency (Spoken)
2780,English Proficiency (Written)
2782,Lead Generation
2782,Sales
2783,Effective Communication
2783,Sales
2784,MS-Excel
2784,Data entry
2784,Data Analytics
2787,MS-Excel
2787,English Proficiency (Spoken)
2788,MS-Excel
2788,English Proficiency (Written)
2789,English Proficiency (Spoken)
2789,English Proficiency (Written)
2791,Effective Communication
2792,Sales
2793,MS-Office
2793,MS-Excel
2793,English Proficiency (Spoken)
2794,MS-Office
2795,Negotiation
2795,Sales Management
2795,Sales
2796,Effective Communication
2797,English Proficiency (Spoken)
2797,Effective Communication
2798,English Proficiency (Spoken)
2798,English Proficiency (Written)
2799,MS-Excel
2799,English Proficiency (Written)
2800,English Proficiency (Written)
2801,MS-Office
2801,MS-Excel
2801,Data entry
2801,English Proficiency (Spoken)
2801,English Proficiency (Written)
2802,Negotiation
2802,Digital Marketing
2802,Market research
2802,Marketing Strategies
2803,MS-Excel
2803,English Proficiency (Spoken)
2803,English Proficiency (Written)
2803,Presentation skills
2803,Kannada Proficiency (Spoken)
2803,Interpersonal skills
2803,Effective Communication
2804,Legal Research
2804,Company Law
2804,Legal Drafting
2804,Statutory compliances
2804,Legal Writing
2804,Contract Management
2805,MS-Office
2805,MS-Excel
2805,English Proficiency (Spoken)
2805,English Proficiency (Written)
2805,Accounting
2805,Tally
2806,MS-Office
2806,MS-Excel
2806,Effective Communication
2806,MS-PowerPoint
2807,Effective Communication
2807,Leadership
2807,Team Management
2807,E-commerce
2807,Data Analytics
2807,Mentorship
2807,B2B Sales
2807,Sales
2808,English Proficiency (Spoken)
2808,Lead Generation
2808,Sales Management
2808,Sales
2809,English Proficiency (Spoken)
2809,Negotiation
2809,Effective Communication
2809,Sales
2809,Problem Solving
2810,English Proficiency (Spoken)
2810,Negotiation
2810,Effective Communication
2810,Sales
2810,Problem Solving
2811,Sales Management
2811,Sales
2812,Accounting
2814,Negotiation
2814,Digital Marketing
2815,MS-Excel
2815,English Proficiency (Spoken)
2815,Presentation skills
2815,Effective Communication
2815,Sales
2816,Effective Communication
2817,MS-Office
2817,MS-Excel
2817,English Proficiency (Spoken)
2817,English Proficiency (Written)
2818,Sales
2819,MS-Excel
2819,English Proficiency (Spoken)
2819,English Proficiency (Written)
2819,Effective Communication
2819,Sales
2820,English Proficiency (Spoken)
2820,English Proficiency (Written)
2820,Interpersonal skills
2821,English Proficiency (Spoken)
2821,English Proficiency (Written)
2821,Effective Communication
2822,Effective Communication
2822,Problem Solving
2824,MS-Office
2824,MS-Excel
2824,English Proficiency (Spoken)
2824,English Proficiency (Written)
2825,Sales
2826,MS-Excel
2826,MS-PowerPoint
2827,Sales
2830,English Proficiency (Spoken)
2830,English Proficiency (Written)
2832,Lead Generation
2832,Sales
2833,Effective Communication
2833,Sales
2834,MS-Excel
2834,Data entry
2834,Data Analytics
2837,MS-Excel
2837,English Proficiency (Spoken)
2838,MS-Excel
2838,English Proficiency (Written)
2839,English Proficiency (Spoken)
2839,English Proficiency (Written)
2841,Effective Communication
2842,Sales
2843,MS-Office
2843,MS-Excel
2843,English Proficiency (Spoken)
2844,MS-Office
2845,Negotiation
2845,Sales Management
2845,Sales
2846,Effective Communication
2847,English Proficiency (Spoken)
2847,Effective Communication
2848,English Proficiency (Spoken)
2848,English Proficiency (Written)
2849,MS-Excel
2849,English Proficiency (Written)
2850,English Proficiency (Written)
2851,MS-Office
2851,MS-Excel
2851,Data entry
2851,English Proficiency (Spoken)
2851,English Proficiency (Written)
2852,Negotiation
2852,Digital Marketing
2852,Market research
2852,Marketing Strategies
2853,MS-Excel
2853,English Proficiency (Spoken)
2853,English Proficiency (Written)
2853,Presentation skills
2853,Kannada Proficiency (Spoken)
2853,Interpersonal skills
2853,Effective Communication
2854,Legal Research
2854,Company Law
2854,Legal Drafting
2854,Statutory compliances
2854,Legal Writing
2854,Contract Management
2855,MS-Office
2855,MS-Excel
2855,English Proficiency (Spoken)
2855,English Proficiency (Written)
2855,Accounting
2855,Tally
2856,MS-Office
2856,MS-Excel
2856,Effective Communication
2856,MS-PowerPoint
2857,Effective Communication
2857,Leadership
2857,Team Management
2857,E-commerce
2857,Data Analytics
2857,Mentorship
2857,B2B Sales
2857,Sales
2858,English Proficiency (Spoken)
2858,Lead Generation
2858,Sales Management
2858,Sales
2859,English Proficiency (Spoken)
2859,Negotiation
2859,Effective Communication
2859,Sales
2859,Problem Solving
2860,English Proficiency (Spoken)
2860,Negotiation
2860,Effective Communication
2860,Sales
2860,Problem Solving
2861,Sales Management
2861,Sales
2862,Accounting
2864,Negotiation
2864,Digital Marketing
2865,MS-Excel
2865,English Proficiency (Spoken)
2865,Presentation skills
2865,Effective Communication
2865,Sales
2866,Effective Communication
2867,MS-Office
2867,MS-Excel
2867,English Proficiency (Spoken)
2867,English Proficiency (Written)
2868,Sales
2869,MS-Excel
2869,English Proficiency (Spoken)
2869,English Proficiency (Written)
2869,Effective Communication
2869,Sales
2870,English Proficiency (Spoken)
2870,English Proficiency (Written)
2870,Interpersonal skills
2871,English Proficiency (Spoken)
2871,English Proficiency (Written)
2871,Effective Communication
2872,Effective Communication
2872,Problem Solving
2874,MS-Office
2874,MS-Excel
2874,English Proficiency (Spoken)
2874,English Proficiency (Written)
2875,Sales
2876,MS-Excel
2876,MS-PowerPoint
2877,Sales
2880,English Proficiency (Spoken)
2880,English Proficiency (Written)
2882,Lead Generation
2882,Sales
2883,Effective Communication
2883,Sales
2884,MS-Excel
2884,Data entry
2884,Data Analytics
2887,MS-Excel
2887,English Proficiency (Spoken)
2888,MS-Excel
2888,English Proficiency (Written)
2889,English Proficiency (Spoken)
2889,English Proficiency (Written)
2891,Effective Communication
2892,Sales
2893,MS-Office
2893,MS-Excel
2893,English Proficiency (Spoken)
2894,MS-Office
2895,Negotiation
2895,Sales Management
2895,Sales
2896,Effective Communication
2897,English Proficiency (Spoken)
2897,Effective Communication
2898,English Proficiency (Spoken)
2898,English Proficiency (Written)
2899,MS-Excel
2899,English Proficiency (Written)
2900,English Proficiency (Written)
2901,MS-Office
2901,MS-Excel
2901,Data entry
2901,English Proficiency (Spoken)
2901,English Proficiency (Written)
2902,Negotiation
2902,Digital Marketing
2902,Market research
2902,Marketing Strategies
2903,MS-Excel
2903,English Proficiency (Spoken)
2903,English Proficiency (Written)
2903,Presentation skills
2903,Kannada Proficiency (Spoken)
2903,Interpersonal skills
2903,Effective Communication
2904,Legal Research
2904,Company Law
2904,Legal Drafting
2904,Statutory compliances
2904,Legal Writing
2904,Contract Management
2905,MS-Office
2905,MS-Excel
2905,English Proficiency (Spoken)
2905,English Proficiency (Written)
2905,Accounting
2905,Tally
2906,MS-Office
2906,MS-Excel
2906,Effective Communication
2906,MS-PowerPoint
2907,Effective Communication
2907,Leadership
2907,Team Management
2907,E-commerce
2907,Data Analytics
2907,Mentorship
2907,B2B Sales
2907,Sales
2908,English Proficiency (Spoken)
2908,Lead Generation
2908,Sales Management
2908,Sales
2909,English Proficiency (Spoken)
2909,Negotiation
2909,Effective Communication
2909,Sales
2909,Problem Solving
2910,English Proficiency (Spoken)
2910,Negotiation
2910,Effective Communication
2910,Sales
2910,Problem Solving
2911,Sales Management
2911,Sales
2912,Accounting
2914,Negotiation
2914,Digital Marketing
2915,MS-Excel
2915,English Proficiency (Spoken)
2915,Presentation skills
2915,Effective Communication
2915,Sales
2916,Effective Communication
2917,MS-Office
2917,MS-Excel
2917,English Proficiency (Spoken)
2917,English Proficiency (Written)
2918,Sales
2919,MS-Excel
2919,English Proficiency (Spoken)
2919,English Proficiency (Written)
2919,Effective Communication
2919,Sales
2920,English Proficiency (Spoken)
2920,English Proficiency (Written)
2920,Interpersonal skills
2921,English Proficiency (Spoken)
2921,English Proficiency (Written)
2921,Effective Communication
2922,Effective Communication
2922,Problem Solving
2924,MS-Office
2924,MS-Excel
2924,English Proficiency (Spoken)
2924,English Proficiency (Written)
2925,Sales
2926,MS-Excel
2926,MS-PowerPoint
2927,Sales
2930,English Proficiency (Spoken)
2930,English Proficiency (Written)
2932,Lead Generation
2932,Sales
2933,Effective Communication
2933,Sales
2934,MS-Excel
2934,Data entry
2934,Data Analytics
2937,MS-Excel
2937,English Proficiency (Spoken)
2938,MS-Excel
2938,English Proficiency (Written)
2939,English Proficiency (Spoken)
2939,English Proficiency (Written)
2941,Effective Communication
2942,Sales
2943,MS-Office
2943,MS-Excel
2943,English Proficiency (Spoken)
2944,MS-Office
2945,Negotiation
2945,Sales Management
2945,Sales
2946,Effective Communication
2947,English Proficiency (Spoken)
2947,Effective Communication
2948,English Proficiency (Spoken)
2948,English Proficiency (Written)
2949,MS-Excel
2949,English Proficiency (Written)
2950,English Proficiency (Written)
2951,MS-Office
2951,MS-Excel
2951,Data entry
2951,English Proficiency (Spoken)
2951,English Proficiency (Written)
2952,Negotiation
2952,Digital Marketing
2952,Market research
2952,Marketing Strategies
2953,MS-Excel
2953,English Proficiency (Spoken)
2953,English Proficiency (Written)
2953,Presentation skills
2953,Kannada Proficiency (Spoken)
2953,Interpersonal skills
2953,Effective Communication
2954,Legal Research
2954,Company Law
2954,Legal Drafting
2954,Statutory compliances
2954,Legal Writing
2954,Contract Management
2955,MS-Office
2955,MS-Excel
2955,English Proficiency (Spoken)
2955,English Proficiency (Written)
2955,Accounting
2955,Tally
2956,MS-Office
2956,MS-Excel
2956,Effective Communication
2956,MS-PowerPoint
2957,Effective Communication
2957,Leadership
2957,Team Management
2957,E-commerce
2957,Data Analytics
2957,Mentorship
2957,B2B Sales
2957,Sales
2958,English Proficiency (Spoken)
2958,Lead Generation
2958,Sales Management
2958,Sales
2959,English Proficiency (Spoken)
2959,Negotiation
2959,Effective Communication
2959,Sales
2959,Problem Solving
2960,English Proficiency (Spoken)
2960,Negotiation
2960,Effective Communication
2960,Sales
2960,Problem Solving
2961,Sales Management
2961,Sales
2962,Accounting
2964,Negotiation
2964,Digital Marketing
2965,MS-Excel
2965,English Proficiency (Spoken)
2965,Presentation skills
2965,Effective Communication
2965,Sales
2966,Effective Communication
2967,MS-Office
2967,MS-Excel
2967,English Proficiency (Spoken)
2967,English Proficiency (Written)
2968,Sales
2969,MS-Excel
2969,English Proficiency (Spoken)
2969,English Proficiency (Written)
2969,Effective Communication
2969,Sales
2970,English Proficiency (Spoken)
2970,English Proficiency (Written)
2970,Interpersonal skills
2971,English Proficiency (Spoken)
2971,English Proficiency (Written)
2971,Effective Communication
2972,Effective Communication
2972,Problem Solving
2974,MS-Office
2974,MS-Excel
2974,English Proficiency (Spoken)
2974,English Proficiency (Written)
2975,Sales
2976,MS-Excel
2976,MS-PowerPoint
2977,Sales
2980,English Proficiency (Spoken)
2980,English Proficiency (Written)
2982,Lead Generation
2982,Sales
2983,Effective Communication
2983,Sales
2984,MS-Excel
2984,Data entry
2984,Data Analytics
2987,MS-Excel
2987,English Proficiency (Spoken)
2988,MS-Excel
2988,English Proficiency (Written)
2989,English Proficiency (Spoken)
2989,English Proficiency (Written)
2991,Effective Communication
2992,Sales
2993,MS-Office
2993,MS-Excel
2993,English Proficiency (Spoken)
2994,MS-Office
2995,Negotiation
2995,Sales Management
2995,Sales
2996,Effective Communication
2997,English Proficiency (Spoken)
2997,Effective Communication
2998,English Proficiency (Spoken)
2998,English Proficiency (Written)
2999,MS-Excel
2999,English Proficiency (Written)
3000,English Proficiency (Written)
3001,MS-Office
3001,MS-Excel
3001,Data entry
3001,English Proficiency (Spoken)
3001,English Proficiency (Written)
3002,Negotiation
3002,Digital Marketing
3002,Market research
3002,Marketing Strategies
3003,MS-Excel
3003,English Proficiency (Spoken)
3003,English Proficiency (Written)
3003,Presentation skills
3003,Kannada Proficiency (Spoken)
3003,Interpersonal skills
3003,Effective Communication
3004,Legal Research
3004,Company Law
3004,Legal Drafting
3004,Statutory compliances
3004,Legal Writing
3004,Contract Management
3005,MS-Office
3005,MS-Excel
3005,English Proficiency (Spoken)
3005,English Proficiency (Written)
3005,Accounting
3005,Tally
3006,MS-Office
3006,MS-Excel
3006,Effective Communication
3006,MS-PowerPoint
3007,Effective Communication
3007,Leadership
3007,Team Management
3007,E-commerce
3007,Data Analytics
3007,Mentorship
3007,B2B Sales
3007,Sales
3008,English Proficiency (Spoken)
3008,Lead Generation
3008,Sales Management
3008,Sales
3009,English Proficiency (Spoken)
3009,Negotiation
3009,Effective Communication
3009,Sales
3009,Problem Solving
3010,English Proficiency (Spoken)
3010,Negotiation
3010,Effective Communication
3010,Sales
3010,Problem Solving
3011,Sales Management
3011,Sales
3012,Accounting
3014,Negotiation
3014,Digital Marketing
3015,MS-Excel
3015,English Proficiency (Spoken)
3015,Presentation skills
3015,Effective Communication
3015,Sales
3016,Effective Communication
3017,MS-Office
3017,MS-Excel
3017,English Proficiency (Spoken)
3017,English Proficiency (Written)
3018,Sales
3019,MS-Excel
3019,English Proficiency (Spoken)
3019,English Proficiency (Written)
3019,Effective Communication
3019,Sales
3020,English Proficiency (Spoken)
3020,English Proficiency (Written)
3020,Interpersonal skills
3021,English Proficiency (Spoken)
3021,English Proficiency (Written)
3021,Effective Communication
3022,Effective Communication
3022,Problem Solving
3024,MS-Office
3024,MS-Excel
3024,English Proficiency (Spoken)
3024,English Proficiency (Written)
3025,Sales
3026,MS-Excel
3026,MS-PowerPoint
3027,Sales
3030,English Proficiency (Spoken)
3030,English Proficiency (Written)
3032,Lead Generation
3032,Sales
3033,Effective Communication
3033,Sales
3034,MS-Excel
3034,Data entry
3034,Data Analytics
3037,MS-Excel
3037,English Proficiency (Spoken)
3038,MS-Excel
3038,English Proficiency (Written)
3039,English Proficiency (Spoken)
3039,English Proficiency (Written)
3041,Effective Communication
3042,Sales
3043,MS-Office
3043,MS-Excel
3043,English Proficiency (Spoken)
3044,MS-Office
3045,Negotiation
3045,Sales Management
3045,Sales
3046,Effective Communication
3047,English Proficiency (Spoken)
3047,Effective Communication
3048,English Proficiency (Spoken)
3048,English Proficiency (Written)
3049,MS-Excel
3049,English Proficiency (Written)
3050,English Proficiency (Written)
3051,MS-Office
3051,MS-Excel
3051,Data entry
3051,English Proficiency (Spoken)
3051,English Proficiency (Written)
3052,Negotiation
3052,Digital Marketing
3052,Market research
3052,Marketing Strategies
3053,MS-Excel
3053,English Proficiency (Spoken)
3053,English Proficiency (Written)
3053,Presentation skills
3053,Kannada Proficiency (Spoken)
3053,Interpersonal skills
3053,Effective Communication
3054,Legal Research
3054,Company Law
3054,Legal Drafting
3054,Statutory compliances
3054,Legal Writing
3054,Contract Management
3055,MS-Office
3055,MS-Excel
3055,English Proficiency (Spoken)
3055,English Proficiency (Written)
3055,Accounting
3055,Tally
3056,MS-Office
3056,MS-Excel
3056,Effective Communication
3056,MS-PowerPoint
3057,Effective Communication
3057,Leadership
3057,Team Management
3057,E-commerce
3057,Data Analytics
3057,Mentorship
3057,B2B Sales
3057,Sales
3058,English Proficiency (Spoken)
3058,Lead Generation
3058,Sales Management
3058,Sales
3059,English Proficiency (Spoken)
3059,Negotiation
3059,Effective Communication
3059,Sales
3059,Problem Solving
3060,English Proficiency (Spoken)
3060,Negotiation
3060,Effective Communication
3060,Sales
3060,Problem Solving
3061,Sales Management
3061,Sales
3062,Accounting
3064,Negotiation
3064,Digital Marketing
3065,MS-Excel
3065,English Proficiency (Spoken)
3065,Presentation skills
3065,Effective Communication
3065,Sales
3066,Effective Communication
3067,MS-Office
3067,MS-Excel
3067,English Proficiency (Spoken)
3067,English Proficiency (Written)
3068,Sales
3069,MS-Excel
3069,English Proficiency (Spoken)
3069,English Proficiency (Written)
3069,Effective Communication
3069,Sales
3070,English Proficiency (Spoken)
3070,English Proficiency (Written)
3070,Interpersonal skills
3071,English Proficiency (Spoken)
3071,English Proficiency (Written)
3071,Effective Communication
3072,Effective Communication
3072,Problem Solving
3074,MS-Office
3074,MS-Excel
3074,English Proficiency (Spoken)
3074,English Proficiency (Written)
3075,Sales
3076,MS-Excel
3076,MS-PowerPoint
3077,Sales
3080,English Proficiency (Spoken)
3080,English Proficiency (Written)
3082,Lead Generation
3082,Sales
3083,Effective Communication
3083,Sales
3084,MS-Excel
3084,Data entry
3084,Data Analytics
3087,MS-Excel
3087,English Proficiency (Spoken)
3088,MS-Excel
3088,English Proficiency (Written)
3089,English Proficiency (Spoken)
3089,English Proficiency (Written)
3091,Effective Communication
3092,Sales
3093,MS-Office
3093,MS-Excel
3093,English Proficiency (Spoken)
3094,MS-Office
3095,Negotiation
3095,Sales Management
3095,Sales
3096,Effective Communication
3097,English Proficiency (Spoken)
3097,Effective Communication
3098,English Proficiency (Spoken)
3098,English Proficiency (Written)
3099,MS-Excel
3099,English Proficiency (Written)
3100,English Proficiency (Written)
3101,MS-Office
3101,MS-Excel
3101,Data entry
3101,English Proficiency (Spoken)
3101,English Proficiency (Written)
3102,Negotiation
3102,Digital Marketing
3102,Market research
3102,Marketing Strategies
3103,MS-Excel
3103,English Proficiency (Spoken)
3103,English Proficiency (Written)
3103,Presentation skills
3103,Kannada Proficiency (Spoken)
3103,Interpersonal skills
3103,Effective Communication
3104,Legal Research
3104,Company Law
3104,Legal Drafting
3104,Statutory compliances
3104,Legal Writing
3104,Contract Management
3105,MS-Office
3105,MS-Excel
3105,English Proficiency (Spoken)
3105,English Proficiency (Written)
3105,Accounting
3105,Tally
3106,MS-Office
3106,MS-Excel
3106,Effective Communication
3106,MS-PowerPoint
3107,Effective Communication
3107,Leadership
3107,Team Management
3107,E-commerce
3107,Data Analytics
3107,Mentorship
3107,B2B Sales
3107,Sales
3108,English Proficiency (Spoken)
3108,Lead Generation
3108,Sales Management
3108,Sales
3109,English Proficiency (Spoken)
3109,Negotiation
3109,Effective Communication
3109,Sales
3109,Problem Solving
3110,English Proficiency (Spoken)
3110,Negotiation
3110,Effective Communication
3110,Sales
3110,Problem Solving
3111,Sales Management
3111,Sales
3112,Accounting
3114,Negotiation
3114,Digital Marketing
3115,MS-Excel
3115,English Proficiency (Spoken)
3115,Presentation skills
3115,Effective Communication
3115,Sales
3116,Effective Communication
3117,MS-Office
3117,MS-Excel
3117,English Proficiency (Spoken)
3117,English Proficiency (Written)
3118,Sales
3119,MS-Excel
3119,English Proficiency (Spoken)
3119,English Proficiency (Written)
3119,Effective Communication
3119,Sales
3120,English Proficiency (Spoken)
3120,English Proficiency (Written)
3120,Interpersonal skills
3121,English Proficiency (Spoken)
3121,English Proficiency (Written)
3121,Effective Communication
3122,Effective Communication
3122,Problem Solving
3124,MS-Office
3124,MS-Excel
3124,English Proficiency (Spoken)
3124,English Proficiency (Written)
3125,Sales
3126,MS-Excel
3126,MS-PowerPoint
3127,Sales
3130,English Proficiency (Spoken)
3130,English Proficiency (Written)
3132,Lead Generation
3132,Sales
3133,Effective Communication
3133,Sales
3134,MS-Excel
3134,Data entry
3134,Data Analytics
3137,MS-Excel
3137,English Proficiency (Spoken)
3138,MS-Excel
3138,English Proficiency (Written)
3139,English Proficiency (Spoken)
3139,English Proficiency (Written)
3141,Effective Communication
3142,Sales
3143,MS-Office
3143,MS-Excel
3143,English Proficiency (Spoken)
3144,MS-Office
3145,Negotiation
3145,Sales Management
3145,Sales
3146,Effective Communication
3147,English Proficiency (Spoken)
3147,Effective Communication
3148,English Proficiency (Spoken)
3148,English Proficiency (Written)
3149,MS-Excel
3149,English Proficiency (Written)
3150,English Proficiency (Written)
3151,MS-Office
3151,MS-Excel
3151,Data entry
3151,English Proficiency (Spoken)
3151,English Proficiency (Written)
3152,Negotiation
3152,Digital Marketing
3152,Market research
3152,Marketing Strategies
3153,MS-Excel
3153,English Proficiency (Spoken)
3153,English Proficiency (Written)
3153,Presentation skills
3153,Kannada Proficiency (Spoken)
3153,Interpersonal skills
3153,Effective Communication
3154,Legal Research
3154,Company Law
3154,Legal Drafting
3154,Statutory compliances
3154,Legal Writing
3154,Contract Management
3155,MS-Office
3155,MS-Excel
3155,English Proficiency (Spoken)
3155,English Proficiency (Written)
3155,Accounting
3155,Tally
3156,MS-Office
3156,MS-Excel
3156,Effective Communication
3156,MS-PowerPoint
3157,Effective Communication
3157,Leadership
3157,Team Management
3157,E-commerce
3157,Data Analytics
3157,Mentorship
3157,B2B Sales
3157,Sales
3158,English Proficiency (Spoken)
3158,Lead Generation
3158,Sales Management
3158,Sales
3159,English Proficiency (Spoken)
3159,Negotiation
3159,Effective Communication
3159,Sales
3159,Problem Solving
3160,English Proficiency (Spoken)
3160,Negotiation
3160,Effective Communication
3160,Sales
3160,Problem Solving
3161,Sales Management
3161,Sales
3162,Accounting
3164,Negotiation
3164,Digital Marketing
3165,MS-Excel
3165,English Proficiency (Spoken)
3165,Presentation skills
3165,Effective Communication
3165,Sales
3166,Effective Communication
3167,MS-Office
3167,MS-Excel
3167,English Proficiency (Spoken)
3167,English Proficiency (Written)
3168,Sales
3169,MS-Excel
3169,English Proficiency (Spoken)
3169,English Proficiency (Written)
3169,Effective Communication
3169,Sales
3170,English Proficiency (Spoken)
3170,English Proficiency (Written)
3170,Interpersonal skills
3171,English Proficiency (Spoken)
3171,English Proficiency (Written)
3171,Effective Communication
3172,Effective Communication
3172,Problem Solving
3174,MS-Office
3174,MS-Excel
3174,English Proficiency (Spoken)
3174,English Proficiency (Written)
3175,Sales
3176,MS-Excel
3176,MS-PowerPoint
3177,Sales
3180,English Proficiency (Spoken)
3180,English Proficiency (Written)
3182,Lead Generation
3182,Sales
3183,Effective Communication
3183,Sales
3184,MS-Excel
3184,Data entry
3184,Data Analytics
3187,MS-Excel
3187,English Proficiency (Spoken)
3188,MS-Excel
3188,English Proficiency (Written)
3189,English Proficiency (Spoken)
3189,English Proficiency (Written)
3191,Effective Communication
3192,Sales
3193,MS-Office
3193,MS-Excel
3193,English Proficiency (Spoken)
3194,MS-Office
3195,Negotiation
3195,Sales Management
3195,Sales
3196,Effective Communication
3197,English Proficiency (Spoken)
3197,Effective Communication
3198,English Proficiency (Spoken)
3198,English Proficiency (Written)
3199,MS-Excel
3199,English Proficiency (Written)
3200,English Proficiency (Written)
3201,MS-Office
3201,MS-Excel
3201,Data entry
3201,English Proficiency (Spoken)
3201,English Proficiency (Written)
3202,Negotiation
3202,Digital Marketing
3202,Market research
3202,Marketing Strategies
3203,MS-Excel
3203,English Proficiency (Spoken)
3203,English Proficiency (Written)
3203,Presentation skills
3203,Kannada Proficiency (Spoken)
3203,Interpersonal skills
3203,Effective Communication
3204,Legal Research
3204,Company Law
3204,Legal Drafting
3204,Statutory compliances
3204,Legal Writing
3204,Contract Management
3205,MS-Office
3205,MS-Excel
3205,English Proficiency (Spoken)
3205,English Proficiency (Written)
3205,Accounting
3205,Tally
3206,MS-Office
3206,MS-Excel
3206,Effective Communication
3206,MS-PowerPoint
3207,Effective Communication
3207,Leadership
3207,Team Management
3207,E-commerce
3207,Data Analytics
3207,Mentorship
3207,B2B Sales
3207,Sales
3208,English Proficiency (Spoken)
3208,Lead Generation
3208,Sales Management
3208,Sales
3209,English Proficiency (Spoken)
3209,Negotiation
3209,Effective Communication
3209,Sales
3209,Problem Solving
3210,English Proficiency (Spoken)
3210,Negotiation
3210,Effective Communication
3210,Sales
3210,Problem Solving
3211,Sales Management
3211,Sales
3212,Accounting
3214,Negotiation
3214,Digital Marketing
3215,MS-Excel
3215,English Proficiency (Spoken)
3215,Presentation skills
3215,Effective Communication
3215,Sales
3216,Effective Communication
3217,MS-Office
3217,MS-Excel
3217,English Proficiency (Spoken)
3217,English Proficiency (Written)
3218,Sales
3219,MS-Excel
3219,English Proficiency (Spoken)
3219,English Proficiency (Written)
3219,Effective Communication
3219,Sales
3220,English Proficiency (Spoken)
3220,English Proficiency (Written)
3220,Interpersonal skills
3221,English Proficiency (Spoken)
3221,English Proficiency (Written)
3221,Effective Communication
3222,Effective Communication
3222,Problem Solving
3224,MS-Office
3224,MS-Excel
3224,English Proficiency (Spoken)
3224,English Proficiency (Written)
3225,Sales
3226,MS-Excel
3226,MS-PowerPoint
3227,Sales
3230,English Proficiency (Spoken)
3230,English Proficiency (Written)
3232,Lead Generation
3232,Sales
3233,Effective Communication
3233,Sales
3234,MS-Excel
3234,Data entry
3234,Data Analytics
3237,MS-Excel
3237,English Proficiency (Spoken)
3238,MS-Excel
3238,English Proficiency (Written)
3239,English Proficiency (Spoken)
3239,English Proficiency (Written)
3241,Effective Communication
3242,Sales
3243,MS-Office
3243,MS-Excel
3243,English Proficiency (Spoken)
3244,MS-Office
3245,Negotiation
3245,Sales Management
3245,Sales
3246,Effective Communication
3247,English Proficiency (Spoken)
3247,Effective Communication
3248,English Proficiency (Spoken)
3248,English Proficiency (Written)
3249,MS-Excel
3249,English Proficiency (Written)
3250,English Proficiency (Written)
3251,MS-Office
3251,MS-Excel
3251,Data entry
3251,English Proficiency (Spoken)
3251,English Proficiency (Written)
3252,Negotiation
3252,Digital Marketing
3252,Market research
3252,Marketing Strategies
3253,MS-Excel
3253,English Proficiency (Spoken)
3253,English Proficiency (Written)
3253,Presentation skills
3253,Kannada Proficiency (Spoken)
3253,Interpersonal skills
3253,Effective Communication
3254,Legal Research
3254,Company Law
3254,Legal Drafting
3254,Statutory compliances
3254,Legal Writing
3254,Contract Management
3255,MS-Office
3255,MS-Excel
3255,English Proficiency (Spoken)
3255,English Proficiency (Written)
3255,Accounting
3255,Tally
3256,MS-Office
3256,MS-Excel
3256,Effective Communication
3256,MS-PowerPoint
3257,Effective Communication
3257,Leadership
3257,Team Management
3257,E-commerce
3257,Data Analytics
3257,Mentorship
3257,B2B Sales
3257,Sales
3258,English Proficiency (Spoken)
3258,Lead Generation
3258,Sales Management
3258,Sales
3259,English Proficiency (Spoken)
3259,Negotiation
3259,Effective Communication
3259,Sales
3259,Problem Solving
3260,English Proficiency (Spoken)
3260,Negotiation
3260,Effective Communication
3260,Sales
3260,Problem Solving
3261,Sales Management
3261,Sales
3262,Accounting
3264,Negotiation
3264,Digital Marketing
3265,MS-Excel
3265,English Proficiency (Spoken)
3265,Presentation skills
3265,Effective Communication
3265,Sales
3266,Effective Communication
3267,MS-Office
3267,MS-Excel
3267,English Proficiency (Spoken)
3267,English Proficiency (Written)
3268,Sales
3269,MS-Excel
3269,English Proficiency (Spoken)
3269,English Proficiency (Written)
3269,Effective Communication
3269,Sales
3270,English Proficiency (Spoken)
3270,English Proficiency (Written)
3270,Interpersonal skills
3271,English Proficiency (Spoken)
3271,English Proficiency (Written)
3271,Effective Communication
3272,Effective Communication
3272,Problem Solving
3274,MS-Office
3274,MS-Excel
3274,English Proficiency (Spoken)
3274,English Proficiency (Written)
3275,Sales
3276,MS-Excel
3276,MS-PowerPoint
3277,Sales
3280,English Proficiency (Spoken)
3280,English Proficiency (Written)
3282,Lead Generation
3282,Sales
3283,Effective Communication
3283,Sales
3284,MS-Excel
3284,Data entry
3284,Data Analytics
3287,MS-Excel
3287,English Proficiency (Spoken)
3288,MS-Excel
3288,English Proficiency (Written)
3289,English Proficiency (Spoken)
3289,English Proficiency (Written)
3291,Effective Communication
3292,Sales
3293,MS-Office
3293,MS-Excel
3293,English Proficiency (Spoken)
3294,MS-Office
3295,Negotiation
3295,Sales Management
3295,Sales
3296,Effective Communication
3297,English Proficiency (Spoken)
3297,Effective Communication
3298,English Proficiency (Spoken)
3298,English Proficiency (Written)
3299,MS-Excel
3299,English Proficiency (Written)
3300,English Proficiency (Written)
3301,MS-Office
3301,MS-Excel
3301,Data entry
3301,English Proficiency (Spoken)
3301,English Proficiency (Written)
3302,Negotiation
3302,Digital Marketing
3302,Market research
3302,Marketing Strategies
3303,MS-Excel
3303,English Proficiency (Spoken)
3303,English Proficiency (Written)
3303,Presentation skills
3303,Kannada Proficiency (Spoken)
3303,Interpersonal skills
3303,Effective Communication
3304,Legal Research
3304,Company Law
3304,Legal Drafting
3304,Statutory compliances
3304,Legal Writing
3304,Contract Management
3305,MS-Office
3305,MS-Excel
3305,English Proficiency (Spoken)
3305,English Proficiency (Written)
3305,Accounting
3305,Tally
3306,MS-Office
3306,MS-Excel
3306,Effective Communication
3306,MS-PowerPoint
3307,Effective Communication
3307,Leadership
3307,Team Management
3307,E-commerce
3307,Data Analytics
3307,Mentorship
3307,B2B Sales
3307,Sales
3308,English Proficiency (Spoken)
3308,Lead Generation
3308,Sales Management
3308,Sales
3309,English Proficiency (Spoken)
3309,Negotiation
3309,Effective Communication
3309,Sales
3309,Problem Solving
3310,English Proficiency (Spoken)
3310,Negotiation
3310,Effective Communication
3310,Sales
3310,Problem Solving
3311,Sales Management
3311,Sales
3312,Accounting
3314,Negotiation
3314,Digital Marketing
3315,MS-Excel
3315,English Proficiency (Spoken)
3315,Presentation skills
3315,Effective Communication
3315,Sales
3316,Effective Communication
3317,MS-Office
3317,MS-Excel
3317,English Proficiency (Spoken)
3317,English Proficiency (Written)
3318,Sales
3319,MS-Excel
3319,English Proficiency (Spoken)
3319,English Proficiency (Written)
3319,Effective Communication
3319,Sales
3320,English Proficiency (Spoken)
3320,English Proficiency (Written)
3320,Interpersonal skills
3321,English Proficiency (Spoken)
3321,English Proficiency (Written)
3321,Effective Communication
3322,Effective Communication
3322,Problem Solving
3324,MS-Office
3324,MS-Excel
3324,English Proficiency (Spoken)
3324,English Proficiency (Written)
3325,Sales
3326,MS-Excel
3326,MS-PowerPoint
3327,Sales
3330,English Proficiency (Spoken)
3330,English Proficiency (Written)
3332,Lead Generation
3332,Sales
3333,Effective Communication
3333,Sales
3334,MS-Excel
3334,Data entry
3334,Data Analytics
3337,MS-Excel
3337,English Proficiency (Spoken)
3338,MS-Excel
3338,English Proficiency (Written)
3339,English Proficiency (Spoken)
3339,English Proficiency (Written)
3341,Effective Communication
3342,Sales
3343,MS-Office
3343,MS-Excel
3343,English Proficiency (Spoken)
3344,MS-Office
3345,Negotiation
3345,Sales Management
3345,Sales
3346,Effective Communication
3347,English Proficiency (Spoken)
3347,Effective Communication
3348,English Proficiency (Spoken)
3348,English Proficiency (Written)
3349,MS-Excel
3349,English Proficiency (Written)
3350,English Proficiency (Written)
3351,MS-Office
3351,MS-Excel
3351,Data entry
3351,English Proficiency (Spoken)
3351,English Proficiency (Written)
3352,Negotiation
3352,Digital Marketing
3352,Market research
3352,Marketing Strategies
3353,MS-Excel
3353,English Proficiency (Spoken)
3353,English Proficiency (Written)
3353,Presentation skills
3353,Kannada Proficiency (Spoken)
3353,Interpersonal skills
3353,Effective Communication
3354,Legal Research
3354,Company Law
3354,Legal Drafting
3354,Statutory compliances
3354,Legal Writing
3354,Contract Management
3355,MS-Office
3355,MS-Excel
3355,English Proficiency (Spoken)
3355,English Proficiency (Written)
3355,Accounting
3355,Tally
3356,MS-Office
3356,MS-Excel
3356,Effective Communication
3356,MS-PowerPoint
3357,Effective Communication
3357,Leadership
3357,Team Management
3357,E-commerce
3357,Data Analytics
3357,Mentorship
3357,B2B Sales
3357,Sales
3358,English Proficiency (Spoken)
3358,Lead Generation
3358,Sales Management
3358,Sales
3359,English Proficiency (Spoken)
3359,Negotiation
3359,Effective Communication
3359,Sales
3359,Problem Solving
3360,English Proficiency (Spoken)
3360,Negotiation
3360,Effective Communication
3360,Sales
3360,Problem Solving
3361,Sales Management
3361,Sales
3362,Accounting
3364,Negotiation
3364,Digital Marketing
3365,MS-Excel
3365,English Proficiency (Spoken)
3365,Presentation skills
3365,Effective Communication
3365,Sales
3366,Effective Communication
3367,MS-Office
3367,MS-Excel
3367,English Proficiency (Spoken)
3367,English Proficiency (Written)
3368,Sales
3369,MS-Excel
3369,English Proficiency (Spoken)
3369,English Proficiency (Written)
3369,Effective Communication
3369,Sales
3370,English Proficiency (Spoken)
3370,English Proficiency (Written)
3370,Interpersonal skills
3371,English Proficiency (Spoken)
3371,English Proficiency (Written)
3371,Effective Communication
3372,Effective Communication
3372,Problem Solving
3374,MS-Office
3374,MS-Excel
3374,English Proficiency (Spoken)
3374,English Proficiency (Written)
3375,Sales
3376,MS-Excel
3376,MS-PowerPoint
3377,Sales
3380,English Proficiency (Spoken)
3380,English Proficiency (Written)
3382,Lead Generation
3382,Sales
3383,Effective Communication
3383,Sales
3384,MS-Excel
3384,Data entry
3384,Data Analytics
3387,MS-Excel
3387,English Proficiency (Spoken)
3388,MS-Excel
3388,English Proficiency (Written)
3389,English Proficiency (Spoken)
3389,English Proficiency (Written)
3391,Effective Communication
3392,Sales
3393,MS-Office
3393,MS-Excel
3393,English Proficiency (Spoken)
3394,MS-Office
3395,Negotiation
3395,Sales Management
3395,Sales
3396,Effective Communication
3397,English Proficiency (Spoken)
3397,Effective Communication
3398,English Proficiency (Spoken)
3398,English Proficiency (Written)
3399,MS-Excel
3399,English Proficiency (Written)
3400,English Proficiency (Written)
3401,MS-Office
3401,MS-Excel
3401,Data entry
3401,English Proficiency (Spoken)
3401,English Proficiency (Written)
3402,Negotiation
3402,Digital Marketing
3402,Market research
3402,Marketing Strategies
3403,MS-Excel
3403,English Proficiency (Spoken)
3403,English Proficiency (Written)
3403,Presentation skills
3403,Kannada Proficiency (Spoken)
3403,Interpersonal skills
3403,Effective Communication
3404,Legal Research
3404,Company Law
3404,Legal Drafting
3404,Statutory compliances
3404,Legal Writing
3404,Contract Management
3405,MS-Office
3405,MS-Excel
3405,English Proficiency (Spoken)
3405,English Proficiency (Written)
3405,Accounting
3405,Tally
3406,MS-Office
3406,MS-Excel
3406,Effective Communication
3406,MS-PowerPoint
3407,Effective Communication
3407,Leadership
3407,Team Management
3407,E-commerce
3407,Data Analytics
3407,Mentorship
3407,B2B Sales
3407,Sales
3408,English Proficiency (Spoken)
3408,Lead Generation
3408,Sales Management
3408,Sales
3409,English Proficiency (Spoken)
3409,Negotiation
3409,Effective Communication
3409,Sales
3409,Problem Solving
3410,English Proficiency (Spoken)
3410,Negotiation
3410,Effective Communication
3410,Sales
3410,Problem Solving
3411,Sales Management
3411,Sales
3412,Accounting
3414,Negotiation
3414,Digital Marketing
3415,MS-Excel
3415,English Proficiency (Spoken)
3415,Presentation skills
3415,Effective Communication
3415,Sales
3416,Effective Communication
3417,MS-Office
3417,MS-Excel
3417,English Proficiency (Spoken)
3417,English Proficiency (Written)
3418,Sales
3419,MS-Excel
3419,English Proficiency (Spoken)
3419,English Proficiency (Written)
3419,Effective Communication
3419,Sales
3420,English Proficiency (Spoken)
3420,English Proficiency (Written)
3420,Interpersonal skills
3421,English Proficiency (Spoken)
3421,English Proficiency (Written)
3421,Effective Communication
3422,Effective Communication
3422,Problem Solving
3424,MS-Office
3424,MS-Excel
3424,English Proficiency (Spoken)
3424,English Proficiency (Written)
3425,Sales
3426,MS-Excel
3426,MS-PowerPoint
3427,Sales
3430,English Proficiency (Spoken)
3430,English Proficiency (Written)
3432,Lead Generation
3432,Sales
3433,Effective Communication
3433,Sales
3434,MS-Excel
3434,Data entry
3434,Data Analytics
3437,MS-Excel
3437,English Proficiency (Spoken)
3438,MS-Excel
3438,English Proficiency (Written)
3439,English Proficiency (Spoken)
3439,English Proficiency (Written)
3441,Effective Communication
3442,Sales
3443,MS-Office
3443,MS-Excel
3443,English Proficiency (Spoken)
3444,MS-Office
3445,Negotiation
3445,Sales Management
3445,Sales
3446,Effective Communication
3447,English Proficiency (Spoken)
3447,Effective Communication
3448,English Proficiency (Spoken)
3448,English Proficiency (Written)
3449,MS-Excel
3449,English Proficiency (Written)
3450,English Proficiency (Written)
3451,MS-Office
3451,MS-Excel
3451,Data entry
3451,English Proficiency (Spoken)
3451,English Proficiency (Written)
3452,Negotiation
3452,Digital Marketing
3452,Market research
3452,Marketing Strategies
3453,MS-Excel
3453,English Proficiency (Spoken)
3453,English Proficiency (Written)
3453,Presentation skills
3453,Kannada Proficiency (Spoken)
3453,Interpersonal skills
3453,Effective Communication
3454,Legal Research
3454,Company Law
3454,Legal Drafting
3454,Statutory compliances
3454,Legal Writing
3454,Contract Management
3455,MS-Office
3455,MS-Excel
3455,English Proficiency (Spoken)
3455,English Proficiency (Written)
3455,Accounting
3455,Tally
3456,MS-Office
3456,MS-Excel
3456,Effective Communication
3456,MS-PowerPoint
3457,Effective Communication
3457,Leadership
3457,Team Management
3457,E-commerce
3457,Data Analytics
3457,Mentorship
3457,B2B Sales
3457,Sales
3458,English Proficiency (Spoken)
3458,Lead Generation
3458,Sales Management
3458,Sales
3459,English Proficiency (Spoken)
3459,Negotiation
3459,Effective Communication
3459,Sales
3459,Problem Solving
3460,English Proficiency (Spoken)
3460,Negotiation
3460,Effective Communication
3460,Sales
3460,Problem Solving
3461,Sales Management
3461,Sales
3462,Accounting
3464,Negotiation
3464,Digital Marketing
3465,MS-Excel
3465,English Proficiency (Spoken)
3465,Presentation skills
3465,Effective Communication
3465,Sales
3466,Effective Communication
3467,MS-Office
3467,MS-Excel
3467,English Proficiency (Spoken)
3467,English Proficiency (Written)
3468,Sales
3469,MS-Excel
3469,English Proficiency (Spoken)
3469,English Proficiency (Written)
3469,Effective Communication
3469,Sales
3470,English Proficiency (Spoken)
3470,English Proficiency (Written)
3470,Interpersonal skills
3471,English Proficiency (Spoken)
3471,English Proficiency (Written)
3471,Effective Communication
3472,Effective Communication
3472,Problem Solving
3474,MS-Office
3474,MS-Excel
3474,English Proficiency (Spoken)
3474,English Proficiency (Written)
3475,Sales
3476,MS-Excel
3476,MS-PowerPoint
3477,Sales
3480,English Proficiency (Spoken)
3480,English Proficiency (Written)
3482,Lead Generation
3482,Sales
3483,Effective Communication
3483,Sales
3484,MS-Excel
3484,Data entry
3484,Data Analytics
3487,MS-Excel
3487,English Proficiency (Spoken)
3488,MS-Excel
3488,English Proficiency (Written)
3489,English Proficiency (Spoken)
3489,English Proficiency (Written)
3491,Effective Communication
3492,Sales
3493,MS-Office
3493,MS-Excel
3493,English Proficiency (Spoken)
3494,MS-Office
3495,Negotiation
3495,Sales Management
3495,Sales
3496,Effective Communication
3497,English Proficiency (Spoken)
3497,Effective Communication
3498,English Proficiency (Spoken)
3498,English Proficiency (Written)
3499,MS-Excel
3499,English Proficiency (Written)
3500,English Proficiency (Written)
3501,MS-Office
3501,MS-Excel
3501,Data entry
3501,English Proficiency (Spoken)
3501,English Proficiency (Written)
3502,Negotiation
3502,Digital Marketing
3502,Market research
3502,Marketing Strategies
3503,MS-Excel
3503,English Proficiency (Spoken)
3503,English Proficiency (Written)
3503,Presentation skills
3503,Kannada Proficiency (Spoken)
3503,Interpersonal skills
3503,Effective Communication
3504,Legal Research
3504,Company Law
3504,Legal Drafting
3504,Statutory compliances
3504,Legal Writing
3504,Contract Management
3505,MS-Office
3505,MS-Excel
3505,English Proficiency (Spoken)
3505,English Proficiency (Written)
3505,Accounting
3505,Tally
3506,MS-Office
3506,MS-Excel
3506,Effective Communication
3506,MS-PowerPoint
3507,Effective Communication
3507,Leadership
3507,Team Management
3507,E-commerce
3507,Data Analytics
3507,Mentorship
3507,B2B Sales
3507,Sales
3508,English Proficiency (Spoken)
3508,Lead Generation
3508,Sales Management
3508,Sales
3509,English Proficiency (Spoken)
3509,Negotiation
3509,Effective Communication
3509,Sales
3509,Problem Solving
3510,English Proficiency (Spoken)
3510,Negotiation
3510,Effective Communication
3510,Sales
3510,Problem Solving
3511,Sales Management
3511,Sales
3512,Accounting
3514,Negotiation
3514,Digital Marketing
3515,MS-Excel
3515,English Proficiency (Spoken)
3515,Presentation skills
3515,Effective Communication
3515,Sales
3516,Effective Communication
3517,MS-Office
3517,MS-Excel
3517,English Proficiency (Spoken)
3517,English Proficiency (Written)
3518,Sales
3519,MS-Excel
3519,English Proficiency (Spoken)
3519,English Proficiency (Written)
3519,Effective Communication
3519,Sales
3520,English Proficiency (Spoken)
3520,English Proficiency (Written)
3520,Interpersonal skills
3521,English Proficiency (Spoken)
3521,English Proficiency (Written)
3521,Effective Communication
3522,Effective Communication
3522,Problem Solving
3524,MS-Office
3524,MS-Excel
3524,English Proficiency (Spoken)
3524,English Proficiency (Written)
3525,Sales
3526,MS-Excel
3526,MS-PowerPoint
3527,Sales
3530,English Proficiency (Spoken)
3530,English Proficiency (Written)
3532,Lead Generation
3532,Sales
3533,Effective Communication
3533,Sales
3534,MS-Excel
3534,Data entry
3534,Data Analytics
3537,MS-Excel
3537,English Proficiency (Spoken)
3538,MS-Excel
3538,English Proficiency (Written)
3539,English Proficiency (Spoken)
3539,English Proficiency (Written)
3541,Effective Communication
3542,Sales
3543,MS-Office
3543,MS-Excel
3543,English Proficiency (Spoken)
3544,MS-Office
3545,Negotiation
3545,Sales Management
3545,Sales
3546,Effective Communication
3547,English Proficiency (Spoken)
3547,Effective Communication
3548,English Proficiency (Spoken)
3548,English Proficiency (Written)
3549,MS-Excel
3549,English Proficiency (Written)
3550,English Proficiency (Written)
3551,MS-Office
3551,MS-Excel
3551,Data entry
3551,English Proficiency (Spoken)
3551,English Proficiency (Written)
3552,Negotiation
3552,Digital Marketing
3552,Market research
3552,Marketing Strategies
3553,MS-Excel
3553,English Proficiency (Spoken)
3553,English Proficiency (Written)
3553,Presentation skills
3553,Kannada Proficiency (Spoken)
3553,Interpersonal skills
3553,Effective Communication
3554,Legal Research
3554,Company Law
3554,Legal Drafting
3554,Statutory compliances
3554,Legal Writing
3554,Contract Management
3555,MS-Office
3555,MS-Excel
3555,English Proficiency (Spoken)
3555,English Proficiency (Written)
3555,Accounting
3555,Tally
3556,MS-Office
3556,MS-Excel
3556,Effective Communication
3556,MS-PowerPoint
3557,Effective Communication
3557,Leadership
3557,Team Management
3557,E-commerce
3557,Data Analytics
3557,Mentorship
3557,B2B Sales
3557,Sales
3558,English Proficiency (Spoken)
3558,Lead Generation
3558,Sales Management
3558,Sales
3559,English Proficiency (Spoken)
3559,Negotiation
3559,Effective Communication
3559,Sales
3559,Problem Solving
3560,English Proficiency (Spoken)
3560,Negotiation
3560,Effective Communication
3560,Sales
3560,Problem Solving
3561,Sales Management
3561,Sales
3562,Accounting
3564,Negotiation
3564,Digital Marketing
3565,MS-Excel
3565,English Proficiency (Spoken)
3565,Presentation skills
3565,Effective Communication
3565,Sales
3566,Effective Communication
3567,MS-Office
3567,MS-Excel
3567,English Proficiency (Spoken)
3567,English Proficiency (Written)
3568,Sales
3569,MS-Excel
3569,English Proficiency (Spoken)
3569,English Proficiency (Written)
3569,Effective Communication
3569,Sales
3570,English Proficiency (Spoken)
3570,English Proficiency (Written)
3570,Interpersonal skills
3571,English Proficiency (Spoken)
3571,English Proficiency (Written)
3571,Effective Communication
3572,Effective Communication
3572,Problem Solving
3574,MS-Office
3574,MS-Excel
3574,English Proficiency (Spoken)
3574,English Proficiency (Written)
3575,Sales
3576,MS-Excel
3576,MS-PowerPoint
3577,Sales
3580,English Proficiency (Spoken)
3580,English Proficiency (Written)
3582,Lead Generation
3582,Sales
3583,Effective Communication
3583,Sales
3584,MS-Excel
3584,Data entry
3584,Data Analytics
3587,MS-Excel
3587,English Proficiency (Spoken)
3588,MS-Excel
3588,English Proficiency (Written)
3589,English Proficiency (Spoken)
3589,English Proficiency (Written)
3591,Effective Communication
3592,Sales
3593,MS-Office
3593,MS-Excel
3593,English Proficiency (Spoken)
3594,MS-Office
3595,Negotiation
3595,Sales Management
3595,Sales
3596,Effective Communication
3597,English Proficiency (Spoken)
3597,Effective Communication
3598,English Proficiency (Spoken)
3598,English Proficiency (Written)
3599,MS-Excel
3599,English Proficiency (Written)
3600,English Proficiency (Written)
3601,MS-Office
3601,MS-Excel
3601,Data entry
3601,English Proficiency (Spoken)
3601,English Proficiency (Written)
3602,Negotiation
3602,Digital Marketing
3602,Market research
3602,Marketing Strategies
3603,MS-Excel
3603,English Proficiency (Spoken)
3603,English Proficiency (Written)
3603,Presentation skills
3603,Kannada Proficiency (Spoken)
3603,Interpersonal skills
3603,Effective Communication
3604,Legal Research
3604,Company Law
3604,Legal Drafting
3604,Statutory compliances
3604,Legal Writing
3604,Contract Management
3605,MS-Office
3605,MS-Excel
3605,English Proficiency (Spoken)
3605,English Proficiency (Written)
3605,Accounting
3605,Tally
3606,MS-Office
3606,MS-Excel
3606,Effective Communication
3606,MS-PowerPoint
3607,Effective Communication
3607,Leadership
3607,Team Management
3607,E-commerce
3607,Data Analytics
3607,Mentorship
3607,B2B Sales
3607,Sales
3608,English Proficiency (Spoken)
3608,Lead Generation
3608,Sales Management
3608,Sales
3609,English Proficiency (Spoken)
3609,Negotiation
3609,Effective Communication
3609,Sales
3609,Problem Solving
3610,English Proficiency (Spoken)
3610,Negotiation
3610,Effective Communication
3610,Sales
3610,Problem Solving
3611,Sales Management
3611,Sales
3612,Accounting
3614,Negotiation
3614,Digital Marketing
3615,MS-Excel
3615,English Proficiency (Spoken)
3615,Presentation skills
3615,Effective Communication
3615,Sales
3616,Effective Communication
3617,MS-Office
3617,MS-Excel
3617,English Proficiency (Spoken)
3617,English Proficiency (Written)
3618,Sales
3619,MS-Excel
3619,English Proficiency (Spoken)
3619,English Proficiency (Written)
3619,Effective Communication
3619,Sales
3620,English Proficiency (Spoken)
3620,English Proficiency (Written)
3620,Interpersonal skills
3621,English Proficiency (Spoken)
3621,English Proficiency (Written)
3621,Effective Communication
3622,Effective Communication
3622,Problem Solving
3624,MS-Office
3624,MS-Excel
3624,English Proficiency (Spoken)
3624,English Proficiency (Written)
3625,Sales
3626,MS-Excel
3626,MS-PowerPoint
3627,Sales
3630,English Proficiency (Spoken)
3630,English Proficiency (Written)
3632,Lead Generation
3632,Sales
3633,Effective Communication
3633,Sales
3634,MS-Excel
3634,Data entry
3634,Data Analytics
3637,MS-Excel
3637,English Proficiency (Spoken)
3638,MS-Excel
3638,English Proficiency (Written)
3639,English Proficiency (Spoken)
3639,English Proficiency (Written)
3641,Effective Communication
3642,Sales
3643,MS-Office
3643,MS-Excel
3643,English Proficiency (Spoken)
3644,MS-Office
3645,Negotiation
3645,Sales Management
3645,Sales
3646,Effective Communication
3647,English Proficiency (Spoken)
3647,Effective Communication
3648,English Proficiency (Spoken)
3648,English Proficiency (Written)
3649,MS-Excel
3649,English Proficiency (Written)
3650,English Proficiency (Written)
3651,MS-Office
3651,MS-Excel
3651,Data entry
3651,English Proficiency (Spoken)
3651,English Proficiency (Written)
3652,Negotiation
3652,Digital Marketing
3652,Market research
3652,Marketing Strategies
3653,MS-Excel
3653,English Proficiency (Spoken)
3653,English Proficiency (Written)
3653,Presentation skills
3653,Kannada Proficiency (Spoken)
3653,Interpersonal skills
3653,Effective Communication
3654,Legal Research
3654,Company Law
3654,Legal Drafting
3654,Statutory compliances
3654,Legal Writing
3654,Contract Management
3655,MS-Office
3655,MS-Excel
3655,English Proficiency (Spoken)
3655,English Proficiency (Written)
3655,Accounting
3655,Tally
3656,MS-Office
3656,MS-Excel
3656,Effective Communication
3656,MS-PowerPoint
3657,Effective Communication
3657,Leadership
3657,Team Management
3657,E-commerce
3657,Data Analytics
3657,Mentorship
3657,B2B Sales
3657,Sales
3658,English Proficiency (Spoken)
3658,Lead Generation
3658,Sales Management
3658,Sales
3659,English Proficiency (Spoken)
3659,Negotiation
3659,Effective Communication
3659,Sales
3659,Problem Solving
3660,English Proficiency (Spoken)
3660,Negotiation
3660,Effective Communication
3660,Sales
3660,Problem Solving
3661,Sales Management
3661,Sales
3662,Accounting
3664,Negotiation
3664,Digital Marketing
3665,MS-Excel
3665,English Proficiency (Spoken)
3665,Presentation skills
3665,Effective Communication
3665,Sales
3666,Effective Communication
3667,MS-Office
3667,MS-Excel
3667,English Proficiency (Spoken)
3667,English Proficiency (Written)
3668,Sales
3669,MS-Excel
3669,English Proficiency (Spoken)
3669,English Proficiency (Written)
3669,Effective Communication
3669,Sales
3670,English Proficiency (Spoken)
3670,English Proficiency (Written)
3670,Interpersonal skills
3671,English Proficiency (Spoken)
3671,English Proficiency (Written)
3671,Effective Communication
3672,Effective Communication
3672,Problem Solving
3674,MS-Office
3674,MS-Excel
3674,English Proficiency (Spoken)
3674,English Proficiency (Written)
3675,Sales
3676,MS-Excel
3676,MS-PowerPoint
3677,Sales
3680,English Proficiency (Spoken)
3680,English Proficiency (Written)
3682,Lead Generation
3682,Sales
3683,Effective Communication
3683,Sales
3684,MS-Excel
3684,Data entry
3684,Data Analytics
3687,MS-Excel
3687,English Proficiency (Spoken)
3688,MS-Excel
3688,English Proficiency (Written)
3689,English Proficiency (Spoken)
3689,English Proficiency (Written)
3691,Effective Communication
3692,Sales
3693,MS-Office
3693,MS-Excel
3693,English Proficiency (Spoken)
3694,MS-Office
3695,Negotiation
3695,Sales Management
3695,Sales
3696,Effective Communication
3697,English Proficiency (Spoken)
3697,Effective Communication
3698,English Proficiency (Spoken)
3698,English Proficiency (Written)
3699,MS-Excel
3699,English Proficiency (Written)
3700,English Proficiency (Written)
3701,MS-Office
3701,MS-Excel
3701,Data entry
3701,English Proficiency (Spoken)
3701,English Proficiency (Written)
3702,Negotiation
3702,Digital Marketing
3702,Market research
3702,Marketing Strategies
3703,MS-Excel
3703,English Proficiency (Spoken)
3703,English Proficiency (Written)
3703,Presentation skills
3703,Kannada Proficiency (Spoken)
3703,Interpersonal skills
3703,Effective Communication
3704,Legal Research
3704,Company Law
3704,Legal Drafting
3704,Statutory compliances
3704,Legal Writing
3704,Contract Management
3705,MS-Office
3705,MS-Excel
3705,English Proficiency (Spoken)
3705,English Proficiency (Written)
3705,Accounting
3705,Tally
3706,MS-Office
3706,MS-Excel
3706,Effective Communication
3706,MS-PowerPoint
3707,Effective Communication
3707,Leadership
3707,Team Management
3707,E-commerce
3707,Data Analytics
3707,Mentorship
3707,B2B Sales
3707,Sales
3708,English Proficiency (Spoken)
3708,Lead Generation
3708,Sales Management
3708,Sales
3709,English Proficiency (Spoken)
3709,Negotiation
3709,Effective Communication
3709,Sales
3709,Problem Solving
3710,English Proficiency (Spoken)
3710,Negotiation
3710,Effective Communication
3710,Sales
3710,Problem Solving
3711,Sales Management
3711,Sales
3712,Accounting
3714,Negotiation
3714,Digital Marketing
3715,MS-Excel
3715,English Proficiency (Spoken)
3715,Presentation skills
3715,Effective Communication
3715,Sales
3716,Effective Communication
3717,MS-Office
3717,MS-Excel
3717,English Proficiency (Spoken)
3717,English Proficiency (Written)
3718,Sales
3719,MS-Excel
3719,English Proficiency (Spoken)
3719,English Proficiency (Written)
3719,Effective Communication
3719,Sales
3720,English Proficiency (Spoken)
3720,English Proficiency (Written)
3720,Interpersonal skills
3721,English Proficiency (Spoken)
3721,English Proficiency (Written)
3721,Effective Communication
3722,Effective Communication
3722,Problem Solving
3724,MS-Office
3724,MS-Excel
3724,English Proficiency (Spoken)
3724,English Proficiency (Written)
3725,Sales
3726,MS-Excel
3726,MS-PowerPoint
3727,Sales
3730,English Proficiency (Spoken)
3730,English Proficiency (Written)
3732,Lead Generation
3732,Sales
3733,Effective Communication
3733,Sales
3734,MS-Excel
3734,Data entry
3734,Data Analytics
3737,MS-Excel
3737,English Proficiency (Spoken)
3738,MS-Excel
3738,English Proficiency (Written)
3739,English Proficiency (Spoken)
3739,English Proficiency (Written)
3741,Effective Communication
3742,Sales
3743,MS-Office
3743,MS-Excel
3743,English Proficiency (Spoken)
3744,MS-Office
3745,Negotiation
3745,Sales Management
3745,Sales
3746,Effective Communication
3747,English Proficiency (Spoken)
3747,Effective Communication
3748,English Proficiency (Spoken)
3748,English Proficiency (Written)
3749,MS-Excel
3749,English Proficiency (Written)
3750,English Proficiency (Written)
3751,MS-Office
3751,MS-Excel
3751,Data entry
3751,English Proficiency (Spoken)
3751,English Proficiency (Written)
3752,Negotiation
3752,Digital Marketing
3752,Market research
3752,Marketing Strategies
3753,MS-Excel
3753,English Proficiency (Spoken)
3753,English Proficiency (Written)
3753,Presentation skills
3753,Kannada Proficiency (Spoken)
3753,Interpersonal skills
3753,Effective Communication
3754,Legal Research
3754,Company Law
3754,Legal Drafting
3754,Statutory compliances
3754,Legal Writing
3754,Contract Management
3755,MS-Office
3755,MS-Excel
3755,English Proficiency (Spoken)
3755,English Proficiency (Written)
3755,Accounting
3755,Tally
3756,MS-Office
3756,MS-Excel
3756,Effective Communication
3756,MS-PowerPoint
3757,Effective Communication
3757,Leadership
3757,Team Management
3757,E-commerce
3757,Data Analytics
3757,Mentorship
3757,B2B Sales
3757,Sales
3758,English Proficiency (Spoken)
3758,Lead Generation
3758,Sales Management
3758,Sales
3759,English Proficiency (Spoken)
3759,Negotiation
3759,Effective Communication
3759,Sales
3759,Problem Solving
3760,English Proficiency (Spoken)
3760,Negotiation
3760,Effective Communication
3760,Sales
3760,Problem Solving
3761,Sales Management
3761,Sales
3762,Accounting
3764,Negotiation
3764,Digital Marketing
3765,MS-Excel
3765,English Proficiency (Spoken)
3765,Presentation skills
3765,Effective Communication
3765,Sales
3766,Effective Communication
3767,MS-Office
3767,MS-Excel
3767,English Proficiency (Spoken)
3767,English Proficiency (Written)
3768,Sales
3769,MS-Excel
3769,English Proficiency (Spoken)
3769,English Proficiency (Written)
3769,Effective Communication
3769,Sales
3770,English Proficiency (Spoken)
3770,English Proficiency (Written)
3770,Interpersonal skills
3771,English Proficiency (Spoken)
3771,English Proficiency (Written)
3771,Effective Communication
3772,Effective Communication
3772,Problem Solving
3774,MS-Office
3774,MS-Excel
3774,English Proficiency (Spoken)
3774,English Proficiency (Written)
3775,Sales
3776,MS-Excel
3776,MS-PowerPoint
3777,Sales
3780,English Proficiency (Spoken)
3780,English Proficiency (Written)
3782,Lead Generation
3782,Sales
3783,Effective Communication
3783,Sales
3784,MS-Excel
3784,Data entry
3784,Data Analytics
3787,MS-Excel
3787,English Proficiency (Spoken)
3788,MS-Excel
3788,English Proficiency (Written)
3789,English Proficiency (Spoken)
3789,English Proficiency (Written)
3791,Effective Communication
3792,Sales
3793,MS-Office
3793,MS-Excel
3793,English Proficiency (Spoken)
3794,MS-Office
3795,Negotiation
3795,Sales Management
3795,Sales
3796,Effective Communication
3797,English Proficiency (Spoken)
3797,Effective Communication
3798,English Proficiency (Spoken)
3798,English Proficiency (Written)
3799,MS-Excel
3799,English Proficiency (Written)
3800,English Proficiency (Written)
3801,MS-Office
3801,MS-Excel
3801,Data entry
3801,English Proficiency (Spoken)
3801,English Proficiency (Written)
3802,Negotiation
3802,Digital Marketing
3802,Market research
3802,Marketing Strategies
3803,MS-Excel
3803,English Proficiency (Spoken)
3803,English Proficiency (Written)
3803,Presentation skills
3803,Kannada Proficiency (Spoken)
3803,Interpersonal skills
3803,Effective Communication
3804,Legal Research
3804,Company Law
3804,Legal Drafting
3804,Statutory compliances
3804,Legal Writing
3804,Contract Management
3805,MS-Office
3805,MS-Excel
3805,English Proficiency (Spoken)
3805,English Proficiency (Written)
3805,Accounting
3805,Tally
3806,MS-Office
3806,MS-Excel
3806,Effective Communication
3806,MS-PowerPoint
3807,Effective Communication
3807,Leadership
3807,Team Management
3807,E-commerce
3807,Data Analytics
3807,Mentorship
3807,B2B Sales
3807,Sales
3808,English Proficiency (Spoken)
3808,Lead Generation
3808,Sales Management
3808,Sales
3809,English Proficiency (Spoken)
3809,Negotiation
3809,Effective Communication
3809,Sales
3809,Problem Solving
3810,English Proficiency (Spoken)
3810,Negotiation
3810,Effective Communication
3810,Sales
3810,Problem Solving
3811,Sales Management
3811,Sales
3812,Accounting
3814,Negotiation
3814,Digital Marketing
3815,MS-Excel
3815,English Proficiency (Spoken)
3815,Presentation skills
3815,Effective Communication
3815,Sales
3816,Effective Communication
3817,MS-Office
3817,MS-Excel
3817,English Proficiency (Spoken)
3817,English Proficiency (Written)
3818,Sales
3819,MS-Excel
3819,English Proficiency (Spoken)
3819,English Proficiency (Written)
3819,Effective Communication
3819,Sales
3820,English Proficiency (Spoken)
3820,English Proficiency (Written)
3820,Interpersonal skills
3821,English Proficiency (Spoken)
3821,English Proficiency (Written)
3821,Effective Communication
3822,Effective Communication
3822,Problem Solving
3824,MS-Office
3824,MS-Excel
3824,English Proficiency (Spoken)
3824,English Proficiency (Written)
3825,Sales
3826,MS-Excel
3826,MS-PowerPoint
3827,Sales
3830,English Proficiency (Spoken)
3830,English Proficiency (Written)
3832,Lead Generation
3832,Sales
3833,Effective Communication
3833,Sales
3834,MS-Excel
3834,Data entry
3834,Data Analytics
3837,MS-Excel
3837,English Proficiency (Spoken)
3838,MS-Excel
3838,English Proficiency (Written)
3839,English Proficiency (Spoken)
3839,English Proficiency (Written)
3841,Effective Communication
3842,Sales
3843,MS-Office
3843,MS-Excel
3843,English Proficiency (Spoken)
3844,MS-Office
3845,Negotiation
3845,Sales Management
3845,Sales
3846,Effective Communication
3847,English Proficiency (Spoken)
3847,Effective Communication
3848,English Proficiency (Spoken)
3848,English Proficiency (Written)
3849,MS-Excel
3849,English Proficiency (Written)
3850,English Proficiency (Written)
3851,MS-Office
3851,MS-Excel
3851,Data entry
3851,English Proficiency (Spoken)
3851,English Proficiency (Written)
3852,Negotiation
3852,Digital Marketing
3852,Market research
3852,Marketing Strategies
3853,MS-Excel
3853,English Proficiency (Spoken)
3853,English Proficiency (Written)
3853,Presentation skills
3853,Kannada Proficiency (Spoken)
3853,Interpersonal skills
3853,Effective Communication
3854,Legal Research
3854,Company Law
3854,Legal Drafting
3854,Statutory compliances
3854,Legal Writing
3854,Contract Management
3855,MS-Office
3855,MS-Excel
3855,English Proficiency (Spoken)
3855,English Proficiency (Written)
3855,Accounting
3855,Tally
3856,MS-Office
3856,MS-Excel
3856,Effective Communication
3856,MS-PowerPoint
3857,Effective Communication
3857,Leadership
3857,Team Management
3857,E-commerce
3857,Data Analytics
3857,Mentorship
3857,B2B Sales
3857,Sales
3858,English Proficiency (Spoken)
3858,Lead Generation
3858,Sales Management
3858,Sales
3859,English Proficiency (Spoken)
3859,Negotiation
3859,Effective Communication
3859,Sales
3859,Problem Solving
3860,English Proficiency (Spoken)
3860,Negotiation
3860,Effective Communication
3860,Sales
3860,Problem Solving
3861,Sales Management
3861,Sales
3862,Accounting
3864,Negotiation
3864,Digital Marketing
3865,MS-Excel
3865,English Proficiency (Spoken)
3865,Presentation skills
3865,Effective Communication
3865,Sales
3866,Effective Communication
3867,MS-Office
3867,MS-Excel
3867,English Proficiency (Spoken)
3867,English Proficiency (Written)
3868,Sales
3869,MS-Excel
3869,English Proficiency (Spoken)
3869,English Proficiency (Written)
3869,Effective Communication
3869,Sales
3870,English Proficiency (Spoken)
3870,English Proficiency (Written)
3870,Interpersonal skills
3871,English Proficiency (Spoken)
3871,English Proficiency (Written)
3871,Effective Communication
3872,Effective Communication
3872,Problem Solving
3874,MS-Office
3874,MS-Excel
3874,English Proficiency (Spoken)
3874,English Proficiency (Written)
3875,Sales
3876,MS-Excel
3876,MS-PowerPoint
3877,Sales
3880,English Proficiency (Spoken)
3880,English Proficiency (Written)
3882,Lead Generation
3882,Sales
3883,Effective Communication
3883,Sales
3884,MS-Excel
3884,Data entry
3884,Data Analytics
3887,MS-Excel
3887,English Proficiency (Spoken)
3888,MS-Excel
3888,English Proficiency (Written)
3889,English Proficiency (Spoken)
3889,English Proficiency (Written)
3891,Effective Communication
3892,Sales
3893,MS-Office
3893,MS-Excel
3893,English Proficiency (Spoken)
3894,MS-Office
3895,Negotiation
3895,Sales Management
3895,Sales
3896,Effective Communication
3897,English Proficiency (Spoken)
3897,Effective Communication
3898,English Proficiency (Spoken)
3898,English Proficiency (Written)
3899,MS-Excel
3899,English Proficiency (Written)
3900,English Proficiency (Written)
3901,MS-Office
3901,MS-Excel
3901,Data entry
3901,English Proficiency (Spoken)
3901,English Proficiency (Written)
3902,Negotiation
3902,Digital Marketing
3902,Market research
3902,Marketing Strategies
3903,MS-Excel
3903,English Proficiency (Spoken)
3903,English Proficiency (Written)
3903,Presentation skills
3903,Kannada Proficiency (Spoken)
3903,Interpersonal skills
3903,Effective Communication
3904,Legal Research
3904,Company Law
3904,Legal Drafting
3904,Statutory compliances
3904,Legal Writing
3904,Contract Management
3905,MS-Office
3905,MS-Excel
3905,English Proficiency (Spoken)
3905,English Proficiency (Written)
3905,Accounting
3905,Tally
3906,MS-Office
3906,MS-Excel
3906,Effective Communication
3906,MS-PowerPoint
3907,Effective Communication
3907,Leadership
3907,Team Management
3907,E-commerce
3907,Data Analytics
3907,Mentorship
3907,B2B Sales
3907,Sales
3908,English Proficiency (Spoken)
3908,Lead Generation
3908,Sales Management
3908,Sales
3909,English Proficiency (Spoken)
3909,Negotiation
3909,Effective Communication
3909,Sales
3909,Problem Solving
3910,English Proficiency (Spoken)
3910,Negotiation
3910,Effective Communication
3910,Sales
3910,Problem Solving
3911,Sales Management
3911,Sales
3912,Accounting
3914,Negotiation
3914,Digital Marketing
3915,MS-Excel
3915,English Proficiency (Spoken)
3915,Presentation skills
3915,Effective Communication
3915,Sales
3916,Effective Communication
3917,MS-Office
3917,MS-Excel
3917,English Proficiency (Spoken)
3917,English Proficiency (Written)
3918,Sales
3919,MS-Excel
3919,English Proficiency (Spoken)
3919,English Proficiency (Written)
3919,Effective Communication
3919,Sales
3920,English Proficiency (Spoken)
3920,English Proficiency (Written)
3920,Interpersonal skills
3921,English Proficiency (Spoken)
3921,English Proficiency (Written)
3921,Effective Communication
3922,Effective Communication
3922,Problem Solving
3924,MS-Office
3924,MS-Excel
3924,English Proficiency (Spoken)
3924,English Proficiency (Written)
3925,Sales
3926,MS-Excel
3926,MS-PowerPoint
3927,Sales
3930,English Proficiency (Spoken)
3930,English Proficiency (Written)
3932,Lead Generation
3932,Sales
3933,Effective Communication
3933,Sales
3934,MS-Excel
3934,Data entry
3934,Data Analytics
3937,MS-Excel
3937,English Proficiency (Spoken)
3938,MS-Excel
3938,English Proficiency (Written)
3939,English Proficiency (Spoken)
3939,English Proficiency (Written)
3941,Effective Communication
3942,Sales
3943,MS-Office
3943,MS-Excel
3943,English Proficiency (Spoken)
3944,MS-Office
3945,Negotiation
3945,Sales Management
3945,Sales
3946,Effective Communication
3947,English Proficiency (Spoken)
3947,Effective Communication
3948,English Proficiency (Spoken)
3948,English Proficiency (Written)
3949,MS-Excel
3949,English Proficiency (Written)
3950,English Proficiency (Written)
3951,MS-Office
3951,MS-Excel
3951,Data entry
3951,English Proficiency (Spoken)
3951,English Proficiency (Written)
3952,Negotiation
3952,Digital Marketing
3952,Market research
3952,Marketing Strategies
3953,MS-Excel
3953,English Proficiency (Spoken)
3953,English Proficiency (Written)
3953,Presentation skills
3953,Kannada Proficiency (Spoken)
3953,Interpersonal skills
3953,Effective Communication
3954,Legal Research
3954,Company Law
3954,Legal Drafting
3954,Statutory compliances
3954,Legal Writing
3954,Contract Management
3955,MS-Office
3955,MS-Excel
3955,English Proficiency (Spoken)
3955,English Proficiency (Written)
3955,Accounting
3955,Tally
3956,MS-Office
3956,MS-Excel
3956,Effective Communication
3956,MS-PowerPoint
3957,Effective Communication
3957,Leadership
3957,Team Management
3957,E-commerce
3957,Data Analytics
3957,Mentorship
3957,B2B Sales
3957,Sales
3958,English Proficiency (Spoken)
3958,Lead Generation
3958,Sales Management
3958,Sales
3959,English Proficiency (Spoken)
3959,Negotiation
3959,Effective Communication
3959,Sales
3959,Problem Solving
3960,English Proficiency (Spoken)
3960,Negotiation
3960,Effective Communication
3960,Sales
3960,Problem Solving
3961,Sales Management
3961,Sales
3962,Accounting
3964,Negotiation
3964,Digital Marketing
3965,MS-Excel
3965,English Proficiency (Spoken)
3965,Presentation skills
3965,Effective Communication
3965,Sales
3966,Effective Communication
3967,MS-Office
3967,MS-Excel
3967,English Proficiency (Spoken)
3967,English Proficiency (Written)
3968,Sales
3969,MS-Excel
3969,English Proficiency (Spoken)
3969,English Proficiency (Written)
3969,Effective Communication
3969,Sales
3970,English Proficiency (Spoken)
3970,English Proficiency (Written)
3970,Interpersonal skills
3971,English Proficiency (Spoken)
3971,English Proficiency (Written)
3971,Effective Communication
3972,Effective Communication
3972,Problem Solving
3974,MS-Office
3974,MS-Excel
3974,English Proficiency (Spoken)
3974,English Proficiency (Written)
3975,Sales
3976,MS-Excel
3976,MS-PowerPoint
3977,Sales
3980,English Proficiency (Spoken)
3980,English Proficiency (Written)
3982,Lead Generation
3982,Sales
3983,Effective Communication
3983,Sales
3984,MS-Excel
3984,Data entry
3984,Data Analytics
3987,MS-Excel
3987,English Proficiency (Spoken)
3988,MS-Excel
3988,English Proficiency (Written)
3989,English Proficiency (Spoken)
3989,English Proficiency (Written)
3991,Effective Communication
3992,Sales
3993,MS-Office
3993,MS-Excel
3993,English Proficiency (Spoken)
3994,MS-Office
3995,Negotiation
3995,Sales Management
3995,Sales
3996,Effective Communication
3997,English Proficiency (Spoken)
3997,Effective Communication
3998,English Proficiency (Spoken)
3998,English Proficiency (Written)
3999,MS-Excel
3999,English Proficiency (Written)
4000,English Proficiency (Written)
4001,MS-Office
4001,MS-Excel
4001,Data entry
4001,English Proficiency (Spoken)
4001,English Proficiency (Written)
4002,Negotiation
4002,Digital Marketing
4002,Market research
4002,Marketing Strategies
4003,MS-Excel
4003,English Proficiency (Spoken)
4003,English Proficiency (Written)
4003,Presentation skills
4003,Kannada Proficiency (Spoken)
4003,Interpersonal skills
4003,Effective Communication
4004,Legal Research
4004,Company Law
4004,Legal Drafting
4004,Statutory compliances
4004,Legal Writing
4004,Contract Management
4005,MS-Office
4005,MS-Excel
4005,English Proficiency (Spoken)
4005,English Proficiency (Written)
4005,Accounting
4005,Tally
4006,MS-Office
4006,MS-Excel
4006,Effective Communication
4006,MS-PowerPoint
4007,Effective Communication
4007,Leadership
4007,Team Management
4007,E-commerce
4007,Data Analytics
4007,Mentorship
4007,B2B Sales
4007,Sales
4008,English Proficiency (Spoken)
4008,Lead Generation
4008,Sales Management
4008,Sales
4009,English Proficiency (Spoken)
4009,Negotiation
4009,Effective Communication
4009,Sales
4009,Problem Solving
4010,English Proficiency (Spoken)
4010,Negotiation
4010,Effective Communication
4010,Sales
4010,Problem Solving
4011,Sales Management
4011,Sales
4012,Accounting
4014,Negotiation
4014,Digital Marketing
4015,MS-Excel
4015,English Proficiency (Spoken)
4015,Presentation skills
4015,Effective Communication
4015,Sales
4016,Effective Communication
4017,MS-Office
4017,MS-Excel
4017,English Proficiency (Spoken)
4017,English Proficiency (Written)
4018,Sales
4019,MS-Excel
4019,English Proficiency (Spoken)
4019,English Proficiency (Written)
4019,Effective Communication
4019,Sales
4020,English Proficiency (Spoken)
4020,English Proficiency (Written)
4020,Interpersonal skills
4021,English Proficiency (Spoken)
4021,English Proficiency (Written)
4021,Effective Communication
4022,Effective Communication
4022,Problem Solving
4024,MS-Office
4024,MS-Excel
4024,English Proficiency (Spoken)
4024,English Proficiency (Written)
4025,Sales
4026,MS-Excel
4026,MS-PowerPoint
4027,Sales
4030,English Proficiency (Spoken)
4030,English Proficiency (Written)
4032,Lead Generation
4032,Sales
4033,Effective Communication
4033,Sales
4034,MS-Excel
4034,Data entry
4034,Data Analytics
4037,MS-Excel
4037,English Proficiency (Spoken)
4038,MS-Excel
4038,English Proficiency (Written)
4039,English Proficiency (Spoken)
4039,English Proficiency (Written)
4041,Effective Communication
4042,Sales
4043,MS-Office
4043,MS-Excel
4043,English Proficiency (Spoken)
4044,MS-Office
4045,Negotiation
4045,Sales Management
4045,Sales
4046,Effective Communication
4047,English Proficiency (Spoken)
4047,Effective Communication
4048,English Proficiency (Spoken)
4048,English Proficiency (Written)
4049,MS-Excel
4049,English Proficiency (Written)
4050,English Proficiency (Written)
4051,MS-Office
4051,MS-Excel
4051,Data entry
4051,English Proficiency (Spoken)
4051,English Proficiency (Written)
4052,Negotiation
4052,Digital Marketing
4052,Market research
4052,Marketing Strategies
4053,MS-Excel
4053,English Proficiency (Spoken)
4053,English Proficiency (Written)
4053,Presentation skills
4053,Kannada Proficiency (Spoken)
4053,Interpersonal skills
4053,Effective Communication
4054,Legal Research
4054,Company Law
4054,Legal Drafting
4054,Statutory compliances
4054,Legal Writing
4054,Contract Management
4055,MS-Office
4055,MS-Excel
4055,English Proficiency (Spoken)
4055,English Proficiency (Written)
4055,Accounting
4055,Tally
4056,MS-Office
4056,MS-Excel
4056,Effective Communication
4056,MS-PowerPoint
4057,Effective Communication
4057,Leadership
4057,Team Management
4057,E-commerce
4057,Data Analytics
4057,Mentorship
4057,B2B Sales
4057,Sales
4058,English Proficiency (Spoken)
4058,Lead Generation
4058,Sales Management
4058,Sales
4059,English Proficiency (Spoken)
4059,Negotiation
4059,Effective Communication
4059,Sales
4059,Problem Solving
4060,English Proficiency (Spoken)
4060,Negotiation
4060,Effective Communication
4060,Sales
4060,Problem Solving
4061,Sales Management
4061,Sales
4062,Accounting
4064,Negotiation
4064,Digital Marketing
4065,MS-Excel
4065,English Proficiency (Spoken)
4065,Presentation skills
4065,Effective Communication
4065,Sales
4066,Effective Communication
4067,MS-Office
4067,MS-Excel
4067,English Proficiency (Spoken)
4067,English Proficiency (Written)
4068,Sales
4069,MS-Excel
4069,English Proficiency (Spoken)
4069,English Proficiency (Written)
4069,Effective Communication
4069,Sales
4070,English Proficiency (Spoken)
4070,English Proficiency (Written)
4070,Interpersonal skills
4071,English Proficiency (Spoken)
4071,English Proficiency (Written)
4071,Effective Communication
4072,Effective Communication
4072,Problem Solving
4074,MS-Office
4074,MS-Excel
4074,English Proficiency (Spoken)
4074,English Proficiency (Written)
4075,Sales
4076,MS-Excel
4076,MS-PowerPoint
4077,Sales
4080,English Proficiency (Spoken)
4080,English Proficiency (Written)
4082,Lead Generation
4082,Sales
4083,Effective Communication
4083,Sales
4084,MS-Excel
4084,Data entry
4084,Data Analytics
4087,MS-Excel
4087,English Proficiency (Spoken)
4088,MS-Excel
4088,English Proficiency (Written)
4089,English Proficiency (Spoken)
4089,English Proficiency (Written)
4091,Effective Communication
4092,Sales
4093,MS-Office
4093,MS-Excel
4093,English Proficiency (Spoken)
4094,MS-Office
4095,Negotiation
4095,Sales Management
4095,Sales
4096,Effective Communication
4097,English Proficiency (Spoken)
4097,Effective Communication
4098,English Proficiency (Spoken)
4098,English Proficiency (Written)
4099,MS-Excel
4099,English Proficiency (Written)
4100,English Proficiency (Written)
4101,MS-Office
4101,MS-Excel
4101,Data entry
4101,English Proficiency (Spoken)
4101,English Proficiency (Written)
4102,Negotiation
4102,Digital Marketing
4102,Market research
4102,Marketing Strategies
4103,MS-Excel
4103,English Proficiency (Spoken)
4103,English Proficiency (Written)
4103,Presentation skills
4103,Kannada Proficiency (Spoken)
4103,Interpersonal skills
4103,Effective Communication
4104,Legal Research
4104,Company Law
4104,Legal Drafting
4104,Statutory compliances
4104,Legal Writing
4104,Contract Management
4105,MS-Office
4105,MS-Excel
4105,English Proficiency (Spoken)
4105,English Proficiency (Written)
4105,Accounting
4105,Tally
4106,MS-Office
4106,MS-Excel
4106,Effective Communication
4106,MS-PowerPoint
4107,Effective Communication
4107,Leadership
4107,Team Management
4107,E-commerce
4107,Data Analytics
4107,Mentorship
4107,B2B Sales
4107,Sales
4108,English Proficiency (Spoken)
4108,Lead Generation
4108,Sales Management
4108,Sales
4109,English Proficiency (Spoken)
4109,Negotiation
4109,Effective Communication
4109,Sales
4109,Problem Solving
4110,English Proficiency (Spoken)
4110,Negotiation
4110,Effective Communication
4110,Sales
4110,Problem Solving
4111,Sales Management
4111,Sales
4112,Accounting
4114,Negotiation
4114,Digital Marketing
4115,MS-Excel
4115,English Proficiency (Spoken)
4115,Presentation skills
4115,Effective Communication
4115,Sales
4116,Effective Communication
4117,MS-Office
4117,MS-Excel
4117,English Proficiency (Spoken)
4117,English Proficiency (Written)
4118,Sales
4119,MS-Excel
4119,English Proficiency (Spoken)
4119,English Proficiency (Written)
4119,Effective Communication
4119,Sales
4120,English Proficiency (Spoken)
4120,English Proficiency (Written)
4120,Interpersonal skills
4121,English Proficiency (Spoken)
4121,English Proficiency (Written)
4121,Effective Communication
4122,Effective Communication
4122,Problem Solving
4124,MS-Office
4124,MS-Excel
4124,English Proficiency (Spoken)
4124,English Proficiency (Written)
4125,Sales
4126,MS-Excel
4126,MS-PowerPoint
4127,Sales
4130,English Proficiency (Spoken)
4130,English Proficiency (Written)
4132,Lead Generation
4132,Sales
4133,Effective Communication
4133,Sales
4134,MS-Excel
4134,Data entry
4134,Data Analytics
4137,MS-Excel
4137,English Proficiency (Spoken)
4138,MS-Excel
4138,English Proficiency (Written)
4139,English Proficiency (Spoken)
4139,English Proficiency (Written)
4141,Effective Communication
4142,Sales
4143,MS-Office
4143,MS-Excel
4143,English Proficiency (Spoken)
4144,MS-Office
4145,Negotiation
4145,Sales Management
4145,Sales
4146,Effective Communication
4147,English Proficiency (Spoken)
4147,Effective Communication
4148,English Proficiency (Spoken)
4148,English Proficiency (Written)
4149,MS-Excel
4149,English Proficiency (Written)
4150,English Proficiency (Written)
4151,MS-Office
4151,MS-Excel
4151,Data entry
4151,English Proficiency (Spoken)
4151,English Proficiency (Written)
4152,Negotiation
4152,Digital Marketing
4152,Market research
4152,Marketing Strategies
4153,MS-Excel
4153,English Proficiency (Spoken)
4153,English Proficiency (Written)
4153,Presentation skills
4153,Kannada Proficiency (Spoken)
4153,Interpersonal skills
4153,Effective Communication
4154,Legal Research
4154,Company Law
4154,Legal Drafting
4154,Statutory compliances
4154,Legal Writing
4154,Contract Management
4155,MS-Office
4155,MS-Excel
4155,English Proficiency (Spoken)
4155,English Proficiency (Written)
4155,Accounting
4155,Tally
4156,MS-Office
4156,MS-Excel
4156,Effective Communication
4156,MS-PowerPoint
4157,Effective Communication
4157,Leadership
4157,Team Management
4157,E-commerce
4157,Data Analytics
4157,Mentorship
4157,B2B Sales
4157,Sales
4158,English Proficiency (Spoken)
4158,Lead Generation
4158,Sales Management
4158,Sales
4159,English Proficiency (Spoken)
4159,Negotiation
4159,Effective Communication
4159,Sales
4159,Problem Solving
4160,English Proficiency (Spoken)
4160,Negotiation
4160,Effective Communication
4160,Sales
4160,Problem Solving
4161,Sales Management
4161,Sales
4162,Accounting
4164,Negotiation
4164,Digital Marketing
4165,MS-Excel
4165,English Proficiency (Spoken)
4165,Presentation skills
4165,Effective Communication
4165,Sales
4166,Effective Communication
4167,MS-Office
4167,MS-Excel
4167,English Proficiency (Spoken)
4167,English Proficiency (Written)
4168,Sales
4169,MS-Excel
4169,English Proficiency (Spoken)
4169,English Proficiency (Written)
4169,Effective Communication
4169,Sales
4170,English Proficiency (Spoken)
4170,English Proficiency (Written)
4170,Interpersonal skills
4171,English Proficiency (Spoken)
4171,English Proficiency (Written)
4171,Effective Communication
4172,Effective Communication
4172,Problem Solving
4174,MS-Office
4174,MS-Excel
4174,English Proficiency (Spoken)
4174,English Proficiency (Written)
4175,Sales
4176,MS-Excel
4176,MS-PowerPoint
4177,Sales
4180,English Proficiency (Spoken)
4180,English Proficiency (Written)
4182,Lead Generation
4182,Sales
4183,Effective Communication
4183,Sales
4184,MS-Excel
4184,Data entry
4184,Data Analytics
4187,MS-Excel
4187,English Proficiency (Spoken)
4188,MS-Excel
4188,English Proficiency (Written)
4189,English Proficiency (Spoken)
4189,English Proficiency (Written)
4191,Effective Communication
4192,Sales
4193,MS-Office
4193,MS-Excel
4193,English Proficiency (Spoken)
4194,MS-Office
4195,Negotiation
4195,Sales Management
4195,Sales
4196,Effective Communication
4197,English Proficiency (Spoken)
4197,Effective Communication
4198,English Proficiency (Spoken)
4198,English Proficiency (Written)
4199,MS-Excel
4199,English Proficiency (Written)
4200,English Proficiency (Written)
4201,MS-Office
4201,MS-Excel
4201,Data entry
4201,English Proficiency (Spoken)
4201,English Proficiency (Written)
4202,Negotiation
4202,Digital Marketing
4202,Market research
4202,Marketing Strategies
4203,MS-Excel
4203,English Proficiency (Spoken)
4203,English Proficiency (Written)
4203,Presentation skills
4203,Kannada Proficiency (Spoken)
4203,Interpersonal skills
4203,Effective Communication
4204,Legal Research
4204,Company Law
4204,Legal Drafting
4204,Statutory compliances
4204,Legal Writing
4204,Contract Management
4205,MS-Office
4205,MS-Excel
4205,English Proficiency (Spoken)
4205,English Proficiency (Written)
4205,Accounting
4205,Tally
4206,MS-Office
4206,MS-Excel
4206,Effective Communication
4206,MS-PowerPoint
4207,Effective Communication
4207,Leadership
4207,Team Management
4207,E-commerce
4207,Data Analytics
4207,Mentorship
4207,B2B Sales
4207,Sales
4208,English Proficiency (Spoken)
4208,Lead Generation
4208,Sales Management
4208,Sales
4209,English Proficiency (Spoken)
4209,Negotiation
4209,Effective Communication
4209,Sales
4209,Problem Solving
4210,English Proficiency (Spoken)
4210,Negotiation
4210,Effective Communication
4210,Sales
4210,Problem Solving
4211,Sales Management
4211,Sales
4212,Accounting
4214,Negotiation
4214,Digital Marketing
4215,MS-Excel
4215,English Proficiency (Spoken)
4215,Presentation skills
4215,Effective Communication
4215,Sales
4216,Effective Communication
4217,MS-Office
4217,MS-Excel
4217,English Proficiency (Spoken)
4217,English Proficiency (Written)
4218,Sales
4219,MS-Excel
4219,English Proficiency (Spoken)
4219,English Proficiency (Written)
4219,Effective Communication
4219,Sales
4220,English Proficiency (Spoken)
4220,English Proficiency (Written)
4220,Interpersonal skills
4221,English Proficiency (Spoken)
4221,English Proficiency (Written)
4221,Effective Communication
4222,Effective Communication
4222,Problem Solving
4224,MS-Office
4224,MS-Excel
4224,English Proficiency (Spoken)
4224,English Proficiency (Written)
4225,Sales
4226,MS-Excel
4226,MS-PowerPoint
4227,Sales
4230,English Proficiency (Spoken)
4230,English Proficiency (Written)
4232,Lead Generation
4232,Sales
4233,Effective Communication
4233,Sales
4234,MS-Excel
4234,Data entry
4234,Data Analytics
4237,MS-Excel
4237,English Proficiency (Spoken)
4238,MS-Excel
4238,English Proficiency (Written)
4239,English Proficiency (Spoken)
4239,English Proficiency (Written)
4241,Effective Communication
4242,Sales
4243,MS-Office
4243,MS-Excel
4243,English Proficiency (Spoken)
4244,MS-Office
4245,Negotiation
4245,Sales Management
4245,Sales
4246,Effective Communication
4247,English Proficiency (Spoken)
4247,Effective Communication
4248,English Proficiency (Spoken)
4248,English Proficiency (Written)
4249,MS-Excel
4249,English Proficiency (Written)
4250,English Proficiency (Written)
4251,MS-Office
4251,MS-Excel
4251,Data entry
4251,English Proficiency (Spoken)
4251,English Proficiency (Written)
4252,Negotiation
4252,Digital Marketing
4252,Market research
4252,Marketing Strategies
4253,MS-Excel
4253,English Proficiency (Spoken)
4253,English Proficiency (Written)
4253,Presentation skills
4253,Kannada Proficiency (Spoken)
4253,Interpersonal skills
4253,Effective Communication
4254,Legal Research
4254,Company Law
4254,Legal Drafting
4254,Statutory compliances
4254,Legal Writing
4254,Contract Management
4255,MS-Office
4255,MS-Excel
4255,English Proficiency (Spoken)
4255,English Proficiency (Written)
4255,Accounting
4255,Tally
4256,MS-Office
4256,MS-Excel
4256,Effective Communication
4256,MS-PowerPoint
4257,Effective Communication
4257,Leadership
4257,Team Management
4257,E-commerce
4257,Data Analytics
4257,Mentorship
4257,B2B Sales
4257,Sales
4258,English Proficiency (Spoken)
4258,Lead Generation
4258,Sales Management
4258,Sales
4259,English Proficiency (Spoken)
4259,Negotiation
4259,Effective Communication
4259,Sales
4259,Problem Solving
4260,English Proficiency (Spoken)
4260,Negotiation
4260,Effective Communication
4260,Sales
4260,Problem Solving
4261,Sales Management
4261,Sales
4262,Accounting
4264,Negotiation
4264,Digital Marketing
4265,MS-Excel
4265,English Proficiency (Spoken)
4265,Presentation skills
4265,Effective Communication
4265,Sales
4266,Effective Communication
4267,MS-Office
4267,MS-Excel
4267,English Proficiency (Spoken)
4267,English Proficiency (Written)
4268,Sales
4269,MS-Excel
4269,English Proficiency (Spoken)
4269,English Proficiency (Written)
4269,Effective Communication
4269,Sales
4270,English Proficiency (Spoken)
4270,English Proficiency (Written)
4270,Interpersonal skills
4271,English Proficiency (Spoken)
4271,English Proficiency (Written)
4271,Effective Communication
4272,Effective Communication
4272,Problem Solving
4274,MS-Office
4274,MS-Excel
4274,English Proficiency (Spoken)
4274,English Proficiency (Written)
4275,Sales
4276,MS-Excel
4276,MS-PowerPoint
4277,Sales
4280,English Proficiency (Spoken)
4280,English Proficiency (Written)
4282,Lead Generation
4282,Sales
4283,Effective Communication
4283,Sales
4284,MS-Excel
4284,Data entry
4284,Data Analytics
4287,MS-Excel
4287,English Proficiency (Spoken)
4288,MS-Excel
4288,English Proficiency (Written)
4289,English Proficiency (Spoken)
4289,English Proficiency (Written)
4291,Effective Communication
4292,Sales
4293,MS-Office
4293,MS-Excel
4293,English Proficiency (Spoken)
4294,MS-Office
4295,Negotiation
4295,Sales Management
4295,Sales
4296,Effective Communication
4297,English Proficiency (Spoken)
4297,Effective Communication
4298,English Proficiency (Spoken)
4298,English Proficiency (Written)
4299,MS-Excel
4299,English Proficiency (Written)
4300,English Proficiency (Written)
4301,MS-Office
4301,MS-Excel
4301,Data entry
4301,English Proficiency (Spoken)
4301,English Proficiency (Written)
4302,Negotiation
4302,Digital Marketing
4302,Market research
4302,Marketing Strategies
4303,MS-Excel
4303,English Proficiency (Spoken)
4303,English Proficiency (Written)
4303,Presentation skills
4303,Kannada Proficiency (Spoken)
4303,Interpersonal skills
4303,Effective Communication
4304,Legal Research
4304,Company Law
4304,Legal Drafting
4304,Statutory compliances
4304,Legal Writing
4304,Contract Management
4305,MS-Office
4305,MS-Excel
4305,English Proficiency (Spoken)
4305,English Proficiency (Written)
4305,Accounting
4305,Tally
4306,MS-Office
4306,MS-Excel
4306,Effective Communication
4306,MS-PowerPoint
4307,Effective Communication
4307,Leadership
4307,Team Management
4307,E-commerce
4307,Data Analytics
4307,Mentorship
4307,B2B Sales
4307,Sales
4308,English Proficiency (Spoken)
4308,Lead Generation
4308,Sales Management
4308,Sales
4309,English Proficiency (Spoken)
4309,Negotiation
4309,Effective Communication
4309,Sales
4309,Problem Solving
4310,English Proficiency (Spoken)
4310,Negotiation
4310,Effective Communication
4310,Sales
4310,Problem Solving
4311,Sales Management
4311,Sales
4312,Accounting
4314,Negotiation
4314,Digital Marketing
4315,MS-Excel
4315,English Proficiency (Spoken)
4315,Presentation skills
4315,Effective Communication
4315,Sales
4316,Effective Communication
4317,MS-Office
4317,MS-Excel
4317,English Proficiency (Spoken)
4317,English Proficiency (Written)
4318,Sales
4319,MS-Excel
4319,English Proficiency (Spoken)
4319,English Proficiency (Written)
4319,Effective Communication
4319,Sales
4320,English Proficiency (Spoken)
4320,English Proficiency (Written)
4320,Interpersonal skills
4321,English Proficiency (Spoken)
4321,English Proficiency (Written)
4321,Effective Communication
4322,Effective Communication
4322,Problem Solving
4324,MS-Office
4324,MS-Excel
4324,English Proficiency (Spoken)
4324,English Proficiency (Written)
4325,Sales
4326,MS-Excel
4326,MS-PowerPoint
4327,Sales
4330,English Proficiency (Spoken)
4330,English Proficiency (Written)
4332,Lead Generation
4332,Sales
4333,Effective Communication
4333,Sales
4334,MS-Excel
4334,Data entry
4334,Data Analytics
4337,MS-Excel
4337,English Proficiency (Spoken)
4338,MS-Excel
4338,English Proficiency (Written)
4339,English Proficiency (Spoken)
4339,English Proficiency (Written)
4341,Effective Communication
4342,Sales
4343,MS-Office
4343,MS-Excel
4343,English Proficiency (Spoken)
4344,MS-Office
4345,Negotiation
4345,Sales Management
4345,Sales
4346,Effective Communication
4347,English Proficiency (Spoken)
4347,Effective Communication
4348,English Proficiency (Spoken)
4348,English Proficiency (Written)
4349,MS-Excel
4349,English Proficiency (Written)
4350,English Proficiency (Written)
4351,MS-Office
4351,MS-Excel
4351,Data entry
4351,English Proficiency (Spoken)
4351,English Proficiency (Written)
4352,Negotiation
4352,Digital Marketing
4352,Market research
4352,Marketing Strategies
4353,MS-Excel
4353,English Proficiency (Spoken)
4353,English Proficiency (Written)
4353,Presentation skills
4353,Kannada Proficiency (Spoken)
4353,Interpersonal skills
4353,Effective Communication
4354,Legal Research
4354,Company Law
4354,Legal Drafting
4354,Statutory compliances
4354,Legal Writing
4354,Contract Management
4355,MS-Office
4355,MS-Excel
4355,English Proficiency (Spoken)
4355,English Proficiency (Written)
4355,Accounting
4355,Tally
4356,MS-Office
4356,MS-Excel
4356,Effective Communication
4356,MS-PowerPoint
4357,Effective Communication
4357,Leadership
4357,Team Management
4357,E-commerce
4357,Data Analytics
4357,Mentorship
4357,B2B Sales
4357,Sales
4358,English Proficiency (Spoken)
4358,Lead Generation
4358,Sales Management
4358,Sales
4359,English Proficiency (Spoken)
4359,Negotiation
4359,Effective Communication
4359,Sales
4359,Problem Solving
4360,English Proficiency (Spoken)
4360,Negotiation
4360,Effective Communication
4360,Sales
4360,Problem Solving
4361,Sales Management
4361,Sales
4362,Accounting
4364,Negotiation
4364,Digital Marketing
4365,MS-Excel
4365,English Proficiency (Spoken)
4365,Presentation skills
4365,Effective Communication
4365,Sales
4366,Effective Communication
4367,MS-Office
4367,MS-Excel
4367,English Proficiency (Spoken)
4367,English Proficiency (Written)
4368,Sales
4369,MS-Excel
4369,English Proficiency (Spoken)
4369,English Proficiency (Written)
4369,Effective Communication
4369,Sales
4370,English Proficiency (Spoken)
4370,English Proficiency (Written)
4370,Interpersonal skills
4371,English Proficiency (Spoken)
4371,English Proficiency (Written)
4371,Effective Communication
4372,Effective Communication
4372,Problem Solving
4374,MS-Office
4374,MS-Excel
4374,English Proficiency (Spoken)
4374,English Proficiency (Written)
4375,Sales
4376,MS-Excel
4376,MS-PowerPoint
4377,Sales
4380,English Proficiency (Spoken)
4380,English Proficiency (Written)
4382,Lead Generation
4382,Sales
4383,Effective Communication
4383,Sales
4384,MS-Excel
4384,Data entry
4384,Data Analytics
4387,MS-Excel
4387,English Proficiency (Spoken)
4388,MS-Excel
4388,English Proficiency (Written)
4389,English Proficiency (Spoken)
4389,English Proficiency (Written)
4391,Effective Communication
4392,Sales
4393,MS-Office
4393,MS-Excel
4393,English Proficiency (Spoken)
4394,MS-Office
4395,Negotiation
4395,Sales Management
4395,Sales
4396,Effective Communication
4397,English Proficiency (Spoken)
4397,Effective Communication
4398,English Proficiency (Spoken)
4398,English Proficiency (Written)
4399,MS-Excel
4399,English Proficiency (Written)
4400,English Proficiency (Written)
4401,MS-Office
4401,MS-Excel
4401,Data entry
4401,English Proficiency (Spoken)
4401,English Proficiency (Written)
4402,Negotiation
4402,Digital Marketing
4402,Market research
4402,Marketing Strategies
4403,MS-Excel
4403,English Proficiency (Spoken)
4403,English Proficiency (Written)
4403,Presentation skills
4403,Kannada Proficiency (Spoken)
4403,Interpersonal skills
4403,Effective Communication
4404,Legal Research
4404,Company Law
4404,Legal Drafting
4404,Statutory compliances
4404,Legal Writing
4404,Contract Management
4405,MS-Office
4405,MS-Excel
4405,English Proficiency (Spoken)
4405,English Proficiency (Written)
4405,Accounting
4405,Tally
4406,MS-Office
4406,MS-Excel
4406,Effective Communication
4406,MS-PowerPoint
4407,Effective Communication
4407,Leadership
4407,Team Management
4407,E-commerce
4407,Data Analytics
4407,Mentorship
4407,B2B Sales
4407,Sales
4408,English Proficiency (Spoken)
4408,Lead Generation
4408,Sales Management
4408,Sales
4409,English Proficiency (Spoken)
4409,Negotiation
4409,Effective Communication
4409,Sales
4409,Problem Solving
4410,English Proficiency (Spoken)
4410,Negotiation
4410,Effective Communication
4410,Sales
4410,Problem Solving
4411,Sales Management
4411,Sales
4412,Accounting
4414,Negotiation
4414,Digital Marketing
4415,MS-Excel
4415,English Proficiency (Spoken)
4415,Presentation skills
4415,Effective Communication
4415,Sales
4416,Effective Communication
4417,MS-Office
4417,MS-Excel
4417,English Proficiency (Spoken)
4417,English Proficiency (Written)
4418,Sales
4419,MS-Excel
4419,English Proficiency (Spoken)
4419,English Proficiency (Written)
4419,Effective Communication
4419,Sales
4420,English Proficiency (Spoken)
4420,English Proficiency (Written)
4420,Interpersonal skills
4421,English Proficiency (Spoken)
4421,English Proficiency (Written)
4421,Effective Communication
4422,Effective Communication
4422,Problem Solving
4424,MS-Office
4424,MS-Excel
4424,English Proficiency (Spoken)
4424,English Proficiency (Written)
4425,Sales
4426,MS-Excel
4426,MS-PowerPoint
4427,Sales
4430,English Proficiency (Spoken)
4430,English Proficiency (Written)
4432,Lead Generation
4432,Sales
4433,Effective Communication
4433,Sales
4434,MS-Excel
4434,Data entry
4434,Data Analytics
4437,MS-Excel
4437,English Proficiency (Spoken)
4438,MS-Excel
4438,English Proficiency (Written)
4439,English Proficiency (Spoken)
4439,English Proficiency (Written)
4441,Effective Communication
4442,Sales
4443,MS-Office
4443,MS-Excel
4443,English Proficiency (Spoken)
4444,MS-Office
4445,Negotiation
4445,Sales Management
4445,Sales
4446,Effective Communication
4447,English Proficiency (Spoken)
4447,Effective Communication
4448,English Proficiency (Spoken)
4448,English Proficiency (Written)
4449,MS-Excel
4449,English Proficiency (Written)
4450,English Proficiency (Written)
4451,MS-Office
4451,MS-Excel
4451,Data entry
4451,English Proficiency (Spoken)
4451,English Proficiency (Written)
4452,Negotiation
4452,Digital Marketing
4452,Market research
4452,Marketing Strategies
4453,MS-Excel
4453,English Proficiency (Spoken)
4453,English Proficiency (Written)
4453,Presentation skills
4453,Kannada Proficiency (Spoken)
4453,Interpersonal skills
4453,Effective Communication
4454,Legal Research
4454,Company Law
4454,Legal Drafting
4454,Statutory compliances
4454,Legal Writing
4454,Contract Management
4455,MS-Office
4455,MS-Excel
4455,English Proficiency (Spoken)
4455,English Proficiency (Written)
4455,Accounting
4455,Tally
4456,MS-Office
4456,MS-Excel
4456,Effective Communication
4456,MS-PowerPoint
4457,Effective Communication
4457,Leadership
4457,Team Management
4457,E-commerce
4457,Data Analytics
4457,Mentorship
4457,B2B Sales
4457,Sales
4458,English Proficiency (Spoken)
4458,Lead Generation
4458,Sales Management
4458,Sales
4459,English Proficiency (Spoken)
4459,Negotiation
4459,Effective Communication
4459,Sales
4459,Problem Solving
4460,English Proficiency (Spoken)
4460,Negotiation
4460,Effective Communication
4460,Sales
4460,Problem Solving
4461,Sales Management
4461,Sales
4462,Accounting
4464,Negotiation
4464,Digital Marketing
4465,MS-Excel
4465,English Proficiency (Spoken)
4465,Presentation skills
4465,Effective Communication
4465,Sales
4466,Effective Communication
4467,MS-Office
4467,MS-Excel
4467,English Proficiency (Spoken)
4467,English Proficiency (Written)
4468,Sales
4469,MS-Excel
4469,English Proficiency (Spoken)
4469,English Proficiency (Written)
4469,Effective Communication
4469,Sales
4470,English Proficiency (Spoken)
4470,English Proficiency (Written)
4470,Interpersonal skills
4471,English Proficiency (Spoken)
4471,English Proficiency (Written)
4471,Effective Communication
4472,Effective Communication
4472,Problem Solving
4474,MS-Office
4474,MS-Excel
4474,English Proficiency (Spoken)
4474,English Proficiency (Written)
4475,Sales
4476,MS-Excel
4476,MS-PowerPoint
4477,Sales
4480,English Proficiency (Spoken)
4480,English Proficiency (Written)
4482,Lead Generation
4482,Sales
4483,Effective Communication
4483,Sales
4484,MS-Excel
4484,Data entry
4484,Data Analytics
4487,MS-Excel
4487,English Proficiency (Spoken)
4488,MS-Excel
4488,English Proficiency (Written)
4489,English Proficiency (Spoken)
4489,English Proficiency (Written)
4491,Effective Communication
4492,Sales
4493,MS-Office
4493,MS-Excel
4493,English Proficiency (Spoken)
4494,MS-Office
4495,Negotiation
4495,Sales Management
4495,Sales
4496,Effective Communication
4497,English Proficiency (Spoken)
4497,Effective Communication
4498,English Proficiency (Spoken)
4498,English Proficiency (Written)
4499,MS-Excel
4499,English Proficiency (Written)
4500,English Proficiency (Written)
4501,MS-Office
4501,MS-Excel
4501,Data entry
4501,English Proficiency (Spoken)
4501,English Proficiency (Written)
4502,Negotiation
4502,Digital Marketing
4502,Market research
4502,Marketing Strategies
4503,MS-Excel
4503,English Proficiency (Spoken)
4503,English Proficiency (Written)
4503,Presentation skills
4503,Kannada Proficiency (Spoken)
4503,Interpersonal skills
4503,Effective Communication
4504,Legal Research
4504,Company Law
4504,Legal Drafting
4504,Statutory compliances
4504,Legal Writing
4504,Contract Management
4505,MS-Office
4505,MS-Excel
4505,English Proficiency (Spoken)
4505,English Proficiency (Written)
4505,Accounting
4505,Tally
4506,MS-Office
4506,MS-Excel
4506,Effective Communication
4506,MS-PowerPoint
4507,Effective Communication
4507,Leadership
4507,Team Management
4507,E-commerce
4507,Data Analytics
4507,Mentorship
4507,B2B Sales
4507,Sales
4508,English Proficiency (Spoken)
4508,Lead Generation
4508,Sales Management
4508,Sales
4509,English Proficiency (Spoken)
4509,Negotiation
4509,Effective Communication
4509,Sales
4509,Problem Solving
4510,English Proficiency (Spoken)
4510,Negotiation
4510,Effective Communication
4510,Sales
4510,Problem Solving
4511,Sales Management
4511,Sales
4512,Accounting
4514,Negotiation
4514,Digital Marketing
4515,MS-Excel
4515,English Proficiency (Spoken)
4515,Presentation skills
4515,Effective Communication
4515,Sales
4516,Effective Communication
4517,MS-Office
4517,MS-Excel
4517,English Proficiency (Spoken)
4517,English Proficiency (Written)
4518,Sales
4519,MS-Excel
4519,English Proficiency (Spoken)
4519,English Proficiency (Written)
4519,Effective Communication
4519,Sales
4520,English Proficiency (Spoken)
4520,English Proficiency (Written)
4520,Interpersonal skills
4521,English Proficiency (Spoken)
4521,English Proficiency (Written)
4521,Effective Communication
4522,Effective Communication
4522,Problem Solving
4524,MS-Office
4524,MS-Excel
4524,English Proficiency (Spoken)
4524,English Proficiency (Written)
4525,Sales
4526,MS-Excel
4526,MS-PowerPoint
4527,Sales
4530,English Proficiency (Spoken)
4530,English Proficiency (Written)
4532,Lead Generation
4532,Sales
4533,Effective Communication
4533,Sales
4534,MS-Excel
4534,Data entry
4534,Data Analytics
4537,MS-Excel
4537,English Proficiency (Spoken)
4538,MS-Excel
4538,English Proficiency (Written)
4539,English Proficiency (Spoken)
4539,English Proficiency (Written)
4541,Effective Communication
4542,Sales
4543,MS-Office
4543,MS-Excel
4543,English Proficiency (Spoken)
4544,MS-Office
4545,Negotiation
4545,Sales Management
4545,Sales
4546,Effective Communication
4547,English Proficiency (Spoken)
4547,Effective Communication
4548,English Proficiency (Spoken)
4548,English Proficiency (Written)
4549,MS-Excel
4549,English Proficiency (Written)
4550,English Proficiency (Written)
4551,MS-Office
4551,MS-Excel
4551,Data entry
4551,English Proficiency (Spoken)
4551,English Proficiency (Written)
4552,Negotiation
4552,Digital Marketing
4552,Market research
4552,Marketing Strategies
4553,MS-Excel
4553,English Proficiency (Spoken)
4553,English Proficiency (Written)
4553,Presentation skills
4553,Kannada Proficiency (Spoken)
4553,Interpersonal skills
4553,Effective Communication
4554,Legal Research
4554,Company Law
4554,Legal Drafting
4554,Statutory compliances
4554,Legal Writing
4554,Contract Management
4555,MS-Office
4555,MS-Excel
4555,English Proficiency (Spoken)
4555,English Proficiency (Written)
4555,Accounting
4555,Tally
4556,MS-Office
4556,MS-Excel
4556,Effective Communication
4556,MS-PowerPoint
4557,Effective Communication
4557,Leadership
4557,Team Management
4557,E-commerce
4557,Data Analytics
4557,Mentorship
4557,B2B Sales
4557,Sales
4558,English Proficiency (Spoken)
4558,Lead Generation
4558,Sales Management
4558,Sales
4559,English Proficiency (Spoken)
4559,Negotiation
4559,Effective Communication
4559,Sales
4559,Problem Solving
4560,English Proficiency (Spoken)
4560,Negotiation
4560,Effective Communication
4560,Sales
4560,Problem Solving
4561,Sales Management
4561,Sales
4562,Accounting
4564,Negotiation
4564,Digital Marketing
4565,MS-Excel
4565,English Proficiency (Spoken)
4565,Presentation skills
4565,Effective Communication
4565,Sales
4566,Effective Communication
4567,MS-Office
4567,MS-Excel
4567,English Proficiency (Spoken)
4567,English Proficiency (Written)
4568,Sales
4569,MS-Excel
4569,English Proficiency (Spoken)
4569,English Proficiency (Written)
4569,Effective Communication
4569,Sales
4570,English Proficiency (Spoken)
4570,English Proficiency (Written)
4570,Interpersonal skills
4571,English Proficiency (Spoken)
4571,English Proficiency (Written)
4571,Effective Communication
4572,Effective Communication
4572,Problem Solving
4574,MS-Office
4574,MS-Excel
4574,English Proficiency (Spoken)
4574,English Proficiency (Written)
4575,Sales
4576,MS-Excel
4576,MS-PowerPoint
4577,Sales
4580,English Proficiency (Spoken)
4580,English Proficiency (Written)
4582,Lead Generation
4582,Sales
4583,Effective Communication
4583,Sales
4584,MS-Excel
4584,Data entry
4584,Data Analytics
4587,MS-Excel
4587,English Proficiency (Spoken)
4588,MS-Excel
4588,English Proficiency (Written)
4589,English Proficiency (Spoken)
4589,English Proficiency (Written)
4591,Effective Communication
4592,Sales
4593,MS-Office
4593,MS-Excel
4593,English Proficiency (Spoken)
4594,MS-Office
4595,Negotiation
4595,Sales Management
4595,Sales
4596,Effective Communication
4597,English Proficiency (Spoken)
4597,Effective Communication
4598,English Proficiency (Spoken)
4598,English Proficiency (Written)
4599,MS-Excel
4599,English Proficiency (Written)
4600,English Proficiency (Written)
4601,MS-Office
4601,MS-Excel
4601,Data entry
4601,English Proficiency (Spoken)
4601,English Proficiency (Written)
4602,Negotiation
4602,Digital Marketing
4602,Market research
4602,Marketing Strategies
4603,MS-Excel
4603,English Proficiency (Spoken)
4603,English Proficiency (Written)
4603,Presentation skills
4603,Kannada Proficiency (Spoken)
4603,Interpersonal skills
4603,Effective Communication
4604,Legal Research
4604,Company Law
4604,Legal Drafting
4604,Statutory compliances
4604,Legal Writing
4604,Contract Management
4605,MS-Office
4605,MS-Excel
4605,English Proficiency (Spoken)
4605,English Proficiency (Written)
4605,Accounting
4605,Tally
4606,MS-Office
4606,MS-Excel
4606,Effective Communication
4606,MS-PowerPoint
4607,Effective Communication
4607,Leadership
4607,Team Management
4607,E-commerce
4607,Data Analytics
4607,Mentorship
4607,B2B Sales
4607,Sales
4608,English Proficiency (Spoken)
4608,Lead Generation
4608,Sales Management
4608,Sales
4609,English Proficiency (Spoken)
4609,Negotiation
4609,Effective Communication
4609,Sales
4609,Problem Solving
4610,English Proficiency (Spoken)
4610,Negotiation
4610,Effective Communication
4610,Sales
4610,Problem Solving
4611,Sales Management
4611,Sales
4612,Accounting
4614,Negotiation
4614,Digital Marketing
4615,MS-Excel
4615,English Proficiency (Spoken)
4615,Presentation skills
4615,Effective Communication
4615,Sales
4616,Effective Communication
4617,MS-Office
4617,MS-Excel
4617,English Proficiency (Spoken)
4617,English Proficiency (Written)
4618,Sales
4619,MS-Excel
4619,English Proficiency (Spoken)
4619,English Proficiency (Written)
4619,Effective Communication
4619,Sales
4620,English Proficiency (Spoken)
4620,English Proficiency (Written)
4620,Interpersonal skills
4621,English Proficiency (Spoken)
4621,English Proficiency (Written)
4621,Effective Communication
4622,Effective Communication
4622,Problem Solving
4624,MS-Office
4624,MS-Excel
4624,English Proficiency (Spoken)
4624,English Proficiency (Written)
4625,Sales
4626,MS-Excel
4626,MS-PowerPoint
4627,Sales
4630,English Proficiency (Spoken)
4630,English Proficiency (Written)
4632,Lead Generation
4632,Sales
4633,Effective Communication
4633,Sales
4634,MS-Excel
4634,Data entry
4634,Data Analytics
4637,MS-Excel
4637,English Proficiency (Spoken)
4638,MS-Excel
4638,English Proficiency (Written)
4639,English Proficiency (Spoken)
4639,English Proficiency (Written)
4641,Effective Communication
4642,Sales
4643,MS-Office
4643,MS-Excel
4643,English Proficiency (Spoken)
4644,MS-Office
4645,Negotiation
4645,Sales Management
4645,Sales
4646,Effective Communication
4647,English Proficiency (Spoken)
4647,Effective Communication
4648,English Proficiency (Spoken)
4648,English Proficiency (Written)
4649,MS-Excel
4649,English Proficiency (Written)
4650,English Proficiency (Written)
4651,MS-Office
4651,MS-Excel
4651,Data entry
4651,English Proficiency (Spoken)
4651,English Proficiency (Written)
4652,Negotiation
4652,Digital Marketing
4652,Market research
4652,Marketing Strategies
4653,MS-Excel
4653,English Proficiency (Spoken)
4653,English Proficiency (Written)
4653,Presentation skills
4653,Kannada Proficiency (Spoken)
4653,Interpersonal skills
4653,Effective Communication
4654,Legal Research
4654,Company Law
4654,Legal Drafting
4654,Statutory compliances
4654,Legal Writing
4654,Contract Management
4655,MS-Office
4655,MS-Excel
4655,English Proficiency (Spoken)
4655,English Proficiency (Written)
4655,Accounting
4655,Tally
4656,MS-Office
4656,MS-Excel
4656,Effective Communication
4656,MS-PowerPoint
4657,Effective Communication
4657,Leadership
4657,Team Management
4657,E-commerce
4657,Data Analytics
4657,Mentorship
4657,B2B Sales
4657,Sales
4658,English Proficiency (Spoken)
4658,Lead Generation
4658,Sales Management
4658,Sales
4659,English Proficiency (Spoken)
4659,Negotiation
4659,Effective Communication
4659,Sales
4659,Problem Solving
4660,English Proficiency (Spoken)
4660,Negotiation
4660,Effective Communication
4660,Sales
4660,Problem Solving
4661,Sales Management
4661,Sales
4662,Accounting
4664,Negotiation
4664,Digital Marketing
4665,MS-Excel
4665,English Proficiency (Spoken)
4665,Presentation skills
4665,Effective Communication
4665,Sales
4666,Effective Communication
4667,MS-Office
4667,MS-Excel
4667,English Proficiency (Spoken)
4667,English Proficiency (Written)
4668,Sales
4669,MS-Excel
4669,English Proficiency (Spoken)
4669,English Proficiency (Written)
4669,Effective Communication
4669,Sales
4670,English Proficiency (Spoken)
4670,English Proficiency (Written)
4670,Interpersonal skills
4671,English Proficiency (Spoken)
4671,English Proficiency (Written)
4671,Effective Communication
4672,Effective Communication
4672,Problem Solving
4674,MS-Office
4674,MS-Excel
4674,English Proficiency (Spoken)
4674,English Proficiency (Written)
4675,Sales
4676,MS-Excel
4676,MS-PowerPoint
4677,Sales
4680,English Proficiency (Spoken)
4680,English Proficiency (Written)
4682,Lead Generation
4682,Sales
4683,Effective Communication
4683,Sales
4684,MS-Excel
4684,Data entry
4684,Data Analytics
4687,MS-Excel
4687,English Proficiency (Spoken)
4688,MS-Excel
4688,English Proficiency (Written)
4689,English Proficiency (Spoken)
4689,English Proficiency (Written)
4691,Effective Communication
4692,Sales
4693,MS-Office
4693,MS-Excel
4693,English Proficiency (Spoken)
4694,MS-Office
4695,Negotiation
4695,Sales Management
4695,Sales
4696,Effective Communication
4697,English Proficiency (Spoken)
4697,Effective Communication
4698,English Proficiency (Spoken)
4698,English Proficiency (Written)
4699,MS-Excel
4699,English Proficiency (Written)
4700,English Proficiency (Written)
4701,MS-Office
4701,MS-Excel
4701,Data entry
4701,English Proficiency (Spoken)
4701,English Proficiency (Written)
4702,Negotiation
4702,Digital Marketing
4702,Market research
4702,Marketing Strategies
4703,MS-Excel
4703,English Proficiency (Spoken)
4703,English Proficiency (Written)
4703,Presentation skills
4703,Kannada Proficiency (Spoken)
4703,Interpersonal skills
4703,Effective Communication
4704,Legal Research
4704,Company Law
4704,Legal Drafting
4704,Statutory compliances
4704,Legal Writing
4704,Contract Management
4705,MS-Office
4705,MS-Excel
4705,English Proficiency (Spoken)
4705,English Proficiency (Written)
4705,Accounting
4705,Tally
4706,MS-Office
4706,MS-Excel
4706,Effective Communication
4706,MS-PowerPoint
4707,Effective Communication
4707,Leadership
4707,Team Management
4707,E-commerce
4707,Data Analytics
4707,Mentorship
4707,B2B Sales
4707,Sales
4708,English Proficiency (Spoken)
4708,Lead Generation
4708,Sales Management
4708,Sales
4709,English Proficiency (Spoken)
4709,Negotiation
4709,Effective Communication
4709,Sales
4709,Problem Solving
4710,English Proficiency (Spoken)
4710,Negotiation
4710,Effective Communication
4710,Sales
4710,Problem Solving
4711,Sales Management
4711,Sales
4712,Accounting
4714,Negotiation
4714,Digital Marketing
4715,MS-Excel
4715,English Proficiency (Spoken)
4715,Presentation skills
4715,Effective Communication
4715,Sales
4716,Effective Communication
4717,MS-Office
4717,MS-Excel
4717,English Proficiency (Spoken)
4717,English Proficiency (Written)
4718,Sales
4719,MS-Excel
4719,English Proficiency (Spoken)
4719,English Proficiency (Written)
4719,Effective Communication
4719,Sales
4720,English Proficiency (Spoken)
4720,English Proficiency (Written)
4720,Interpersonal skills
4721,English Proficiency (Spoken)
4721,English Proficiency (Written)
4721,Effective Communication
4722,Effective Communication
4722,Problem Solving
4724,MS-Office
4724,MS-Excel
4724,English Proficiency (Spoken)
4724,English Proficiency (Written)
4725,Sales
4726,MS-Excel
4726,MS-PowerPoint
4727,Sales
4730,English Proficiency (Spoken)
4730,English Proficiency (Written)
4732,Lead Generation
4732,Sales
4733,Effective Communication
4733,Sales
4734,MS-Excel
4734,Data entry
4734,Data Analytics
4737,MS-Excel
4737,English Proficiency (Spoken)
4738,MS-Excel
4738,English Proficiency (Written)
4739,English Proficiency (Spoken)
4739,English Proficiency (Written)
4741,Effective Communication
4742,Sales
4743,MS-Office
4743,MS-Excel
4743,English Proficiency (Spoken)
4744,MS-Office
4745,Negotiation
4745,Sales Management
4745,Sales
4746,Effective Communication
4747,English Proficiency (Spoken)
4747,Effective Communication
4748,English Proficiency (Spoken)
4748,English Proficiency (Written)
4749,MS-Excel
4749,English Proficiency (Written)
4750,English Proficiency (Written)
4751,MS-Office
4751,MS-Excel
4751,Data entry
4751,English Proficiency (Spoken)
4751,English Proficiency (Written)
4752,Negotiation
4752,Digital Marketing
4752,Market research
4752,Marketing Strategies
4753,MS-Excel
4753,English Proficiency (Spoken)
4753,English Proficiency (Written)
4753,Presentation skills
4753,Kannada Proficiency (Spoken)
4753,Interpersonal skills
4753,Effective Communication
4754,Legal Research
4754,Company Law
4754,Legal Drafting
4754,Statutory compliances
4754,Legal Writing
4754,Contract Management
4755,MS-Office
4755,MS-Excel
4755,English Proficiency (Spoken)
4755,English Proficiency (Written)
4755,Accounting
4755,Tally
4756,MS-Office
4756,MS-Excel
4756,Effective Communication
4756,MS-PowerPoint
4757,Effective Communication
4757,Leadership
4757,Team Management
4757,E-commerce
4757,Data Analytics
4757,Mentorship
4757,B2B Sales
4757,Sales
4758,English Proficiency (Spoken)
4758,Lead Generation
4758,Sales Management
4758,Sales
4759,English Proficiency (Spoken)
4759,Negotiation
4759,Effective Communication
4759,Sales
4759,Problem Solving
4760,English Proficiency (Spoken)
4760,Negotiation
4760,Effective Communication
4760,Sales
4760,Problem Solving
4761,Sales Management
4761,Sales
4762,Accounting
4764,Negotiation
4764,Digital Marketing
4765,MS-Excel
4765,English Proficiency (Spoken)
4765,Presentation skills
4765,Effective Communication
4765,Sales
4766,Effective Communication
4767,MS-Office
4767,MS-Excel
4767,English Proficiency (Spoken)
4767,English Proficiency (Written)
4768,Sales
4769,MS-Excel
4769,English Proficiency (Spoken)
4769,English Proficiency (Written)
4769,Effective Communication
4769,Sales
4770,English Proficiency (Spoken)
4770,English Proficiency (Written)
4770,Interpersonal skills
4771,English Proficiency (Spoken)
4771,English Proficiency (Written)
4771,Effective Communication
4772,Effective Communication
4772,Problem Solving
4774,MS-Office
4774,MS-Excel
4774,English Proficiency (Spoken)
4774,English Proficiency (Written)
4775,Sales
4776,MS-Excel
4776,MS-PowerPoint
4777,Sales
4780,English Proficiency (Spoken)
4780,English Proficiency (Written)
4782,Lead Generation
4782,Sales
4783,Effective Communication
4783,Sales
4784,MS-Excel
4784,Data entry
4784,Data Analytics
4787,MS-Excel
4787,English Proficiency (Spoken)
4788,MS-Excel
4788,English Proficiency (Written)
4789,English Proficiency (Spoken)
4789,English Proficiency (Written)
4791,Effective Communication
4792,Sales
4793,MS-Office
4793,MS-Excel
4793,English Proficiency (Spoken)
4794,MS-Office
4795,Negotiation
4795,Sales Management
4795,Sales
4796,Effective Communication
4797,English Proficiency (Spoken)
4797,Effective Communication
4798,English Proficiency (Spoken)
4798,English Proficiency (Written)
4799,MS-Excel
4799,English Proficiency (Written)
4800,English Proficiency (Written)
4801,MS-Office
4801,MS-Excel
4801,Data entry
4801,English Proficiency (Spoken)
4801,English Proficiency (Written)
4802,Negotiation
4802,Digital Marketing
4802,Market research
4802,Marketing Strategies
4803,MS-Excel
4803,English Proficiency (Spoken)
4803,English Proficiency (Written)
4803,Presentation skills
4803,Kannada Proficiency (Spoken)
4803,Interpersonal skills
4803,Effective Communication
4804,Legal Research
4804,Company Law
4804,Legal Drafting
4804,Statutory compliances
4804,Legal Writing
4804,Contract Management
4805,MS-Office
4805,MS-Excel
4805,English Proficiency (Spoken)
4805,English Proficiency (Written)
4805,Accounting
4805,Tally
4806,MS-Office
4806,MS-Excel
4806,Effective Communication
4806,MS-PowerPoint
4807,Effective Communication
4807,Leadership
4807,Team Management
4807,E-commerce
4807,Data Analytics
4807,Mentorship
4807,B2B Sales
4807,Sales
4808,English Proficiency (Spoken)
4808,Lead Generation
4808,Sales Management
4808,Sales
4809,English Proficiency (Spoken)
4809,Negotiation
4809,Effective Communication
4809,Sales
4809,Problem Solving
4810,English Proficiency (Spoken)
4810,Negotiation
4810,Effective Communication
4810,Sales
4810,Problem Solving
4811,Sales Management
4811,Sales
4812,Accounting
4814,Negotiation
4814,Digital Marketing
4815,MS-Excel
4815,English Proficiency (Spoken)
4815,Presentation skills
4815,Effective Communication
4815,Sales
4816,Effective Communication
4817,MS-Office
4817,MS-Excel
4817,English Proficiency (Spoken)
4817,English Proficiency (Written)
4818,Sales
4819,MS-Excel
4819,English Proficiency (Spoken)
4819,English Proficiency (Written)
4819,Effective Communication
4819,Sales
4820,English Proficiency (Spoken)
4820,English Proficiency (Written)
4820,Interpersonal skills
4821,English Proficiency (Spoken)
4821,English Proficiency (Written)
4821,Effective Communication
4822,Effective Communication
4822,Problem Solving
4824,MS-Office
4824,MS-Excel
4824,English Proficiency (Spoken)
4824,English Proficiency (Written)
4825,Sales
4826,MS-Excel
4826,MS-PowerPoint
4827,Sales
4830,English Proficiency (Spoken)
4830,English Proficiency (Written)
4832,Lead Generation
4832,Sales
4833,Effective Communication
4833,Sales
4834,MS-Excel
4834,Data entry
4834,Data Analytics
4837,MS-Excel
4837,English Proficiency (Spoken)
4838,MS-Excel
4838,English Proficiency (Written)
4839,English Proficiency (Spoken)
4839,English Proficiency (Written)
4841,Effective Communication
4842,Sales
4843,MS-Office
4843,MS-Excel
4843,English Proficiency (Spoken)
4844,MS-Office
4845,Negotiation
4845,Sales Management
4845,Sales
4846,Effective Communication
4847,English Proficiency (Spoken)
4847,Effective Communication
4848,English Proficiency (Spoken)
4848,English Proficiency (Written)
4849,MS-Excel
4849,English Proficiency (Written)
4850,English Proficiency (Written)
4851,MS-Office
4851,MS-Excel
4851,Data entry
4851,English Proficiency (Spoken)
4851,English Proficiency (Written)
4852,Negotiation
4852,Digital Marketing
4852,Market research
4852,Marketing Strategies
4853,MS-Excel
4853,English Proficiency (Spoken)
4853,English Proficiency (Written)
4853,Presentation skills
4853,Kannada Proficiency (Spoken)
4853,Interpersonal skills
4853,Effective Communication
4854,Legal Research
4854,Company Law
4854,Legal Drafting
4854,Statutory compliances
4854,Legal Writing
4854,Contract Management
4855,MS-Office
4855,MS-Excel
4855,English Proficiency (Spoken)
4855,English Proficiency (Written)
4855,Accounting
4855,Tally
4856,MS-Office
4856,MS-Excel
4856,Effective Communication
4856,MS-PowerPoint
4857,Effective Communication
4857,Leadership
4857,Team Management
4857,E-commerce
4857,Data Analytics
4857,Mentorship
4857,B2B Sales
4857,Sales
4858,English Proficiency (Spoken)
4858,Lead Generation
4858,Sales Management
4858,Sales
4859,English Proficiency (Spoken)
4859,Negotiation
4859,Effective Communication
4859,Sales
4859,Problem Solving
4860,English Proficiency (Spoken)
4860,Negotiation
4860,Effective Communication
4860,Sales
4860,Problem Solving
4861,Sales Management
4861,Sales
4862,Accounting
4864,Negotiation
4864,Digital Marketing
4865,MS-Excel
4865,English Proficiency (Spoken)
4865,Presentation skills
4865,Effective Communication
4865,Sales
4866,Effective Communication
4867,MS-Office
4867,MS-Excel
4867,English Proficiency (Spoken)
4867,English Proficiency (Written)
4868,Sales
4869,MS-Excel
4869,English Proficiency (Spoken)
4869,English Proficiency (Written)
4869,Effective Communication
4869,Sales
4870,English Proficiency (Spoken)
4870,English Proficiency (Written)
4870,Interpersonal skills
4871,English Proficiency (Spoken)
4871,English Proficiency (Written)
4871,Effective Communication
4872,Effective Communication
4872,Problem Solving
4874,MS-Office
4874,MS-Excel
4874,English Proficiency (Spoken)
4874,English Proficiency (Written)
4875,Sales
4876,MS-Excel
4876,MS-PowerPoint
4877,Sales
4880,English Proficiency (Spoken)
4880,English Proficiency (Written)
4882,Lead Generation
4882,Sales
4883,Effective Communication
4883,Sales
4884,MS-Excel
4884,Data entry
4884,Data Analytics
4887,MS-Excel
4887,English Proficiency (Spoken)
4888,MS-Excel
4888,English Proficiency (Written)
4889,English Proficiency (Spoken)
4889,English Proficiency (Written)
4891,Effective Communication
4892,Sales
4893,MS-Office
4893,MS-Excel
4893,English Proficiency (Spoken)
4894,MS-Office
4895,Negotiation
4895,Sales Management
4895,Sales
4896,Effective Communication
4897,English Proficiency (Spoken)
4897,Effective Communication
4898,English Proficiency (Spoken)
4898,English Proficiency (Written)
4899,MS-Excel
4899,English Proficiency (Written)
4900,English Proficiency (Written)
4901,MS-Office
4901,MS-Excel
4901,Data entry
4901,English Proficiency (Spoken)
4901,English Proficiency (Written)
4902,Negotiation
4902,Digital Marketing
4902,Market research
4902,Marketing Strategies
4903,MS-Excel
4903,English Proficiency (Spoken)
4903,English Proficiency (Written)
4903,Presentation skills
4903,Kannada Proficiency (Spoken)
4903,Interpersonal skills
4903,Effective Communication
4904,Legal Research
4904,Company Law
4904,Legal Drafting
4904,Statutory compliances
4904,Legal Writing
4904,Contract Management
4905,MS-Office
4905,MS-Excel
4905,English Proficiency (Spoken)
4905,English Proficiency (Written)
4905,Accounting
4905,Tally
4906,MS-Office
4906,MS-Excel
4906,Effective Communication
4906,MS-PowerPoint
4907,Effective Communication
4907,Leadership
4907,Team Management
4907,E-commerce
4907,Data Analytics
4907,Mentorship
4907,B2B Sales
4907,Sales
4908,English Proficiency (Spoken)
4908,Lead Generation
4908,Sales Management
4908,Sales
4909,English Proficiency (Spoken)
4909,Negotiation
4909,Effective Communication
4909,Sales
4909,Problem Solving
4910,English Proficiency (Spoken)
4910,Negotiation
4910,Effective Communication
4910,Sales
4910,Problem Solving
4911,Sales Management
4911,Sales
4912,Accounting
4914,Negotiation
4914,Digital Marketing
4915,MS-Excel
4915,English Proficiency (Spoken)
4915,Presentation skills
4915,Effective Communication
4915,Sales
4916,Effective Communication
4917,MS-Office
4917,MS-Excel
4917,English Proficiency (Spoken)
4917,English Proficiency (Written)
4918,Sales
4919,MS-Excel
4919,English Proficiency (Spoken)
4919,English Proficiency (Written)
4919,Effective Communication
4919,Sales
4920,English Proficiency (Spoken)
4920,English Proficiency (Written)
4920,Interpersonal skills
4921,English Proficiency (Spoken)
4921,English Proficiency (Written)
4921,Effective Communication
4922,Effective Communication
4922,Problem Solving
4924,MS-Office
4924,MS-Excel
4924,English Proficiency (Spoken)
4924,English Proficiency (Written)
4925,Sales
4926,MS-Excel
4926,MS-PowerPoint
4927,Sales
4930,English Proficiency (Spoken)
4930,English Proficiency (Written)
4932,Lead Generation
4932,Sales
4933,Effective Communication
4933,Sales
4934,MS-Excel
4934,Data entry
4934,Data Analytics
4937,MS-Excel
4937,English Proficiency (Spoken)
4938,MS-Excel
4938,English Proficiency (Written)
4939,English Proficiency (Spoken)
4939,English Proficiency (Written)
4941,Effective Communication
4942,Sales
4943,MS-Office
4943,MS-Excel
4943,English Proficiency (Spoken)
4944,MS-Office
4945,Negotiation
4945,Sales Management
4945,Sales
4946,Effective Communication
4947,English Proficiency (Spoken)
4947,Effective Communication
4948,English Proficiency (Spoken)
4948,English Proficiency (Written)
4949,MS-Excel
4949,English Proficiency (Written)
4950,English Proficiency (Written)
4951,MS-Office
4951,MS-Excel
4951,Data entry
4951,English Proficiency (Spoken)
4951,English Proficiency (Written)
4952,Negotiation
4952,Digital Marketing
4952,Market research
4952,Marketing Strategies
4953,MS-Excel
4953,English Proficiency (Spoken)
4953,English Proficiency (Written)
4953,Presentation skills
4953,Kannada Proficiency (Spoken)
4953,Interpersonal skills
4953,Effective Communication
4954,Legal Research
4954,Company Law
4954,Legal Drafting
4954,Statutory compliances
4954,Legal Writing
4954,Contract Management
4955,MS-Office
4955,MS-Excel
4955,English Proficiency (Spoken)
4955,English Proficiency (Written)
4955,Accounting
4955,Tally
4956,MS-Office
4956,MS-Excel
4956,Effective Communication
4956,MS-PowerPoint
4957,Effective Communication
4957,Leadership
4957,Team Management
4957,E-commerce
4957,Data Analytics
4957,Mentorship
4957,B2B Sales
4957,Sales
4958,English Proficiency (Spoken)
4958,Lead Generation
4958,Sales Management
4958,Sales
4959,English Proficiency (Spoken)
4959,Negotiation
4959,Effective Communication
4959,Sales
4959,Problem Solving
4960,English Proficiency (Spoken)
4960,Negotiation
4960,Effective Communication
4960,Sales
4960,Problem Solving
4961,Sales Management
4961,Sales
4962,Accounting
4964,Negotiation
4964,Digital Marketing
4965,MS-Excel
4965,English Proficiency (Spoken)
4965,Presentation skills
4965,Effective Communication
4965,Sales
4966,Effective Communication
4967,MS-Office
4967,MS-Excel
4967,English Proficiency (Spoken)
4967,English Proficiency (Written)
4968,Sales
4969,MS-Excel
4969,English Proficiency (Spoken)
4969,English Proficiency (Written)
4969,Effective Communication
4969,Sales
4970,English Proficiency (Spoken)
4970,English Proficiency (Written)
4970,Interpersonal skills
4971,English Proficiency (Spoken)
4971,English Proficiency (Written)
4971,Effective Communication
4972,Effective Communication
4972,Problem Solving
4974,MS-Office
4974,MS-Excel
4974,English Proficiency (Spoken)
4974,English Proficiency (Written)
4975,Sales
4976,MS-Excel
4976,MS-PowerPoint
4977,Sales
4980,English Proficiency (Spoken)
4980,English Proficiency (Written)
4982,Lead Generation
4982,Sales
4983,Effective Communication
4983,Sales
4984,MS-Excel
4984,Data entry
4984,Data Analytics
4987,MS-Excel
4987,English Proficiency (Spoken)
4988,MS-Excel
4988,English Proficiency (Written)
4989,English Proficiency (Spoken)
4989,English Proficiency (Written)
4991,Effective Communication
4992,Sales
4993,MS-Office
4993,MS-Excel
4993,English Proficiency (Spoken)
4994,MS-Office
4995,Negotiation
4995,Sales Management
4995,Sales
4996,Effective Communication
4997,English Proficiency (Spoken)
4997,Effective Communication
4998,English Proficiency (Spoken)
4998,English Proficiency (Written)
4999,MS-Excel
4999,English Proficiency (Written)
5000,English Proficiency (Written)
5001,MS-Office
5001,MS-Excel
5001,Data entry
5001,English Proficiency (Spoken)
5001,English Proficiency (Written)
5002,Negotiation
5002,Digital Marketing
5002,Market research
5002,Marketing Strategies
5003,MS-Excel
5003,English Proficiency (Spoken)
5003,English Proficiency (Written)
5003,Presentation skills
5003,Kannada Proficiency (Spoken)
5003,Interpersonal skills
5003,Effective Communication
5004,Legal Research
5004,Company Law
5004,Legal Drafting
5004,Statutory compliances
5004,Legal Writing
5004,Contract Management
5005,MS-Office
5005,MS-Excel
5005,English Proficiency (Spoken)
5005,English Proficiency (Written)
5005,Accounting
5005,Tally
5006,MS-Office
5006,MS-Excel
5006,Effective Communication
5006,MS-PowerPoint
5007,Effective Communication
5007,Leadership
5007,Team Management
5007,E-commerce
5007,Data Analytics
5007,Mentorship
5007,B2B Sales
5007,Sales
5008,English Proficiency (Spoken)
5008,Lead Generation
5008,Sales Management
5008,Sales
5009,English Proficiency (Spoken)
5009,Negotiation
5009,Effective Communication
5009,Sales
5009,Problem Solving
5010,English Proficiency (Spoken)
5010,Negotiation
5010,Effective Communication
5010,Sales
5010,Problem Solving
5011,Sales Management
5011,Sales
5012,Accounting
5014,Negotiation
5014,Digital Marketing
5015,MS-Excel
5015,English Proficiency (Spoken)
5015,Presentation skills
5015,Effective Communication
5015,Sales
5016,Effective Communication
5017,MS-Office
5017,MS-Excel
5017,English Proficiency (Spoken)
5017,English Proficiency (Written)
5018,Sales
5019,MS-Excel
5019,English Proficiency (Spoken)
5019,English Proficiency (Written)
5019,Effective Communication
5019,Sales
5020,English Proficiency (Spoken)
5020,English Proficiency (Written)
5020,Interpersonal skills
5021,English Proficiency (Spoken)
5021,English Proficiency (Written)
5021,Effective Communication
5022,Effective Communication
5022,Problem Solving
5024,MS-Office
5024,MS-Excel
5024,English Proficiency (Spoken)
5024,English Proficiency (Written)
5025,Sales
5026,MS-Excel
5026,MS-PowerPoint
5027,Sales
5030,English Proficiency (Spoken)
5030,English Proficiency (Written)
5032,Lead Generation
5032,Sales
5033,Effective Communication
5033,Sales
5034,MS-Excel
5034,Data entry
5034,Data Analytics
5037,MS-Excel
5037,English Proficiency (Spoken)
5038,MS-Excel
5038,English Proficiency (Written)
5039,English Proficiency (Spoken)
5039,English Proficiency (Written)
5041,Effective Communication
5042,Sales
5043,MS-Office
5043,MS-Excel
5043,English Proficiency (Spoken)
5044,MS-Office
5045,Negotiation
5045,Sales Management
5045,Sales
5046,Effective Communication
5047,English Proficiency (Spoken)
5047,Effective Communication
5048,English Proficiency (Spoken)
5048,English Proficiency (Written)
5049,MS-Excel
5049,English Proficiency (Written)
5050,English Proficiency (Written)
5051,MS-Office
5051,MS-Excel
5051,Data entry
5051,English Proficiency (Spoken)
5051,English Proficiency (Written)
5052,Negotiation
5052,Digital Marketing
5052,Market research
5052,Marketing Strategies
5053,MS-Excel
5053,English Proficiency (Spoken)
5053,English Proficiency (Written)
5053,Presentation skills
5053,Kannada Proficiency (Spoken)
5053,Interpersonal skills
5053,Effective Communication
5054,Legal Research
5054,Company Law
5054,Legal Drafting
5054,Statutory compliances
5054,Legal Writing
5054,Contract Management
5055,MS-Office
5055,MS-Excel
5055,English Proficiency (Spoken)
5055,English Proficiency (Written)
5055,Accounting
5055,Tally
5056,MS-Office
5056,MS-Excel
5056,Effective Communication
5056,MS-PowerPoint
5057,Effective Communication
5057,Leadership
5057,Team Management
5057,E-commerce
5057,Data Analytics
5057,Mentorship
5057,B2B Sales
5057,Sales
5058,English Proficiency (Spoken)
5058,Lead Generation
5058,Sales Management
5058,Sales
5059,English Proficiency (Spoken)
5059,Negotiation
5059,Effective Communication
5059,Sales
5059,Problem Solving
5060,English Proficiency (Spoken)
5060,Negotiation
5060,Effective Communication
5060,Sales
5060,Problem Solving
5061,Sales Management
5061,Sales
5062,Accounting
5064,Negotiation
5064,Digital Marketing
5065,MS-Excel
5065,English Proficiency (Spoken)
5065,Presentation skills
5065,Effective Communication
5065,Sales
5066,Effective Communication
5067,MS-Office
5067,MS-Excel
5067,English Proficiency (Spoken)
5067,English Proficiency (Written)
5068,Sales
5069,MS-Excel
5069,English Proficiency (Spoken)
5069,English Proficiency (Written)
5069,Effective Communication
5069,Sales
5070,English Proficiency (Spoken)
5070,English Proficiency (Written)
5070,Interpersonal skills
5071,English Proficiency (Spoken)
5071,English Proficiency (Written)
5071,Effective Communication
5072,Effective Communication
5072,Problem Solving
5074,MS-Office
5074,MS-Excel
5074,English Proficiency (Spoken)
5074,English Proficiency (Written)
5075,Sales
5076,MS-Excel
5076,MS-PowerPoint
5077,Sales
5080,English Proficiency (Spoken)
5080,English Proficiency (Written)
5082,Lead Generation
5082,Sales
5083,Effective Communication
5083,Sales
5084,MS-Excel
5084,Data entry
5084,Data Analytics
5087,MS-Excel
5087,English Proficiency (Spoken)
5088,MS-Excel
5088,English Proficiency (Written)
5089,English Proficiency (Spoken)
5089,English Proficiency (Written)
5091,Effective Communication
5092,Sales
5093,MS-Office
5093,MS-Excel
5093,English Proficiency (Spoken)
5094,MS-Office
5095,Negotiation
5095,Sales Management
5095,Sales
5096,Effective Communication
5097,English Proficiency (Spoken)
5097,Effective Communication
5098,English Proficiency (Spoken)
5098,English Proficiency (Written)
5099,MS-Excel
5099,English Proficiency (Written)
5100,English Proficiency (Written)
5101,MS-Office
5101,MS-Excel
5101,Data entry
5101,English Proficiency (Spoken)
5101,English Proficiency (Written)
5102,Negotiation
5102,Digital Marketing
5102,Market research
5102,Marketing Strategies
5103,MS-Excel
5103,English Proficiency (Spoken)
5103,English Proficiency (Written)
5103,Presentation skills
5103,Kannada Proficiency (Spoken)
5103,Interpersonal skills
5103,Effective Communication
5104,Legal Research
5104,Company Law
5104,Legal Drafting
5104,Statutory compliances
5104,Legal Writing
5104,Contract Management
5105,MS-Office
5105,MS-Excel
5105,English Proficiency (Spoken)
5105,English Proficiency (Written)
5105,Accounting
5105,Tally
5106,MS-Office
5106,MS-Excel
5106,Effective Communication
5106,MS-PowerPoint
5107,Effective Communication
5107,Leadership
5107,Team Management
5107,E-commerce
5107,Data Analytics
5107,Mentorship
5107,B2B Sales
5107,Sales
5108,English Proficiency (Spoken)
5108,Lead Generation
5108,Sales Management
5108,Sales
5109,English Proficiency (Spoken)
5109,Negotiation
5109,Effective Communication
5109,Sales
5109,Problem Solving
5110,English Proficiency (Spoken)
5110,Negotiation
5110,Effective Communication
5110,Sales
5110,Problem Solving
5111,Sales Management
5111,Sales
5112,Accounting
5114,Negotiation
5114,Digital Marketing
5115,MS-Excel
5115,English Proficiency (Spoken)
5115,Presentation skills
5115,Effective Communication
5115,Sales
5116,Effective Communication
5117,MS-Office
5117,MS-Excel
5117,English Proficiency (Spoken)
5117,English Proficiency (Written)
5118,Sales
5119,MS-Excel
5119,English Proficiency (Spoken)
5119,English Proficiency (Written)
5119,Effective Communication
5119,Sales
5120,English Proficiency (Spoken)
5120,English Proficiency (Written)
5120,Interpersonal skills
5121,English Proficiency (Spoken)
5121,English Proficiency (Written)
5121,Effective Communication
5122,Effective Communication
5122,Problem Solving
5124,MS-Office
5124,MS-Excel
5124,English Proficiency (Spoken)
5124,English Proficiency (Written)
5125,Sales
5126,MS-Excel
5126,MS-PowerPoint
5127,Sales
5130,English Proficiency (Spoken)
5130,English Proficiency (Written)
5132,Lead Generation
5132,Sales
5133,Effective Communication
5133,Sales
5134,MS-Excel
5134,Data entry
5134,Data Analytics
5137,MS-Excel
5137,English Proficiency (Spoken)
5138,MS-Excel
5138,English Proficiency (Written)
5139,English Proficiency (Spoken)
5139,English Proficiency (Written)
5141,Effective Communication
5142,Sales
5143,MS-Office
5143,MS-Excel
5143,English Proficiency (Spoken)
5144,MS-Office
5145,Negotiation
5145,Sales Management
5145,Sales
5146,Effective Communication
5147,English Proficiency (Spoken)
5147,Effective Communication
5148,English Proficiency (Spoken)
5148,English Proficiency (Written)
5149,MS-Excel
5149,English Proficiency (Written)
5150,English Proficiency (Written)
5151,MS-Office
5151,MS-Excel
5151,Data entry
5151,English Proficiency (Spoken)
5151,English Proficiency (Written)
5152,Negotiation
5152,Digital Marketing
5152,Market research
5152,Marketing Strategies
5153,MS-Excel
5153,English Proficiency (Spoken)
5153,English Proficiency (Written)
5153,Presentation skills
5153,Kannada Proficiency (Spoken)
5153,Interpersonal skills
5153,Effective Communication
5154,Legal Research
5154,Company Law
5154,Legal Drafting
5154,Statutory compliances
5154,Legal Writing
5154,Contract Management
5155,MS-Office
5155,MS-Excel
5155,English Proficiency (Spoken)
5155,English Proficiency (Written)
5155,Accounting
5155,Tally
5156,MS-Office
5156,MS-Excel
5156,Effective Communication
5156,MS-PowerPoint
5157,Effective Communication
5157,Leadership
5157,Team Management
5157,E-commerce
5157,Data Analytics
5157,Mentorship
5157,B2B Sales
5157,Sales
5158,English Proficiency (Spoken)
5158,Lead Generation
5158,Sales Management
5158,Sales
5159,English Proficiency (Spoken)
5159,Negotiation
5159,Effective Communication
5159,Sales
5159,Problem Solving
5160,English Proficiency (Spoken)
5160,Negotiation
5160,Effective Communication
5160,Sales
5160,Problem Solving
5161,Sales Management
5161,Sales
5162,Accounting
5164,Negotiation
5164,Digital Marketing
5165,MS-Excel
5165,English Proficiency (Spoken)
5165,Presentation skills
5165,Effective Communication
5165,Sales
5166,Effective Communication
5167,MS-Office
5167,MS-Excel
5167,English Proficiency (Spoken)
5167,English Proficiency (Written)
5168,Sales
5169,MS-Excel
5169,English Proficiency (Spoken)
5169,English Proficiency (Written)
5169,Effective Communication
5169,Sales
5170,English Proficiency (Spoken)
5170,English Proficiency (Written)
5170,Interpersonal skills
5171,English Proficiency (Spoken)
5171,English Proficiency (Written)
5171,Effective Communication
5172,Effective Communication
5172,Problem Solving
5174,MS-Office
5174,MS-Excel
5174,English Proficiency (Spoken)
5174,English Proficiency (Written)
5175,Sales
5176,MS-Excel
5176,MS-PowerPoint
5177,Sales
5180,English Proficiency (Spoken)
5180,English Proficiency (Written)
5182,Lead Generation
5182,Sales
5183,Effective Communication
5183,Sales
5184,MS-Excel
5184,Data entry
5184,Data Analytics
5187,MS-Excel
5187,English Proficiency (Spoken)
5188,MS-Excel
5188,English Proficiency (Written)
5189,English Proficiency (Spoken)
5189,English Proficiency (Written)
5191,Effective Communication
5192,Sales
5193,MS-Office
5193,MS-Excel
5193,English Proficiency (Spoken)
5194,MS-Office
5195,Negotiation
5195,Sales Management
5195,Sales
5196,Effective Communication
5197,English Proficiency (Spoken)
5197,Effective Communication
5198,English Proficiency (Spoken)
5198,English Proficiency (Written)
5199,MS-Excel
5199,English Proficiency (Written)
5200,English Proficiency (Written)
5201,MS-Office
5201,MS-Excel
5201,Data entry
5201,English Proficiency (Spoken)
5201,English Proficiency (Written)
5202,Negotiation
5202,Digital Marketing
5202,Market research
5202,Marketing Strategies
5203,MS-Excel
5203,English Proficiency (Spoken)
5203,English Proficiency (Written)
5203,Presentation skills
5203,Kannada Proficiency (Spoken)
5203,Interpersonal skills
5203,Effective Communication
5204,Legal Research
5204,Company Law
5204,Legal Drafting
5204,Statutory compliances
5204,Legal Writing
5204,Contract Management
5205,MS-Office
5205,MS-Excel
5205,English Proficiency (Spoken)
5205,English Proficiency (Written)
5205,Accounting
5205,Tally
5206,MS-Office
5206,MS-Excel
5206,Effective Communication
5206,MS-PowerPoint
5207,Effective Communication
5207,Leadership
5207,Team Management
5207,E-commerce
5207,Data Analytics
5207,Mentorship
5207,B2B Sales
5207,Sales
5208,English Proficiency (Spoken)
5208,Lead Generation
5208,Sales Management
5208,Sales
5209,English Proficiency (Spoken)
5209,Negotiation
5209,Effective Communication
5209,Sales
5209,Problem Solving
5210,English Proficiency (Spoken)
5210,Negotiation
5210,Effective Communication
5210,Sales
5210,Problem Solving
5211,Sales Management
5211,Sales
5212,Accounting
5214,Negotiation
5214,Digital Marketing
5215,MS-Excel
5215,English Proficiency (Spoken)
5215,Presentation skills
5215,Effective Communication
5215,Sales
5216,Effective Communication
5217,MS-Office
5217,MS-Excel
5217,English Proficiency (Spoken)
5217,English Proficiency (Written)
5218,Sales
5219,MS-Excel
5219,English Proficiency (Spoken)
5219,English Proficiency (Written)
5219,Effective Communication
5219,Sales
5220,English Proficiency (Spoken)
5220,English Proficiency (Written)
5220,Interpersonal skills
5221,English Proficiency (Spoken)
5221,English Proficiency (Written)
5221,Effective Communication
5222,Effective Communication
5222,Problem Solving
5224,MS-Office
5224,MS-Excel
5224,English Proficiency (Spoken)
5224,English Proficiency (Written)
5225,Sales
5226,MS-Excel
5226,MS-PowerPoint
5227,Sales
5230,English Proficiency (Spoken)
5230,English Proficiency (Written)
5232,Lead Generation
5232,Sales
5233,Effective Communication
5233,Sales
5234,MS-Excel
5234,Data entry
5234,Data Analytics
5237,MS-Excel
5237,English Proficiency (Spoken)
5238,MS-Excel
5238,English Proficiency (Written)
5239,English Proficiency (Spoken)
5239,English Proficiency (Written)
5241,Effective Communication
5242,Sales
5243,MS-Office
5243,MS-Excel
5243,English Proficiency (Spoken)
5244,MS-Office
5245,Negotiation
5245,Sales Management
5245,Sales
5246,Effective Communication
5247,English Proficiency (Spoken)
5247,Effective Communication
5248,English Proficiency (Spoken)
5248,English Proficiency (Written)
5249,MS-Excel
5249,English Proficiency (Written)
5250,English Proficiency (Written)
5251,MS-Office
5251,MS-Excel
5251,Data entry
5251,English Proficiency (Spoken)
5251,English Proficiency (Written)
5252,Negotiation
5252,Digital Marketing
5252,Market research
5252,Marketing Strategies
5253,MS-Excel
5253,English Proficiency (Spoken)
5253,English Proficiency (Written)
5253,Presentation skills
5253,Kannada Proficiency (Spoken)
5253,Interpersonal skills
5253,Effective Communication
5254,Legal Research
5254,Company Law
5254,Legal Drafting
5254,Statutory compliances
5254,Legal Writing
5254,Contract Management
5255,MS-Office
5255,MS-Excel
5255,English Proficiency (Spoken)
5255,English Proficiency (Written)
5255,Accounting
5255,Tally
5256,MS-Office
5256,MS-Excel
5256,Effective Communication
5256,MS-PowerPoint
5257,Effective Communication
5257,Leadership
5257,Team Management
5257,E-commerce
5257,Data Analytics
5257,Mentorship
5257,B2B Sales
5257,Sales
5258,English Proficiency (Spoken)
5258,Lead Generation
5258,Sales Management
5258,Sales
5259,English Proficiency (Spoken)
5259,Negotiation
5259,Effective Communication
5259,Sales
5259,Problem Solving
5260,English Proficiency (Spoken)
5260,Negotiation
5260,Effective Communication
5260,Sales
5260,Problem Solving
5261,Sales Management
5261,Sales
5262,Accounting
5264,Negotiation
5264,Digital Marketing
5265,MS-Excel
5265,English Proficiency (Spoken)
5265,Presentation skills
5265,Effective Communication
5265,Sales
5266,Effective Communication
5267,MS-Office
5267,MS-Excel
5267,English Proficiency (Spoken)
5267,English Proficiency (Written)
5268,Sales
5269,MS-Excel
5269,English Proficiency (Spoken)
5269,English Proficiency (Written)
5269,Effective Communication
5269,Sales
5270,English Proficiency (Spoken)
5270,English Proficiency (Written)
5270,Interpersonal skills
5271,English Proficiency (Spoken)
5271,English Proficiency (Written)
5271,Effective Communication
5272,Effective Communication
5272,Problem Solving
5274,MS-Office
5274,MS-Excel
5274,English Proficiency (Spoken)
5274,English Proficiency (Written)
5275,Sales
5276,MS-Excel
5276,MS-PowerPoint
5277,Sales
5280,English Proficiency (Spoken)
5280,English Proficiency (Written)
5282,Lead Generation
5282,Sales
5283,Effective Communication
5283,Sales
5284,MS-Excel
5284,Data entry
5284,Data Analytics
5287,MS-Excel
5287,English Proficiency (Spoken)
5288,MS-Excel
5288,English Proficiency (Written)
5289,English Proficiency (Spoken)
5289,English Proficiency (Written)
5291,Effective Communication
5292,Sales
5293,MS-Office
5293,MS-Excel
5293,English Proficiency (Spoken)
5294,MS-Office
5295,Negotiation
5295,Sales Management
5295,Sales
5296,Effective Communication
5297,English Proficiency (Spoken)
5297,Effective Communication
5298,English Proficiency (Spoken)
5298,English Proficiency (Written)
5299,MS-Excel
5299,English Proficiency (Written)
5300,English Proficiency (Written)
5301,MS-Office
5301,MS-Excel
5301,Data entry
5301,English Proficiency (Spoken)
5301,English Proficiency (Written)
5302,Negotiation
5302,Digital Marketing
5302,Market research
5302,Marketing Strategies
5303,MS-Excel
5303,English Proficiency (Spoken)
5303,English Proficiency (Written)
5303,Presentation skills
5303,Kannada Proficiency (Spoken)
5303,Interpersonal skills
5303,Effective Communication
5304,Legal Research
5304,Company Law
5304,Legal Drafting
5304,Statutory compliances
5304,Legal Writing
5304,Contract Management
5305,MS-Office
5305,MS-Excel
5305,English Proficiency (Spoken)
5305,English Proficiency (Written)
5305,Accounting
5305,Tally
5306,MS-Office
5306,MS-Excel
5306,Effective Communication
5306,MS-PowerPoint
5307,Effective Communication
5307,Leadership
5307,Team Management
5307,E-commerce
5307,Data Analytics
5307,Mentorship
5307,B2B Sales
5307,Sales
5308,English Proficiency (Spoken)
5308,Lead Generation
5308,Sales Management
5308,Sales
5309,English Proficiency (Spoken)
5309,Negotiation
5309,Effective Communication
5309,Sales
5309,Problem Solving
5310,English Proficiency (Spoken)
5310,Negotiation
5310,Effective Communication
5310,Sales
5310,Problem Solving
5311,Sales Management
5311,Sales
5312,Accounting
5314,Negotiation
5314,Digital Marketing
5315,MS-Excel
5315,English Proficiency (Spoken)
5315,Presentation skills
5315,Effective Communication
5315,Sales
5316,Effective Communication
5317,MS-Office
5317,MS-Excel
5317,English Proficiency (Spoken)
5317,English Proficiency (Written)
5318,Sales
5319,MS-Excel
5319,English Proficiency (Spoken)
5319,English Proficiency (Written)
5319,Effective Communication
5319,Sales
5320,English Proficiency (Spoken)
5320,English Proficiency (Written)
5320,Interpersonal skills
5321,English Proficiency (Spoken)
5321,English Proficiency (Written)
5321,Effective Communication
5322,Effective Communication
5322,Problem Solving
5324,MS-Office
5324,MS-Excel
5324,English Proficiency (Spoken)
5324,English Proficiency (Written)
5325,Sales
5326,MS-Excel
5326,MS-PowerPoint
5327,Sales
5330,English Proficiency (Spoken)
5330,English Proficiency (Written)
5332,Lead Generation
5332,Sales
5333,Effective Communication
5333,Sales
5334,MS-Excel
5334,Data entry
5334,Data Analytics
5337,MS-Excel
5337,English Proficiency (Spoken)
5338,MS-Excel
5338,English Proficiency (Written)
5339,English Proficiency (Spoken)
5339,English Proficiency (Written)
5341,Effective Communication
5342,Sales
5343,MS-Office
5343,MS-Excel
5343,English Proficiency (Spoken)
5344,MS-Office
5345,Negotiation
5345,Sales Management
5345,Sales
5346,Effective Communication
5347,English Proficiency (Spoken)
5347,Effective Communication
5348,English Proficiency (Spoken)
5348,English Proficiency (Written)
5349,MS-Excel
5349,English Proficiency (Written)
5350,English Proficiency (Written)
5351,MS-Office
5351,MS-Excel
5351,Data entry
5351,English Proficiency (Spoken)
5351,English Proficiency (Written)
5352,Negotiation
5352,Digital Marketing
5352,Market research
5352,Marketing Strategies
5353,MS-Excel
5353,English Proficiency (Spoken)
5353,English Proficiency (Written)
5353,Presentation skills
5353,Kannada Proficiency (Spoken)
5353,Interpersonal skills
5353,Effective Communication
5354,Legal Research
5354,Company Law
5354,Legal Drafting
5354,Statutory compliances
5354,Legal Writing
5354,Contract Management
5355,MS-Office
5355,MS-Excel
5355,English Proficiency (Spoken)
5355,English Proficiency (Written)
5355,Accounting
5355,Tally
5356,MS-Office
5356,MS-Excel
5356,Effective Communication
5356,MS-PowerPoint
5357,Effective Communication
5357,Leadership
5357,Team Management
5357,E-commerce
5357,Data Analytics
5357,Mentorship
5357,B2B Sales
5357,Sales
5358,English Proficiency (Spoken)
5358,Lead Generation
5358,Sales Management
5358,Sales
5359,English Proficiency (Spoken)
5359,Negotiation
5359,Effective Communication
5359,Sales
5359,Problem Solving
5360,English Proficiency (Spoken)
5360,Negotiation
5360,Effective Communication
5360,Sales
5360,Problem Solving
5361,Sales Management
5361,Sales
5362,Accounting
5364,Negotiation
5364,Digital Marketing
5365,MS-Excel
5365,English Proficiency (Spoken)
5365,Presentation skills
5365,Effective Communication
5365,Sales
5366,Effective Communication
5367,MS-Office
5367,MS-Excel
5367,English Proficiency (Spoken)
5367,English Proficiency (Written)
5368,Sales
5369,MS-Excel
5369,English Proficiency (Spoken)
5369,English Proficiency (Written)
5369,Effective Communication
5369,Sales
5370,English Proficiency (Spoken)
5370,English Proficiency (Written)
5370,Interpersonal skills
5371,English Proficiency (Spoken)
5371,English Proficiency (Written)
5371,Effective Communication
5372,Effective Communication
5372,Problem Solving
5374,MS-Office
5374,MS-Excel
5374,English Proficiency (Spoken)
5374,English Proficiency (Written)
5375,Sales
5376,MS-Excel
5376,MS-PowerPoint
5377,Sales
5380,English Proficiency (Spoken)
5380,English Proficiency (Written)
5382,Lead Generation
5382,Sales
5383,Effective Communication
5383,Sales
5384,MS-Excel
5384,Data entry
5384,Data Analytics
5387,MS-Excel
5387,English Proficiency (Spoken)
5388,MS-Excel
5388,English Proficiency (Written)
5389,English Proficiency (Spoken)
5389,English Proficiency (Written)
5391,Effective Communication
5392,Sales
5393,MS-Office
5393,MS-Excel
5393,English Proficiency (Spoken)
5394,MS-Office
5395,Negotiation
5395,Sales Management
5395,Sales
5396,Effective Communication
5397,English Proficiency (Spoken)
5397,Effective Communication
5398,English Proficiency (Spoken)
5398,English Proficiency (Written)
5399,MS-Excel
5399,English Proficiency (Written)
5400,English Proficiency (Written)
5401,MS-Office
5401,MS-Excel
5401,Data entry
5401,English Proficiency (Spoken)
5401,English Proficiency (Written)
5402,Negotiation
5402,Digital Marketing
5402,Market research
5402,Marketing Strategies
5403,MS-Excel
5403,English Proficiency (Spoken)
5403,English Proficiency (Written)
5403,Presentation skills
5403,Kannada Proficiency (Spoken)
5403,Interpersonal skills
5403,Effective Communication
5404,Legal Research
5404,Company Law
5404,Legal Drafting
5404,Statutory compliances
5404,Legal Writing
5404,Contract Management
5405,MS-Office
5405,MS-Excel
5405,English Proficiency (Spoken)
5405,English Proficiency (Written)
5405,Accounting
5405,Tally
5406,MS-Office
5406,MS-Excel
5406,Effective Communication
5406,MS-PowerPoint
5407,Effective Communication
5407,Leadership
5407,Team Management
5407,E-commerce
5407,Data Analytics
5407,Mentorship
5407,B2B Sales
5407,Sales
5408,English Proficiency (Spoken)
5408,Lead Generation
5408,Sales Management
5408,Sales
5409,English Proficiency (Spoken)
5409,Negotiation
5409,Effective Communication
5409,Sales
5409,Problem Solving
5410,English Proficiency (Spoken)
5410,Negotiation
5410,Effective Communication
5410,Sales
5410,Problem Solving
5411,Sales Management
5411,Sales
5412,Accounting
5414,Negotiation
5414,Digital Marketing
5415,MS-Excel
5415,English Proficiency (Spoken)
5415,Presentation skills
5415,Effective Communication
5415,Sales
5416,Effective Communication
5417,MS-Office
5417,MS-Excel
5417,English Proficiency (Spoken)
5417,English Proficiency (Written)
5418,Sales
5419,MS-Excel
5419,English Proficiency (Spoken)
5419,English Proficiency (Written)
5419,Effective Communication
5419,Sales
5420,English Proficiency (Spoken)
5420,English Proficiency (Written)
5420,Interpersonal skills
5421,English Proficiency (Spoken)
5421,English Proficiency (Written)
5421,Effective Communication
5422,Effective Communication
5422,Problem Solving
5424,MS-Office
5424,MS-Excel
5424,English Proficiency (Spoken)
5424,English Proficiency (Written)
5425,Sales
5426,MS-Excel
5426,MS-PowerPoint
5427,Sales
5430,English Proficiency (Spoken)
5430,English Proficiency (Written)
5432,Lead Generation
5432,Sales
5433,Effective Communication
5433,Sales
5434,MS-Excel
5434,Data entry
5434,Data Analytics
5437,MS-Excel
5437,English Proficiency (Spoken)
5438,MS-Excel
5438,English Proficiency (Written)
5439,English Proficiency (Spoken)
5439,English Proficiency (Written)
5441,Effective Communication
5442,Sales
5443,MS-Office
5443,MS-Excel
5443,English Proficiency (Spoken)
5444,MS-Office
5445,Negotiation
5445,Sales Management
5445,Sales
5446,Effective Communication
5447,English Proficiency (Spoken)
5447,Effective Communication
5448,English Proficiency (Spoken)
5448,English Proficiency (Written)
5449,MS-Excel
5449,English Proficiency (Written)
5450,English Proficiency (Written)
5451,MS-Office
5451,MS-Excel
5451,Data entry
5451,English Proficiency (Spoken)
5451,English Proficiency (Written)
5452,Negotiation
5452,Digital Marketing
5452,Market research
5452,Marketing Strategies
5453,MS-Excel
5453,English Proficiency (Spoken)
5453,English Proficiency (Written)
5453,Presentation skills
5453,Kannada Proficiency (Spoken)
5453,Interpersonal skills
5453,Effective Communication
5454,Legal Research
5454,Company Law
5454,Legal Drafting
5454,Statutory compliances
5454,Legal Writing
5454,Contract Management
5455,MS-Office
5455,MS-Excel
5455,English Proficiency (Spoken)
5455,English Proficiency (Written)
5455,Accounting
5455,Tally
5456,MS-Office
5456,MS-Excel
5456,Effective Communication
5456,MS-PowerPoint
5457,Effective Communication
5457,Leadership
5457,Team Management
5457,E-commerce
5457,Data Analytics
5457,Mentorship
5457,B2B Sales
5457,Sales
5458,English Proficiency (Spoken)
5458,Lead Generation
5458,Sales Management
5458,Sales
5459,English Proficiency (Spoken)
5459,Negotiation
5459,Effective Communication
5459,Sales
5459,Problem Solving
5460,English Proficiency (Spoken)
5460,Negotiation
5460,Effective Communication
5460,Sales
5460,Problem Solving
5461,Sales Management
5461,Sales
5462,Accounting
5464,Negotiation
5464,Digital Marketing
5465,MS-Excel
5465,English Proficiency (Spoken)
5465,Presentation skills
5465,Effective Communication
5465,Sales
5466,Effective Communication
5467,MS-Office
5467,MS-Excel
5467,English Proficiency (Spoken)
5467,English Proficiency (Written)
5468,Sales
5469,MS-Excel
5469,English Proficiency (Spoken)
5469,English Proficiency (Written)
5469,Effective Communication
5469,Sales
5470,English Proficiency (Spoken)
5470,English Proficiency (Written)
5470,Interpersonal skills
5471,English Proficiency (Spoken)
5471,English Proficiency (Written)
5471,Effective Communication
5472,Effective Communication
5472,Problem Solving
5474,MS-Office
5474,MS-Excel
5474,English Proficiency (Spoken)
5474,English Proficiency (Written)
5475,Sales
5476,MS-Excel
5476,MS-PowerPoint
5477,Sales
5480,English Proficiency (Spoken)
5480,English Proficiency (Written)
5482,Lead Generation
5482,Sales
5483,Effective Communication
5483,Sales
5484,MS-Excel
5484,Data entry
5484,Data Analytics
5487,MS-Excel
5487,English Proficiency (Spoken)
5488,MS-Excel
5488,English Proficiency (Written)
5489,English Proficiency (Spoken)
5489,English Proficiency (Written)
5491,Effective Communication
5492,Sales
5493,MS-Office
5493,MS-Excel
5493,English Proficiency (Spoken)
5494,MS-Office
5495,Negotiation
5495,Sales Management
5495,Sales
5496,Effective Communication
5497,English Proficiency (Spoken)
5497,Effective Communication
5498,English Proficiency (Spoken)
5498,English Proficiency (Written)
5499,MS-Excel
5499,English Proficiency (Written)
5500,English Proficiency (Written)
5501,MS-Office
5501,MS-Excel
5501,Data entry
5501,English Proficiency (Spoken)
5501,English Proficiency (Written)
5502,Negotiation
5502,Digital Marketing
5502,Market research
5502,Marketing Strategies
5503,MS-Excel
5503,English Proficiency (Spoken)
5503,English Proficiency (Written)
5503,Presentation skills
5503,Kannada Proficiency (Spoken)
5503,Interpersonal skills
5503,Effective Communication
5504,Legal Research
5504,Company Law
5504,Legal Drafting
5504,Statutory compliances
5504,Legal Writing
5504,Contract Management
5505,MS-Office
5505,MS-Excel
5505,English Proficiency (Spoken)
5505,English Proficiency (Written)
5505,Accounting
5505,Tally
5506,MS-Office
5506,MS-Excel
5506,Effective Communication
5506,MS-PowerPoint
5507,Effective Communication
5507,Leadership
5507,Team Management
5507,E-commerce
5507,Data Analytics
5507,Mentorship
5507,B2B Sales
5507,Sales
5508,English Proficiency (Spoken)
5508,Lead Generation
5508,Sales Management
5508,Sales
5509,English Proficiency (Spoken)
5509,Negotiation
5509,Effective Communication
5509,Sales
5509,Problem Solving
5510,English Proficiency (Spoken)
5510,Negotiation
5510,Effective Communication
5510,Sales
5510,Problem Solving
5511,Sales Management
5511,Sales
5512,Accounting
5514,Negotiation
5514,Digital Marketing
5515,MS-Excel
5515,English Proficiency (Spoken)
5515,Presentation skills
5515,Effective Communication
5515,Sales
5516,Effective Communication
5517,MS-Office
5517,MS-Excel
5517,English Proficiency (Spoken)
5517,English Proficiency (Written)
5518,Sales
5519,MS-Excel
5519,English Proficiency (Spoken)
5519,English Proficiency (Written)
5519,Effective Communication
5519,Sales
5520,English Proficiency (Spoken)
5520,English Proficiency (Written)
5520,Interpersonal skills
5521,English Proficiency (Spoken)
5521,English Proficiency (Written)
5521,Effective Communication
5522,Effective Communication
5522,Problem Solving
5524,MS-Office
5524,MS-Excel
5524,English Proficiency (Spoken)
5524,English Proficiency (Written)
5525,Sales
5526,MS-Excel
5526,MS-PowerPoint
5527,Sales
5530,English Proficiency (Spoken)
5530,English Proficiency (Written)
5532,Lead Generation
5532,Sales
5533,Effective Communication
5533,Sales
5534,MS-Excel
5534,Data entry
5534,Data Analytics
5537,MS-Excel
5537,English Proficiency (Spoken)
5538,MS-Excel
5538,English Proficiency (Written)
5539,English Proficiency (Spoken)
5539,English Proficiency (Written)
5541,Effective Communication
5542,Sales
5543,MS-Office
5543,MS-Excel
5543,English Proficiency (Spoken)
5544,MS-Office
5545,Negotiation
5545,Sales Management
5545,Sales
5546,Effective Communication
5547,English Proficiency (Spoken)
5547,Effective Communication
5548,English Proficiency (Spoken)
5548,English Proficiency (Written)
5549,MS-Excel
5549,English Proficiency (Written)
5550,English Proficiency (Written)
5551,MS-Office
5551,MS-Excel
5551,Data entry
5551,English Proficiency (Spoken)
5551,English Proficiency (Written)
5552,Negotiation
5552,Digital Marketing
5552,Market research
5552,Marketing Strategies
5553,MS-Excel
5553,English Proficiency (Spoken)
5553,English Proficiency (Written)
5553,Presentation skills
5553,Kannada Proficiency (Spoken)
5553,Interpersonal skills
5553,Effective Communication
5554,Legal Research
5554,Company Law
5554,Legal Drafting
5554,Statutory compliances
5554,Legal Writing
5554,Contract Management
5555,MS-Office
5555,MS-Excel
5555,English Proficiency (Spoken)
5555,English Proficiency (Written)
5555,Accounting
5555,Tally
5556,MS-Office
5556,MS-Excel
5556,Effective Communication
5556,MS-PowerPoint
5557,Effective Communication
5557,Leadership
5557,Team Management
5557,E-commerce
5557,Data Analytics
5557,Mentorship
5557,B2B Sales
5557,Sales
5558,English Proficiency (Spoken)
5558,Lead Generation
5558,Sales Management
5558,Sales
5559,English Proficiency (Spoken)
5559,Negotiation
5559,Effective Communication
5559,Sales
5559,Problem Solving
5560,English Proficiency (Spoken)
5560,Negotiation
5560,Effective Communication
5560,Sales
5560,Problem Solving
5561,Sales Management
5561,Sales
5562,Accounting
5564,Negotiation
5564,Digital Marketing
5565,MS-Excel
5565,English Proficiency (Spoken)
5565,Presentation skills
5565,Effective Communication
5565,Sales
5566,Effective Communication
5567,MS-Office
5567,MS-Excel
5567,English Proficiency (Spoken)
5567,English Proficiency (Written)
5568,Sales
5569,MS-Excel
5569,English Proficiency (Spoken)
5569,English Proficiency (Written)
5569,Effective Communication
5569,Sales
5570,English Proficiency (Spoken)
5570,English Proficiency (Written)
5570,Interpersonal skills
5571,English Proficiency (Spoken)
5571,English Proficiency (Written)
5571,Effective Communication
5572,Effective Communication
5572,Problem Solving
5574,MS-Office
5574,MS-Excel
5574,English Proficiency (Spoken)
5574,English Proficiency (Written)
5575,Sales
5576,MS-Excel
5576,MS-PowerPoint
5577,Sales
5580,English Proficiency (Spoken)
5580,English Proficiency (Written)
5582,Lead Generation
5582,Sales
5583,Effective Communication
5583,Sales
5584,MS-Excel
5584,Data entry
5584,Data Analytics
5587,MS-Excel
5587,English Proficiency (Spoken)
5588,MS-Excel
5588,English Proficiency (Written)
5589,English Proficiency (Spoken)
5589,English Proficiency (Written)
5591,Effective Communication
5592,Sales
5593,MS-Office
5593,MS-Excel
5593,English Proficiency (Spoken)
5594,MS-Office
5595,Negotiation
5595,Sales Management
5595,Sales
5596,Effective Communication
5597,English Proficiency (Spoken)
5597,Effective Communication
5598,English Proficiency (Spoken)
5598,English Proficiency (Written)
5599,MS-Excel
5599,English Proficiency (Written)
5600,English Proficiency (Written)
5601,MS-Office
5601,MS-Excel
5601,Data entry
5601,English Proficiency (Spoken)
5601,English Proficiency (Written)
5602,Negotiation
5602,Digital Marketing
5602,Market research
5602,Marketing Strategies
5603,MS-Excel
5603,English Proficiency (Spoken)
5603,English Proficiency (Written)
5603,Presentation skills
5603,Kannada Proficiency (Spoken)
5603,Interpersonal skills
5603,Effective Communication
5604,Legal Research
5604,Company Law
5604,Legal Drafting
5604,Statutory compliances
5604,Legal Writing
5604,Contract Management
5605,MS-Office
5605,MS-Excel
5605,English Proficiency (Spoken)
5605,English Proficiency (Written)
5605,Accounting
5605,Tally
5606,MS-Office
5606,MS-Excel
5606,Effective Communication
5606,MS-PowerPoint
5607,Effective Communication
5607,Leadership
5607,Team Management
5607,E-commerce
5607,Data Analytics
5607,Mentorship
5607,B2B Sales
5607,Sales
5608,English Proficiency (Spoken)
5608,Lead Generation
5608,Sales Management
5608,Sales
5609,English Proficiency (Spoken)
5609,Negotiation
5609,Effective Communication
5609,Sales
5609,Problem Solving
5610,English Proficiency (Spoken)
5610,Negotiation
5610,Effective Communication
5610,Sales
5610,Problem Solving
5611,Sales Management
5611,Sales
5612,Accounting
5614,Negotiation
5614,Digital Marketing
5615,MS-Excel
5615,English Proficiency (Spoken)
5615,Presentation skills
5615,Effective Communication
5615,Sales
5616,Effective Communication
5617,MS-Office
5617,MS-Excel
5617,English Proficiency (Spoken)
5617,English Proficiency (Written)
5618,Sales
5619,MS-Excel
5619,English Proficiency (Spoken)
5619,English Proficiency (Written)
5619,Effective Communication
5619,Sales
5620,English Proficiency (Spoken)
5620,English Proficiency (Written)
5620,Interpersonal skills
5621,English Proficiency (Spoken)
5621,English Proficiency (Written)
5621,Effective Communication
5622,Effective Communication
5622,Problem Solving
5624,MS-Office
5624,MS-Excel
5624,English Proficiency (Spoken)
5624,English Proficiency (Written)
5625,Sales
5626,MS-Excel
5626,MS-PowerPoint
5627,Sales
5630,English Proficiency (Spoken)
5630,English Proficiency (Written)
5632,Lead Generation
5632,Sales
5633,Effective Communication
5633,Sales
5634,MS-Excel
5634,Data entry
5634,Data Analytics
5637,MS-Excel
5637,English Proficiency (Spoken)
5638,MS-Excel
5638,English Proficiency (Written)
5639,English Proficiency (Spoken)
5639,English Proficiency (Written)
5641,Effective Communication
5642,Sales
5643,MS-Office
5643,MS-Excel
5643,English Proficiency (Spoken)
5644,MS-Office
5645,Negotiation
5645,Sales Management
5645,Sales
5646,Effective Communication
5647,English Proficiency (Spoken)
5647,Effective Communication
5648,English Proficiency (Spoken)
5648,English Proficiency (Written)
5649,MS-Excel
5649,English Proficiency (Written)
5650,English Proficiency (Written)
5651,MS-Office
5651,MS-Excel
5651,Data entry
5651,English Proficiency (Spoken)
5651,English Proficiency (Written)
5652,Negotiation
5652,Digital Marketing
5652,Market research
5652,Marketing Strategies
5653,MS-Excel
5653,English Proficiency (Spoken)
5653,English Proficiency (Written)
5653,Presentation skills
5653,Kannada Proficiency (Spoken)
5653,Interpersonal skills
5653,Effective Communication
5654,Legal Research
5654,Company Law
5654,Legal Drafting
5654,Statutory compliances
5654,Legal Writing
5654,Contract Management
5655,MS-Office
5655,MS-Excel
5655,English Proficiency (Spoken)
5655,English Proficiency (Written)
5655,Accounting
5655,Tally
5656,MS-Office
5656,MS-Excel
5656,Effective Communication
5656,MS-PowerPoint
5657,Effective Communication
5657,Leadership
5657,Team Management
5657,E-commerce
5657,Data Analytics
5657,Mentorship
5657,B2B Sales
5657,Sales
5658,English Proficiency (Spoken)
5658,Lead Generation
5658,Sales Management
5658,Sales
5659,English Proficiency (Spoken)
5659,Negotiation
5659,Effective Communication
5659,Sales
5659,Problem Solving
5660,English Proficiency (Spoken)
5660,Negotiation
5660,Effective Communication
5660,Sales
5660,Problem Solving
5661,Sales Management
5661,Sales
5662,Accounting
5664,Negotiation
5664,Digital Marketing
5665,MS-Excel
5665,English Proficiency (Spoken)
5665,Presentation skills
5665,Effective Communication
5665,Sales
5666,Effective Communication
5667,MS-Office
5667,MS-Excel
5667,English Proficiency (Spoken)
5667,English Proficiency (Written)
5668,Sales
5669,MS-Excel
5669,English Proficiency (Spoken)
5669,English Proficiency (Written)
5669,Effective Communication
5669,Sales
5670,English Proficiency (Spoken)
5670,English Proficiency (Written)
5670,Interpersonal skills
5671,English Proficiency (Spoken)
5671,English Proficiency (Written)
5671,Effective Communication
5672,Effective Communication
5672,Problem Solving
5674,MS-Office
5674,MS-Excel
5674,English Proficiency (Spoken)
5674,English Proficiency (Written)
5675,Sales
5676,MS-Excel
5676,MS-PowerPoint
5677,Sales
5680,English Proficiency (Spoken)
5680,English Proficiency (Written)
5682,Lead Generation
5682,Sales
5683,Effective Communication
5683,Sales
5684,MS-Excel
5684,Data entry
5684,Data Analytics
5687,MS-Excel
5687,English Proficiency (Spoken)
5688,MS-Excel
5688,English Proficiency (Written)
5689,English Proficiency (Spoken)
5689,English Proficiency (Written)
5691,Effective Communication
5692,Sales
5693,MS-Office
5693,MS-Excel
5693,English Proficiency (Spoken)
5694,MS-Office
5695,Negotiation
5695,Sales Management
5695,Sales
5696,Effective Communication
5697,English Proficiency (Spoken)
5697,Effective Communication
5698,English Proficiency (Spoken)
5698,English Proficiency (Written)
5699,MS-Excel
5699,English Proficiency (Written)
5700,English Proficiency (Written)
5701,MS-Office
5701,MS-Excel
5701,Data entry
5701,English Proficiency (Spoken)
5701,English Proficiency (Written)
5702,Negotiation
5702,Digital Marketing
5702,Market research
5702,Marketing Strategies
5703,MS-Excel
5703,English Proficiency (Spoken)
5703,English Proficiency (Written)
5703,Presentation skills
5703,Kannada Proficiency (Spoken)
5703,Interpersonal skills
5703,Effective Communication
5704,Legal Research
5704,Company Law
5704,Legal Drafting
5704,Statutory compliances
5704,Legal Writing
5704,Contract Management
5705,MS-Office
5705,MS-Excel
5705,English Proficiency (Spoken)
5705,English Proficiency (Written)
5705,Accounting
5705,Tally
5706,MS-Office
5706,MS-Excel
5706,Effective Communication
5706,MS-PowerPoint
5707,Effective Communication
5707,Leadership
5707,Team Management
5707,E-commerce
5707,Data Analytics
5707,Mentorship
5707,B2B Sales
5707,Sales
5708,English Proficiency (Spoken)
5708,Lead Generation
5708,Sales Management
5708,Sales
5709,English Proficiency (Spoken)
5709,Negotiation
5709,Effective Communication
5709,Sales
5709,Problem Solving
5710,English Proficiency (Spoken)
5710,Negotiation
5710,Effective Communication
5710,Sales
5710,Problem Solving
5711,Sales Management
5711,Sales
5712,Accounting
5714,Negotiation
5714,Digital Marketing
5715,MS-Excel
5715,English Proficiency (Spoken)
5715,Presentation skills
5715,Effective Communication
5715,Sales
5716,Effective Communication
5717,MS-Office
5717,MS-Excel
5717,English Proficiency (Spoken)
5717,English Proficiency (Written)
5718,Sales
5719,MS-Excel
5719,English Proficiency (Spoken)
5719,English Proficiency (Written)
5719,Effective Communication
5719,Sales
5720,English Proficiency (Spoken)
5720,English Proficiency (Written)
5720,Interpersonal skills
5721,English Proficiency (Spoken)
5721,English Proficiency (Written)
5721,Effective Communication
5722,Effective Communication
5722,Problem Solving
5724,MS-Office
5724,MS-Excel
5724,English Proficiency (Spoken)
5724,English Proficiency (Written)
5725,Sales
5726,MS-Excel
5726,MS-PowerPoint
5727,Sales
5730,English Proficiency (Spoken)
5730,English Proficiency (Written)
5732,Lead Generation
5732,Sales
5733,Effective Communication
5733,Sales
5734,MS-Excel
5734,Data entry
5734,Data Analytics
5737,MS-Excel
5737,English Proficiency (Spoken)
5738,MS-Excel
5738,English Proficiency (Written)
5739,English Proficiency (Spoken)
5739,English Proficiency (Written)
5741,Effective Communication
5742,Sales
5743,MS-Office
5743,MS-Excel
5743,English Proficiency (Spoken)
5744,MS-Office
5745,Negotiation
5745,Sales Management
5745,Sales
5746,Effective Communication
5747,English Proficiency (Spoken)
5747,Effective Communication
5748,English Proficiency (Spoken)
5748,English Proficiency (Written)
5749,MS-Excel
5749,English Proficiency (Written)
5750,English Proficiency (Written)
5751,MS-Office
5751,MS-Excel
5751,Data entry
5751,English Proficiency (Spoken)
5751,English Proficiency (Written)
5752,Negotiation
5752,Digital Marketing
5752,Market research
5752,Marketing Strategies
5753,MS-Excel
5753,English Proficiency (Spoken)
5753,English Proficiency (Written)
5753,Presentation skills
5753,Kannada Proficiency (Spoken)
5753,Interpersonal skills
5753,Effective Communication
5754,Legal Research
5754,Company Law
5754,Legal Drafting
5754,Statutory compliances
5754,Legal Writing
5754,Contract Management
5755,MS-Office
5755,MS-Excel
5755,English Proficiency (Spoken)
5755,English Proficiency (Written)
5755,Accounting
5755,Tally
5756,MS-Office
5756,MS-Excel
5756,Effective Communication
5756,MS-PowerPoint
5757,Effective Communication
5757,Leadership
5757,Team Management
5757,E-commerce
5757,Data Analytics
5757,Mentorship
5757,B2B Sales
5757,Sales
5758,English Proficiency (Spoken)
5758,Lead Generation
5758,Sales Management
5758,Sales
5759,English Proficiency (Spoken)
5759,Negotiation
5759,Effective Communication
5759,Sales
5759,Problem Solving
5760,English Proficiency (Spoken)
5760,Negotiation
5760,Effective Communication
5760,Sales
5760,Problem Solving
5761,Sales Management
5761,Sales
5762,Accounting
5764,Negotiation
5764,Digital Marketing
5765,MS-Excel
5765,English Proficiency (Spoken)
5765,Presentation skills
5765,Effective Communication
5765,Sales
5766,Effective Communication
5767,MS-Office
5767,MS-Excel
5767,English Proficiency (Spoken)
5767,English Proficiency (Written)
5768,Sales
5769,MS-Excel
5769,English Proficiency (Spoken)
5769,English Proficiency (Written)
5769,Effective Communication
5769,Sales
5770,English Proficiency (Spoken)
5770,English Proficiency (Written)
5770,Interpersonal skills
5771,English Proficiency (Spoken)
5771,English Proficiency (Written)
5771,Effective Communication
5772,Effective Communication
5772,Problem Solving
5774,MS-Office
5774,MS-Excel
5774,English Proficiency (Spoken)
5774,English Proficiency (Written)
5775,Sales
5776,MS-Excel
5776,MS-PowerPoint
5777,Sales
5780,English Proficiency (Spoken)
5780,English Proficiency (Written)
5782,Lead Generation
5782,Sales
5783,Effective Communication
5783,Sales
5784,MS-Excel
5784,Data entry
5784,Data Analytics
5787,MS-Excel
5787,English Proficiency (Spoken)
5788,MS-Excel
5788,English Proficiency (Written)
5789,English Proficiency (Spoken)
5789,English Proficiency (Written)
5791,Effective Communication
5792,Sales
5793,MS-Office
5793,MS-Excel
5793,English Proficiency (Spoken)
5794,MS-Office
5795,Negotiation
5795,Sales Management
5795,Sales
5796,Effective Communication
5797,English Proficiency (Spoken)
5797,Effective Communication
5798,English Proficiency (Spoken)
5798,English Proficiency (Written)
5799,MS-Excel
5799,English Proficiency (Written)
5800,English Proficiency (Written)
5801,MS-Office
5801,MS-Excel
5801,Data entry
5801,English Proficiency (Spoken)
5801,English Proficiency (Written)
5802,Negotiation
5802,Digital Marketing
5802,Market research
5802,Marketing Strategies
5803,MS-Excel
5803,English Proficiency (Spoken)
5803,English Proficiency (Written)
5803,Presentation skills
5803,Kannada Proficiency (Spoken)
5803,Interpersonal skills
5803,Effective Communication
5804,Legal Research
5804,Company Law
5804,Legal Drafting
5804,Statutory compliances
5804,Legal Writing
5804,Contract Management
5805,MS-Office
5805,MS-Excel
5805,English Proficiency (Spoken)
5805,English Proficiency (Written)
5805,Accounting
5805,Tally
5806,MS-Office
5806,MS-Excel
5806,Effective Communication
5806,MS-PowerPoint
5807,Effective Communication
5807,Leadership
5807,Team Management
5807,E-commerce
5807,Data Analytics
5807,Mentorship
5807,B2B Sales
5807,Sales
5808,English Proficiency (Spoken)
5808,Lead Generation
5808,Sales Management
5808,Sales
5809,English Proficiency (Spoken)
5809,Negotiation
5809,Effective Communication
5809,Sales
5809,Problem Solving
5810,English Proficiency (Spoken)
5810,Negotiation
5810,Effective Communication
5810,Sales
5810,Problem Solving
5811,Sales Management
5811,Sales
5812,Accounting
5814,Negotiation
5814,Digital Marketing
5815,MS-Excel
5815,English Proficiency (Spoken)
5815,Presentation skills
5815,Effective Communication
5815,Sales
5816,Effective Communication
5817,MS-Office
5817,MS-Excel
5817,English Proficiency (Spoken)
5817,English Proficiency (Written)
5818,Sales
5819,MS-Excel
5819,English Proficiency (Spoken)
5819,English Proficiency (Written)
5819,Effective Communication
5819,Sales
5820,English Proficiency (Spoken)
5820,English Proficiency (Written)
5820,Interpersonal skills
5821,English Proficiency (Spoken)
5821,English Proficiency (Written)
5821,Effective Communication
5822,Effective Communication
5822,Problem Solving
5824,MS-Office
5824,MS-Excel
5824,English Proficiency (Spoken)
5824,English Proficiency (Written)
5825,Sales
5826,MS-Excel
5826,MS-PowerPoint
5827,Sales
5830,English Proficiency (Spoken)
5830,English Proficiency (Written)
5832,Lead Generation
5832,Sales
5833,Effective Communication
5833,Sales
5834,MS-Excel
5834,Data entry
5834,Data Analytics
5837,MS-Excel
5837,English Proficiency (Spoken)
5838,MS-Excel
5838,English Proficiency (Written)
5839,English Proficiency (Spoken)
5839,English Proficiency (Written)
5841,Effective Communication
5842,Sales
5843,MS-Office
5843,MS-Excel
5843,English Proficiency (Spoken)
5844,MS-Office
5845,Negotiation
5845,Sales Management
5845,Sales
5846,Effective Communication
5847,English Proficiency (Spoken)
5847,Effective Communication
5848,English Proficiency (Spoken)
5848,English Proficiency (Written)
5849,MS-Excel
5849,English Proficiency (Written)
5850,English Proficiency (Written)
5851,MS-Office
5851,MS-Excel
5851,Data entry
5851,English Proficiency (Spoken)
5851,English Proficiency (Written)
5852,Negotiation
5852,Digital Marketing
5852,Market research
5852,Marketing Strategies
5853,MS-Excel
5853,English Proficiency (Spoken)
5853,English Proficiency (Written)
5853,Presentation skills
5853,Kannada Proficiency (Spoken)
5853,Interpersonal skills
5853,Effective Communication
5854,Legal Research
5854,Company Law
5854,Legal Drafting
5854,Statutory compliances
5854,Legal Writing
5854,Contract Management
5855,MS-Office
5855,MS-Excel
5855,English Proficiency (Spoken)
5855,English Proficiency (Written)
5855,Accounting
5855,Tally
5856,MS-Office
5856,MS-Excel
5856,Effective Communication
5856,MS-PowerPoint
5857,Effective Communication
5857,Leadership
5857,Team Management
5857,E-commerce
5857,Data Analytics
5857,Mentorship
5857,B2B Sales
5857,Sales
5858,English Proficiency (Spoken)
5858,Lead Generation
5858,Sales Management
5858,Sales
5859,English Proficiency (Spoken)
5859,Negotiation
5859,Effective Communication
5859,Sales
5859,Problem Solving
5860,English Proficiency (Spoken)
5860,Negotiation
5860,Effective Communication
5860,Sales
5860,Problem Solving
5861,Sales Management
5861,Sales
5862,Accounting
5864,Negotiation
5864,Digital Marketing
5865,MS-Excel
5865,English Proficiency (Spoken)
5865,Presentation skills
5865,Effective Communication
5865,Sales
5866,Effective Communication
5867,MS-Office
5867,MS-Excel
5867,English Proficiency (Spoken)
5867,English Proficiency (Written)
5868,Sales
5869,MS-Excel
5869,English Proficiency (Spoken)
5869,English Proficiency (Written)
5869,Effective Communication
5869,Sales
5870,English Proficiency (Spoken)
5870,English Proficiency (Written)
5870,Interpersonal skills
5871,English Proficiency (Spoken)
5871,English Proficiency (Written)
5871,Effective Communication
5872,Effective Communication
5872,Problem Solving
5874,MS-Office
5874,MS-Excel
5874,English Proficiency (Spoken)
5874,English Proficiency (Written)
5875,Sales
5876,MS-Excel
5876,MS-PowerPoint
5877,Sales
5880,English Proficiency (Spoken)
5880,English Proficiency (Written)
5882,Lead Generation
5882,Sales
5883,Effective Communication
5883,Sales
5884,MS-Excel
5884,Data entry
5884,Data Analytics
5887,MS-Excel
5887,English Proficiency (Spoken)
5888,MS-Excel
5888,English Proficiency (Written)
5889,English Proficiency (Spoken)
5889,English Proficiency (Written)
5891,Effective Communication
5892,Sales
5893,MS-Office
5893,MS-Excel
5893,English Proficiency (Spoken)
5894,MS-Office
5895,Negotiation
5895,Sales Management
5895,Sales
5896,Effective Communication
5897,English Proficiency (Spoken)
5897,Effective Communication
5898,English Proficiency (Spoken)
5898,English Proficiency (Written)
5899,MS-Excel
5899,English Proficiency (Written)
5900,English Proficiency (Written)
5901,MS-Office
5901,MS-Excel
5901,Data entry
5901,English Proficiency (Spoken)
5901,English Proficiency (Written)
5902,Negotiation
5902,Digital Marketing
5902,Market research
5902,Marketing Strategies
5903,MS-Excel
5903,English Proficiency (Spoken)
5903,English Proficiency (Written)
5903,Presentation skills
5903,Kannada Proficiency (Spoken)
5903,Interpersonal skills
5903,Effective Communication
5904,Legal Research
5904,Company Law
5904,Legal Drafting
5904,Statutory compliances
5904,Legal Writing
5904,Contract Management
5905,MS-Office
5905,MS-Excel
5905,English Proficiency (Spoken)
5905,English Proficiency (Written)
5905,Accounting
5905,Tally
5906,MS-Office
5906,MS-Excel
5906,Effective Communication
5906,MS-PowerPoint
5907,Effective Communication
5907,Leadership
5907,Team Management
5907,E-commerce
5907,Data Analytics
5907,Mentorship
5907,B2B Sales
5907,Sales
5908,English Proficiency (Spoken)
5908,Lead Generation
5908,Sales Management
5908,Sales
5909,English Proficiency (Spoken)
5909,Negotiation
5909,Effective Communication
5909,Sales
5909,Problem Solving
5910,English Proficiency (Spoken)
5910,Negotiation
5910,Effective Communication
5910,Sales
5910,Problem Solving
5911,Sales Management
5911,Sales
5912,Accounting
5914,Negotiation
5914,Digital Marketing
5915,MS-Excel
5915,English Proficiency (Spoken)
5915,Presentation skills
5915,Effective Communication
5915,Sales
5916,Effective Communication
5917,MS-Office
5917,MS-Excel
5917,English Proficiency (Spoken)
5917,English Proficiency (Written)
5918,Sales
5919,MS-Excel
5919,English Proficiency (Spoken)
5919,English Proficiency (Written)
5919,Effective Communication
5919,Sales
5920,English Proficiency (Spoken)
5920,English Proficiency (Written)
5920,Interpersonal skills
5921,English Proficiency (Spoken)
5921,English Proficiency (Written)
5921,Effective Communication
5922,Effective Communication
5922,Problem Solving
5924,MS-Office
5924,MS-Excel
5924,English Proficiency (Spoken)
5924,English Proficiency (Written)
5925,Sales
5926,MS-Excel
5926,MS-PowerPoint
5927,Sales
5930,English Proficiency (Spoken)
5930,English Proficiency (Written)
5932,Lead Generation
5932,Sales
5933,Effective Communication
5933,Sales
5934,MS-Excel
5934,Data entry
5934,Data Analytics
5937,MS-Excel
5937,English Proficiency (Spoken)
5938,MS-Excel
5938,English Proficiency (Written)
5939,English Proficiency (Spoken)
5939,English Proficiency (Written)
5941,Effective Communication
5942,Sales
5943,MS-Office
5943,MS-Excel
5943,English Proficiency (Spoken)
5944,MS-Office
5945,Negotiation
5945,Sales Management
5945,Sales
5946,Effective Communication
5947,English Proficiency (Spoken)
5947,Effective Communication
5948,English Proficiency (Spoken)
5948,English Proficiency (Written)
5949,MS-Excel
5949,English Proficiency (Written)
5950,English Proficiency (Written)
5951,MS-Office
5951,MS-Excel
5951,Data entry
5951,English Proficiency (Spoken)
5951,English Proficiency (Written)
5952,Negotiation
5952,Digital Marketing
5952,Market research
5952,Marketing Strategies
5953,MS-Excel
5953,English Proficiency (Spoken)
5953,English Proficiency (Written)
5953,Presentation skills
5953,Kannada Proficiency (Spoken)
5953,Interpersonal skills
5953,Effective Communication
5954,Legal Research
5954,Company Law
5954,Legal Drafting
5954,Statutory compliances
5954,Legal Writing
5954,Contract Management
5955,MS-Office
5955,MS-Excel
5955,English Proficiency (Spoken)
5955,English Proficiency (Written)
5955,Accounting
5955,Tally
5956,MS-Office
5956,MS-Excel
5956,Effective Communication
5956,MS-PowerPoint
5957,Effective Communication
5957,Leadership
5957,Team Management
5957,E-commerce
5957,Data Analytics
5957,Mentorship
5957,B2B Sales
5957,Sales
5958,English Proficiency (Spoken)
5958,Lead Generation
5958,Sales Management
5958,Sales
5959,English Proficiency (Spoken)
5959,Negotiation
5959,Effective Communication
5959,Sales
5959,Problem Solving
5960,English Proficiency (Spoken)
5960,Negotiation
5960,Effective Communication
5960,Sales
5960,Problem Solving
5961,Sales Management
5961,Sales
5962,Accounting
5964,Negotiation
5964,Digital Marketing
5965,MS-Excel
5965,English Proficiency (Spoken)
5965,Presentation skills
5965,Effective Communication
5965,Sales
5966,Effective Communication
5967,MS-Office
5967,MS-Excel
5967,English Proficiency (Spoken)
5967,English Proficiency (Written)
5968,Sales
5969,MS-Excel
5969,English Proficiency (Spoken)
5969,English Proficiency (Written)
5969,Effective Communication
5969,Sales
5970,English Proficiency (Spoken)
5970,English Proficiency (Written)
5970,Interpersonal skills
5971,English Proficiency (Spoken)
5971,English Proficiency (Written)
5971,Effective Communication
5972,Effective Communication
5972,Problem Solving
5974,MS-Office
5974,MS-Excel
5974,English Proficiency (Spoken)
5974,English Proficiency (Written)
5975,Sales
5976,MS-Excel
5976,MS-PowerPoint
5977,Sales
5980,English Proficiency (Spoken)
5980,English Proficiency (Written)
5982,Lead Generation
5982,Sales
5983,Effective Communication
5983,Sales
5984,MS-Excel
5984,Data entry
5984,Data Analytics
5987,MS-Excel
5987,English Proficiency (Spoken)
5988,MS-Excel
5988,English Proficiency (Written)
5989,English Proficiency (Spoken)
5989,English Proficiency (Written)
5991,Effective Communication
5992,Sales
5993,MS-Office
5993,MS-Excel
5993,English Proficiency (Spoken)
5994,MS-Office
5995,Negotiation
5995,Sales Management
5995,Sales
5996,Effective Communication
5997,English Proficiency (Spoken)
5997,Effective Communication
5998,English Proficiency (Spoken)
5998,English Proficiency (Written)
5999,MS-Excel
5999,English Proficiency (Written)
6000,English Proficiency (Written)
6001,MS-Office
6001,MS-Excel
6001,Data entry
6001,English Proficiency (Spoken)
6001,English Proficiency (Written)
6002,Negotiation
6002,Digital Marketing
6002,Market research
6002,Marketing Strategies
6003,MS-Excel
6003,English Proficiency (Spoken)
6003,English Proficiency (Written)
6003,Presentation skills
6003,Kannada Proficiency (Spoken)
6003,Interpersonal skills
6003,Effective Communication
6004,Legal Research
6004,Company Law
6004,Legal Drafting
6004,Statutory compliances
6004,Legal Writing
6004,Contract Management
6005,MS-Office
6005,MS-Excel
6005,English Proficiency (Spoken)
6005,English Proficiency (Written)
6005,Accounting
6005,Tally
6006,MS-Office
6006,MS-Excel
6006,Effective Communication
6006,MS-PowerPoint
6007,Effective Communication
6007,Leadership
6007,Team Management
6007,E-commerce
6007,Data Analytics
6007,Mentorship
6007,B2B Sales
6007,Sales
6008,English Proficiency (Spoken)
6008,Lead Generation
6008,Sales Management
6008,Sales
6009,English Proficiency (Spoken)
6009,Negotiation
6009,Effective Communication
6009,Sales
6009,Problem Solving
6010,English Proficiency (Spoken)
6010,Negotiation
6010,Effective Communication
6010,Sales
6010,Problem Solving
6011,Sales Management
6011,Sales
6012,Accounting
6014,Negotiation
6014,Digital Marketing
6015,MS-Excel
6015,English Proficiency (Spoken)
6015,Presentation skills
6015,Effective Communication
6015,Sales
6016,Effective Communication
6017,MS-Office
6017,MS-Excel
6017,English Proficiency (Spoken)
6017,English Proficiency (Written)
6018,Sales
6019,MS-Excel
6019,English Proficiency (Spoken)
6019,English Proficiency (Written)
6019,Effective Communication
6019,Sales
6020,English Proficiency (Spoken)
6020,English Proficiency (Written)
6020,Interpersonal skills
6021,English Proficiency (Spoken)
6021,English Proficiency (Written)
6021,Effective Communication
6022,Effective Communication
6022,Problem Solving
6024,MS-Office
6024,MS-Excel
6024,English Proficiency (Spoken)
6024,English Proficiency (Written)
6025,Sales
6026,MS-Excel
6026,MS-PowerPoint
6027,Sales
6030,English Proficiency (Spoken)
6030,English Proficiency (Written)
6032,Lead Generation
6032,Sales
6033,Effective Communication
6033,Sales
6034,MS-Excel
6034,Data entry
6034,Data Analytics
6037,MS-Excel
6037,English Proficiency (Spoken)
6038,MS-Excel
6038,English Proficiency (Written)
6039,English Proficiency (Spoken)
6039,English Proficiency (Written)
6041,Effective Communication
6042,Sales
6043,MS-Office
6043,MS-Excel
6043,English Proficiency (Spoken)
6044,MS-Office
6045,Negotiation
6045,Sales Management
6045,Sales
6046,Effective Communication
6047,English Proficiency (Spoken)
6047,Effective Communication
6048,English Proficiency (Spoken)
6048,English Proficiency (Written)
6049,MS-Excel
6049,English Proficiency (Written)
6050,English Proficiency (Written)
6051,MS-Office
6051,MS-Excel
6051,Data entry
6051,English Proficiency (Spoken)
6051,English Proficiency (Written)
6052,Negotiation
6052,Digital Marketing
6052,Market research
6052,Marketing Strategies
6053,MS-Excel
6053,English Proficiency (Spoken)
6053,English Proficiency (Written)
6053,Presentation skills
6053,Kannada Proficiency (Spoken)
6053,Interpersonal skills
6053,Effective Communication
6054,Legal Research
6054,Company Law
6054,Legal Drafting
6054,Statutory compliances
6054,Legal Writing
6054,Contract Management
6055,MS-Office
6055,MS-Excel
6055,English Proficiency (Spoken)
6055,English Proficiency (Written)
6055,Accounting
6055,Tally
6056,MS-Office
6056,MS-Excel
6056,Effective Communication
6056,MS-PowerPoint
6057,Effective Communication
6057,Leadership
6057,Team Management
6057,E-commerce
6057,Data Analytics
6057,Mentorship
6057,B2B Sales
6057,Sales
6058,English Proficiency (Spoken)
6058,Lead Generation
6058,Sales Management
6058,Sales
6059,English Proficiency (Spoken)
6059,Negotiation
6059,Effective Communication
6059,Sales
6059,Problem Solving
6060,English Proficiency (Spoken)
6060,Negotiation
6060,Effective Communication
6060,Sales
6060,Problem Solving
6061,Sales Management
6061,Sales
6062,Accounting
6064,Negotiation
6064,Digital Marketing
6065,MS-Excel
6065,English Proficiency (Spoken)
6065,Presentation skills
6065,Effective Communication
6065,Sales
6066,Effective Communication
6067,MS-Office
6067,MS-Excel
6067,English Proficiency (Spoken)
6067,English Proficiency (Written)
6068,Sales
6069,MS-Excel
6069,English Proficiency (Spoken)
6069,English Proficiency (Written)
6069,Effective Communication
6069,Sales
6070,English Proficiency (Spoken)
6070,English Proficiency (Written)
6070,Interpersonal skills
6071,English Proficiency (Spoken)
6071,English Proficiency (Written)
6071,Effective Communication
6072,Effective Communication
6072,Problem Solving
6074,MS-Office
6074,MS-Excel
6074,English Proficiency (Spoken)
6074,English Proficiency (Written)
6075,Sales
6076,MS-Excel
6076,MS-PowerPoint
6077,Sales
6080,English Proficiency (Spoken)
6080,English Proficiency (Written)
6082,Lead Generation
6082,Sales
6083,Effective Communication
6083,Sales
6084,MS-Excel
6084,Data entry
6084,Data Analytics
6087,MS-Excel
6087,English Proficiency (Spoken)
6088,MS-Excel
6088,English Proficiency (Written)
6089,English Proficiency (Spoken)
6089,English Proficiency (Written)
6091,Effective Communication
6092,Sales
6093,MS-Office
6093,MS-Excel
6093,English Proficiency (Spoken)
6094,MS-Office
6095,Negotiation
6095,Sales Management
6095,Sales
6096,Effective Communication
6097,English Proficiency (Spoken)
6097,Effective Communication
6098,English Proficiency (Spoken)
6098,English Proficiency (Written)
6099,MS-Excel
6099,English Proficiency (Written)
6100,English Proficiency (Written)
6101,MS-Office
6101,MS-Excel
6101,Data entry
6101,English Proficiency (Spoken)
6101,English Proficiency (Written)
6102,Negotiation
6102,Digital Marketing
6102,Market research
6102,Marketing Strategies
6103,MS-Excel
6103,English Proficiency (Spoken)
6103,English Proficiency (Written)
6103,Presentation skills
6103,Kannada Proficiency (Spoken)
6103,Interpersonal skills
6103,Effective Communication
6104,Legal Research
6104,Company Law
6104,Legal Drafting
6104,Statutory compliances
6104,Legal Writing
6104,Contract Management
6105,MS-Office
6105,MS-Excel
6105,English Proficiency (Spoken)
6105,English Proficiency (Written)
6105,Accounting
6105,Tally
6106,MS-Office
6106,MS-Excel
6106,Effective Communication
6106,MS-PowerPoint
6107,Effective Communication
6107,Leadership
6107,Team Management
6107,E-commerce
6107,Data Analytics
6107,Mentorship
6107,B2B Sales
6107,Sales
6108,English Proficiency (Spoken)
6108,Lead Generation
6108,Sales Management
6108,Sales
6109,English Proficiency (Spoken)
6109,Negotiation
6109,Effective Communication
6109,Sales
6109,Problem Solving
6110,English Proficiency (Spoken)
6110,Negotiation
6110,Effective Communication
6110,Sales
6110,Problem Solving
6111,Sales Management
6111,Sales
6112,Accounting
6114,Negotiation
6114,Digital Marketing
6115,MS-Excel
6115,English Proficiency (Spoken)
6115,Presentation skills
6115,Effective Communication
6115,Sales
6116,Effective Communication
6117,MS-Office
6117,MS-Excel
6117,English Proficiency (Spoken)
6117,English Proficiency (Written)
6118,Sales
6119,MS-Excel
6119,English Proficiency (Spoken)
6119,English Proficiency (Written)
6119,Effective Communication
6119,Sales
6120,English Proficiency (Spoken)
6120,English Proficiency (Written)
6120,Interpersonal skills
6121,English Proficiency (Spoken)
6121,English Proficiency (Written)
6121,Effective Communication
6122,Effective Communication
6122,Problem Solving
6124,MS-Office
6124,MS-Excel
6124,English Proficiency (Spoken)
6124,English Proficiency (Written)
6125,Sales
6126,MS-Excel
6126,MS-PowerPoint
6127,Sales
6130,English Proficiency (Spoken)
6130,English Proficiency (Written)
6132,Lead Generation
6132,Sales
6133,Effective Communication
6133,Sales
6134,MS-Excel
6134,Data entry
6134,Data Analytics
6137,MS-Excel
6137,English Proficiency (Spoken)
6138,MS-Excel
6138,English Proficiency (Written)
6139,English Proficiency (Spoken)
6139,English Proficiency (Written)
6141,Effective Communication
6142,Sales
6143,MS-Office
6143,MS-Excel
6143,English Proficiency (Spoken)
6144,MS-Office
6145,Negotiation
6145,Sales Management
6145,Sales
6146,Effective Communication
6147,English Proficiency (Spoken)
6147,Effective Communication
6148,English Proficiency (Spoken)
6148,English Proficiency (Written)
6149,MS-Excel
6149,English Proficiency (Written)
6150,English Proficiency (Written)
6151,MS-Office
6151,MS-Excel
6151,Data entry
6151,English Proficiency (Spoken)
6151,English Proficiency (Written)
6152,Negotiation
6152,Digital Marketing
6152,Market research
6152,Marketing Strategies
6153,MS-Excel
6153,English Proficiency (Spoken)
6153,English Proficiency (Written)
6153,Presentation skills
6153,Kannada Proficiency (Spoken)
6153,Interpersonal skills
6153,Effective Communication
6154,Legal Research
6154,Company Law
6154,Legal Drafting
6154,Statutory compliances
6154,Legal Writing
6154,Contract Management
6155,MS-Office
6155,MS-Excel
6155,English Proficiency (Spoken)
6155,English Proficiency (Written)
6155,Accounting
6155,Tally
6156,MS-Office
6156,MS-Excel
6156,Effective Communication
6156,MS-PowerPoint
6157,Effective Communication
6157,Leadership
6157,Team Management
6157,E-commerce
6157,Data Analytics
6157,Mentorship
6157,B2B Sales
6157,Sales
6158,English Proficiency (Spoken)
6158,Lead Generation
6158,Sales Management
6158,Sales
6159,English Proficiency (Spoken)
6159,Negotiation
6159,Effective Communication
6159,Sales
6159,Problem Solving
6160,English Proficiency (Spoken)
6160,Negotiation
6160,Effective Communication
6160,Sales
6160,Problem Solving
6161,Sales Management
6161,Sales
6162,Accounting
6164,Negotiation
6164,Digital Marketing
6165,MS-Excel
6165,English Proficiency (Spoken)
6165,Presentation skills
6165,Effective Communication
6165,Sales
6166,Effective Communication
6167,MS-Office
6167,MS-Excel
6167,English Proficiency (Spoken)
6167,English Proficiency (Written)
6168,Sales
6169,MS-Excel
6169,English Proficiency (Spoken)
6169,English Proficiency (Written)
6169,Effective Communication
6169,Sales
6170,English Proficiency (Spoken)
6170,English Proficiency (Written)
6170,Interpersonal skills
6171,English Proficiency (Spoken)
6171,English Proficiency (Written)
6171,Effective Communication
6172,Effective Communication
6172,Problem Solving
6174,MS-Office
6174,MS-Excel
6174,English Proficiency (Spoken)
6174,English Proficiency (Written)
6175,Sales
6176,MS-Excel
6176,MS-PowerPoint
6177,Sales
6180,English Proficiency (Spoken)
6180,English Proficiency (Written)
6182,Lead Generation
6182,Sales
6183,Effective Communication
6183,Sales
6184,MS-Excel
6184,Data entry
6184,Data Analytics
6187,MS-Excel
6187,English Proficiency (Spoken)
6188,MS-Excel
6188,English Proficiency (Written)
6189,English Proficiency (Spoken)
6189,English Proficiency (Written)
6191,Effective Communication
6192,Sales
6193,MS-Office
6193,MS-Excel
6193,English Proficiency (Spoken)
6194,MS-Office
6195,Negotiation
6195,Sales Management
6195,Sales
6196,Effective Communication
6197,English Proficiency (Spoken)
6197,Effective Communication
6198,English Proficiency (Spoken)
6198,English Proficiency (Written)
6199,MS-Excel
6199,English Proficiency (Written)
6200,English Proficiency (Written)
6201,MS-Office
6201,MS-Excel
6201,Data entry
6201,English Proficiency (Spoken)
6201,English Proficiency (Written)
6202,Negotiation
6202,Digital Marketing
6202,Market research
6202,Marketing Strategies
6203,MS-Excel
6203,English Proficiency (Spoken)
6203,English Proficiency (Written)
6203,Presentation skills
6203,Kannada Proficiency (Spoken)
6203,Interpersonal skills
6203,Effective Communication
6204,Legal Research
6204,Company Law
6204,Legal Drafting
6204,Statutory compliances
6204,Legal Writing
6204,Contract Management
6205,MS-Office
6205,MS-Excel
6205,English Proficiency (Spoken)
6205,English Proficiency (Written)
6205,Accounting
6205,Tally
6206,MS-Office
6206,MS-Excel
6206,Effective Communication
6206,MS-PowerPoint
6207,Effective Communication
6207,Leadership
6207,Team Management
6207,E-commerce
6207,Data Analytics
6207,Mentorship
6207,B2B Sales
6207,Sales
6208,English Proficiency (Spoken)
6208,Lead Generation
6208,Sales Management
6208,Sales
6209,English Proficiency (Spoken)
6209,Negotiation
6209,Effective Communication
6209,Sales
6209,Problem Solving
6210,English Proficiency (Spoken)
6210,Negotiation
6210,Effective Communication
6210,Sales
6210,Problem Solving
6211,Sales Management
6211,Sales
6212,Accounting
6214,Negotiation
6214,Digital Marketing
6215,MS-Excel
6215,English Proficiency (Spoken)
6215,Presentation skills
6215,Effective Communication
6215,Sales
6216,Effective Communication
6217,MS-Office
6217,MS-Excel
6217,English Proficiency (Spoken)
6217,English Proficiency (Written)
6218,Sales
6219,MS-Excel
6219,English Proficiency (Spoken)
6219,English Proficiency (Written)
6219,Effective Communication
6219,Sales
6220,English Proficiency (Spoken)
6220,English Proficiency (Written)
6220,Interpersonal skills
6221,English Proficiency (Spoken)
6221,English Proficiency (Written)
6221,Effective Communication
6222,Effective Communication
6222,Problem Solving
6224,MS-Office
6224,MS-Excel
6224,English Proficiency (Spoken)
6224,English Proficiency (Written)
6225,Sales
6226,MS-Excel
6226,MS-PowerPoint
6227,Sales
6230,English Proficiency (Spoken)
6230,English Proficiency (Written)
6232,Lead Generation
6232,Sales
6233,Effective Communication
6233,Sales
6234,MS-Excel
6234,Data entry
6234,Data Analytics
6237,MS-Excel
6237,English Proficiency (Spoken)
6238,MS-Excel
6238,English Proficiency (Written)
6239,English Proficiency (Spoken)
6239,English Proficiency (Written)
6241,Effective Communication
6242,Sales
6243,MS-Office
6243,MS-Excel
6243,English Proficiency (Spoken)
6244,MS-Office
6245,Negotiation
6245,Sales Management
6245,Sales
6246,Effective Communication
6247,English Proficiency (Spoken)
6247,Effective Communication
6248,English Proficiency (Spoken)
6248,English Proficiency (Written)
6249,MS-Excel
6249,English Proficiency (Written)
6250,English Proficiency (Written)
6251,MS-Office
6251,MS-Excel
6251,Data entry
6251,English Proficiency (Spoken)
6251,English Proficiency (Written)
6252,Negotiation
6252,Digital Marketing
6252,Market research
6252,Marketing Strategies
6253,MS-Excel
6253,English Proficiency (Spoken)
6253,English Proficiency (Written)
6253,Presentation skills
6253,Kannada Proficiency (Spoken)
6253,Interpersonal skills
6253,Effective Communication
6254,Legal Research
6254,Company Law
6254,Legal Drafting
6254,Statutory compliances
6254,Legal Writing
6254,Contract Management
6255,MS-Office
6255,MS-Excel
6255,English Proficiency (Spoken)
6255,English Proficiency (Written)
6255,Accounting
6255,Tally
6256,MS-Office
6256,MS-Excel
6256,Effective Communication
6256,MS-PowerPoint
6257,Effective Communication
6257,Leadership
6257,Team Management
6257,E-commerce
6257,Data Analytics
6257,Mentorship
6257,B2B Sales
6257,Sales
6258,English Proficiency (Spoken)
6258,Lead Generation
6258,Sales Management
6258,Sales
6259,English Proficiency (Spoken)
6259,Negotiation
6259,Effective Communication
6259,Sales
6259,Problem Solving
6260,English Proficiency (Spoken)
6260,Negotiation
6260,Effective Communication
6260,Sales
6260,Problem Solving
6261,Sales Management
6261,Sales
6262,Accounting
6264,Negotiation
6264,Digital Marketing
6265,MS-Excel
6265,English Proficiency (Spoken)
6265,Presentation skills
6265,Effective Communication
6265,Sales
6266,Effective Communication
6267,MS-Office
6267,MS-Excel
6267,English Proficiency (Spoken)
6267,English Proficiency (Written)
6268,Sales
6269,MS-Excel
6269,English Proficiency (Spoken)
6269,English Proficiency (Written)
6269,Effective Communication
6269,Sales
6270,English Proficiency (Spoken)
6270,English Proficiency (Written)
6270,Interpersonal skills
6271,English Proficiency (Spoken)
6271,English Proficiency (Written)
6271,Effective Communication
6272,Effective Communication
6272,Problem Solving
6274,MS-Office
6274,MS-Excel
6274,English Proficiency (Spoken)
6274,English Proficiency (Written)
6275,Sales
6276,MS-Excel
6276,MS-PowerPoint
6277,Sales
6280,English Proficiency (Spoken)
6280,English Proficiency (Written)
6282,Lead Generation
6282,Sales
6283,Effective Communication
6283,Sales
6284,MS-Excel
6284,Data entry
6284,Data Analytics
6287,MS-Excel
6287,English Proficiency (Spoken)
6288,MS-Excel
6288,English Proficiency (Written)
6289,English Proficiency (Spoken)
6289,English Proficiency (Written)
6291,Effective Communication
6292,Sales
6293,MS-Office
6293,MS-Excel
6293,English Proficiency (Spoken)
6294,MS-Office
6295,Negotiation
6295,Sales Management
6295,Sales
6296,Effective Communication
6297,English Proficiency (Spoken)
6297,Effective Communication
6298,English Proficiency (Spoken)
6298,English Proficiency (Written)
6299,MS-Excel
6299,English Proficiency (Written)
6300,English Proficiency (Written)
6301,MS-Office
6301,MS-Excel
6301,Data entry
6301,English Proficiency (Spoken)
6301,English Proficiency (Written)
6302,Negotiation
6302,Digital Marketing
6302,Market research
6302,Marketing Strategies
6303,MS-Excel
6303,English Proficiency (Spoken)
6303,English Proficiency (Written)
6303,Presentation skills
6303,Kannada Proficiency (Spoken)
6303,Interpersonal skills
6303,Effective Communication
6304,Legal Research
6304,Company Law
6304,Legal Drafting
6304,Statutory compliances
6304,Legal Writing
6304,Contract Management
6305,MS-Office
6305,MS-Excel
6305,English Proficiency (Spoken)
6305,English Proficiency (Written)
6305,Accounting
6305,Tally
6306,MS-Office
6306,MS-Excel
6306,Effective Communication
6306,MS-PowerPoint
6307,Effective Communication
6307,Leadership
6307,Team Management
6307,E-commerce
6307,Data Analytics
6307,Mentorship
6307,B2B Sales
6307,Sales
6308,English Proficiency (Spoken)
6308,Lead Generation
6308,Sales Management
6308,Sales
6309,English Proficiency (Spoken)
6309,Negotiation
6309,Effective Communication
6309,Sales
6309,Problem Solving
6310,English Proficiency (Spoken)
6310,Negotiation
6310,Effective Communication
6310,Sales
6310,Problem Solving
6311,Sales Management
6311,Sales
6312,Accounting
6314,Negotiation
6314,Digital Marketing
6315,MS-Excel
6315,English Proficiency (Spoken)
6315,Presentation skills
6315,Effective Communication
6315,Sales
6316,Effective Communication
6317,MS-Office
6317,MS-Excel
6317,English Proficiency (Spoken)
6317,English Proficiency (Written)
6318,Sales
6319,MS-Excel
6319,English Proficiency (Spoken)
6319,English Proficiency (Written)
6319,Effective Communication
6319,Sales
6320,English Proficiency (Spoken)
6320,English Proficiency (Written)
6320,Interpersonal skills
6321,English Proficiency (Spoken)
6321,English Proficiency (Written)
6321,Effective Communication
6322,Effective Communication
6322,Problem Solving
6324,MS-Office
6324,MS-Excel
6324,English Proficiency (Spoken)
6324,English Proficiency (Written)
6325,Sales
6326,MS-Excel
6326,MS-PowerPoint
6327,Sales
6330,English Proficiency (Spoken)
6330,English Proficiency (Written)
6332,Lead Generation
6332,Sales
6333,Effective Communication
6333,Sales
6334,MS-Excel
6334,Data entry
6334,Data Analytics
6337,MS-Excel
6337,English Proficiency (Spoken)
6338,MS-Excel
6338,English Proficiency (Written)
6339,English Proficiency (Spoken)
6339,English Proficiency (Written)
6341,Effective Communication
6342,Sales
6343,MS-Office
6343,MS-Excel
6343,English Proficiency (Spoken)
6344,MS-Office
6345,Negotiation
6345,Sales Management
6345,Sales
6346,Effective Communication
6347,English Proficiency (Spoken)
6347,Effective Communication
6348,English Proficiency (Spoken)
6348,English Proficiency (Written)
6349,MS-Excel
6349,English Proficiency (Written)
6350,English Proficiency (Written)
6351,MS-Office
6351,MS-Excel
6351,Data entry
6351,English Proficiency (Spoken)
6351,English Proficiency (Written)
6352,Negotiation
6352,Digital Marketing
6352,Market research
6352,Marketing Strategies
6353,MS-Excel
6353,English Proficiency (Spoken)
6353,English Proficiency (Written)
6353,Presentation skills
6353,Kannada Proficiency (Spoken)
6353,Interpersonal skills
6353,Effective Communication
6354,Legal Research
6354,Company Law
6354,Legal Drafting
6354,Statutory compliances
6354,Legal Writing
6354,Contract Management
6355,MS-Office
6355,MS-Excel
6355,English Proficiency (Spoken)
6355,English Proficiency (Written)
6355,Accounting
6355,Tally
6356,MS-Office
6356,MS-Excel
6356,Effective Communication
6356,MS-PowerPoint
6357,Effective Communication
6357,Leadership
6357,Team Management
6357,E-commerce
6357,Data Analytics
6357,Mentorship
6357,B2B Sales
6357,Sales
6358,English Proficiency (Spoken)
6358,Lead Generation
6358,Sales Management
6358,Sales
6359,English Proficiency (Spoken)
6359,Negotiation
6359,Effective Communication
6359,Sales
6359,Problem Solving
6360,English Proficiency (Spoken)
6360,Negotiation
6360,Effective Communication
6360,Sales
6360,Problem Solving
6361,Sales Management
6361,Sales
6362,Accounting
6364,Negotiation
6364,Digital Marketing
6365,MS-Excel
6365,English Proficiency (Spoken)
6365,Presentation skills
6365,Effective Communication
6365,Sales
6366,Effective Communication
6367,MS-Office
6367,MS-Excel
6367,English Proficiency (Spoken)
6367,English Proficiency (Written)
6368,Sales
6369,MS-Excel
6369,English Proficiency (Spoken)
6369,English Proficiency (Written)
6369,Effective Communication
6369,Sales
6370,English Proficiency (Spoken)
6370,English Proficiency (Written)
6370,Interpersonal skills
6371,English Proficiency (Spoken)
6371,English Proficiency (Written)
6371,Effective Communication
6372,Effective Communication
6372,Problem Solving
6374,MS-Office
6374,MS-Excel
6374,English Proficiency (Spoken)
6374,English Proficiency (Written)
6375,Sales
6376,MS-Excel
6376,MS-PowerPoint
6377,Sales
6380,English Proficiency (Spoken)
6380,English Proficiency (Written)
6382,Lead Generation
6382,Sales
6383,Effective Communication
6383,Sales
6384,MS-Excel
6384,Data entry
6384,Data Analytics
6387,MS-Excel
6387,English Proficiency (Spoken)
6388,MS-Excel
6388,English Proficiency (Written)
6389,English Proficiency (Spoken)
6389,English Proficiency (Written)
6391,Effective Communication
6392,Sales
6393,MS-Office
6393,MS-Excel
6393,English Proficiency (Spoken)
6394,MS-Office
6395,Negotiation
6395,Sales Management
6395,Sales
6396,Effective Communication
6397,English Proficiency (Spoken)
6397,Effective Communication
6398,English Proficiency (Spoken)
6398,English Proficiency (Written)
6399,MS-Excel
6399,English Proficiency (Written)
6400,English Proficiency (Written)
6401,MS-Office
6401,MS-Excel
6401,Data entry
6401,English Proficiency (Spoken)
6401,English Proficiency (Written)
6402,Negotiation
6402,Digital Marketing
6402,Market research
6402,Marketing Strategies
6403,MS-Excel
6403,English Proficiency (Spoken)
6403,English Proficiency (Written)
6403,Presentation skills
6403,Kannada Proficiency (Spoken)
6403,Interpersonal skills
6403,Effective Communication
6404,Legal Research
6404,Company Law
6404,Legal Drafting
6404,Statutory compliances
6404,Legal Writing
6404,Contract Management
6405,MS-Office
6405,MS-Excel
6405,English Proficiency (Spoken)
6405,English Proficiency (Written)
6405,Accounting
6405,Tally
6406,MS-Office
6406,MS-Excel
6406,Effective Communication
6406,MS-PowerPoint
6407,Effective Communication
6407,Leadership
6407,Team Management
6407,E-commerce
6407,Data Analytics
6407,Mentorship
6407,B2B Sales
6407,Sales
6408,English Proficiency (Spoken)
6408,Lead Generation
6408,Sales Management
6408,Sales
6409,English Proficiency (Spoken)
6409,Negotiation
6409,Effective Communication
6409,Sales
6409,Problem Solving
6410,English Proficiency (Spoken)
6410,Negotiation
6410,Effective Communication
6410,Sales
6410,Problem Solving
6411,Sales Management
6411,Sales
6412,Accounting
6414,Negotiation
6414,Digital Marketing
6415,MS-Excel
6415,English Proficiency (Spoken)
6415,Presentation skills
6415,Effective Communication
6415,Sales
6416,Effective Communication
6417,MS-Office
6417,MS-Excel
6417,English Proficiency (Spoken)
6417,English Proficiency (Written)
6418,Sales
6419,MS-Excel
6419,English Proficiency (Spoken)
6419,English Proficiency (Written)
6419,Effective Communication
6419,Sales
6420,English Proficiency (Spoken)
6420,English Proficiency (Written)
6420,Interpersonal skills
6421,English Proficiency (Spoken)
6421,English Proficiency (Written)
6421,Effective Communication
6422,Effective Communication
6422,Problem Solving
6424,MS-Office
6424,MS-Excel
6424,English Proficiency (Spoken)
6424,English Proficiency (Written)
6425,Sales
6426,MS-Excel
6426,MS-PowerPoint
6427,Sales
6430,English Proficiency (Spoken)
6430,English Proficiency (Written)
6432,Lead Generation
6432,Sales
6433,Effective Communication
6433,Sales
6434,MS-Excel
6434,Data entry
6434,Data Analytics
6437,MS-Excel
6437,English Proficiency (Spoken)
6438,MS-Excel
6438,English Proficiency (Written)
6439,English Proficiency (Spoken)
6439,English Proficiency (Written)
6441,Effective Communication
6442,Sales
6443,MS-Office
6443,MS-Excel
6443,English Proficiency (Spoken)
6444,MS-Office
6445,Negotiation
6445,Sales Management
6445,Sales
6446,Effective Communication
6447,English Proficiency (Spoken)
6447,Effective Communication
6448,English Proficiency (Spoken)
6448,English Proficiency (Written)
6449,MS-Excel
6449,English Proficiency (Written)
6450,English Proficiency (Written)
6451,MS-Office
6451,MS-Excel
6451,Data entry
6451,English Proficiency (Spoken)
6451,English Proficiency (Written)
6452,Negotiation
6452,Digital Marketing
6452,Market research
6452,Marketing Strategies
6453,MS-Excel
6453,English Proficiency (Spoken)
6453,English Proficiency (Written)
6453,Presentation skills
6453,Kannada Proficiency (Spoken)
6453,Interpersonal skills
6453,Effective Communication
6454,Legal Research
6454,Company Law
6454,Legal Drafting
6454,Statutory compliances
6454,Legal Writing
6454,Contract Management
6455,MS-Office
6455,MS-Excel
6455,English Proficiency (Spoken)
6455,English Proficiency (Written)
6455,Accounting
6455,Tally
6456,MS-Office
6456,MS-Excel
6456,Effective Communication
6456,MS-PowerPoint
6457,Effective Communication
6457,Leadership
6457,Team Management
6457,E-commerce
6457,Data Analytics
6457,Mentorship
6457,B2B Sales
6457,Sales
6458,English Proficiency (Spoken)
6458,Lead Generation
6458,Sales Management
6458,Sales
6459,English Proficiency (Spoken)
6459,Negotiation
6459,Effective Communication
6459,Sales
6459,Problem Solving
6460,English Proficiency (Spoken)
6460,Negotiation
6460,Effective Communication
6460,Sales
6460,Problem Solving
6461,Sales Management
6461,Sales
6462,Accounting
6464,Negotiation
6464,Digital Marketing
6465,MS-Excel
6465,English Proficiency (Spoken)
6465,Presentation skills
6465,Effective Communication
6465,Sales
6466,Effective Communication
6467,MS-Office
6467,MS-Excel
6467,English Proficiency (Spoken)
6467,English Proficiency (Written)
6468,Sales
6469,MS-Excel
6469,English Proficiency (Spoken)
6469,English Proficiency (Written)
6469,Effective Communication
6469,Sales
6470,English Proficiency (Spoken)
6470,English Proficiency (Written)
6470,Interpersonal skills
6471,English Proficiency (Spoken)
6471,English Proficiency (Written)
6471,Effective Communication
6472,Effective Communication
6472,Problem Solving
6474,MS-Office
6474,MS-Excel
6474,English Proficiency (Spoken)
6474,English Proficiency (Written)
6475,Sales
6476,MS-Excel
6476,MS-PowerPoint
6477,Sales
6480,English Proficiency (Spoken)
6480,English Proficiency (Written)
6482,Lead Generation
6482,Sales
6483,Effective Communication
6483,Sales
6484,MS-Excel
6484,Data entry
6484,Data Analytics
6487,MS-Excel
6487,English Proficiency (Spoken)
6488,MS-Excel
6488,English Proficiency (Written)
6489,English Proficiency (Spoken)
6489,English Proficiency (Written)
6491,Effective Communication
6492,Sales
6493,MS-Office
6493,MS-Excel
6493,English Proficiency (Spoken)
6494,MS-Office
6495,Negotiation
6495,Sales Management
6495,Sales
6496,Effective Communication
6497,English Proficiency (Spoken)
6497,Effective Communication
6498,English Proficiency (Spoken)
6498,English Proficiency (Written)
6499,MS-Excel
6499,English Proficiency (Written)
6500,English Proficiency (Written)
6501,MS-Office
6501,MS-Excel
6501,Data entry
6501,English Proficiency (Spoken)
6501,English Proficiency (Written)
6502,Negotiation
6502,Digital Marketing
6502,Market research
6502,Marketing Strategies
6503,MS-Excel
6503,English Proficiency (Spoken)
6503,English Proficiency (Written)
6503,Presentation skills
6503,Kannada Proficiency (Spoken)
6503,Interpersonal skills
6503,Effective Communication
6504,Legal Research
6504,Company Law
6504,Legal Drafting
6504,Statutory compliances
6504,Legal Writing
6504,Contract Management
6505,MS-Office
6505,MS-Excel
6505,English Proficiency (Spoken)
6505,English Proficiency (Written)
6505,Accounting
6505,Tally
6506,MS-Office
6506,MS-Excel
6506,Effective Communication
6506,MS-PowerPoint
6507,Effective Communication
6507,Leadership
6507,Team Management
6507,E-commerce
6507,Data Analytics
6507,Mentorship
6507,B2B Sales
6507,Sales
6508,English Proficiency (Spoken)
6508,Lead Generation
6508,Sales Management
6508,Sales
6509,English Proficiency (Spoken)
6509,Negotiation
6509,Effective Communication
6509,Sales
6509,Problem Solving
6510,English Proficiency (Spoken)
6510,Negotiation
6510,Effective Communication
6510,Sales
6510,Problem Solving
6511,Sales Management
6511,Sales
6512,Accounting
6514,Negotiation
6514,Digital Marketing
6515,MS-Excel
6515,English Proficiency (Spoken)
6515,Presentation skills
6515,Effective Communication
6515,Sales
6516,Effective Communication
6517,MS-Office
6517,MS-Excel
6517,English Proficiency (Spoken)
6517,English Proficiency (Written)
6518,Sales
6519,MS-Excel
6519,English Proficiency (Spoken)
6519,English Proficiency (Written)
6519,Effective Communication
6519,Sales
6520,English Proficiency (Spoken)
6520,English Proficiency (Written)
6520,Interpersonal skills
6521,English Proficiency (Spoken)
6521,English Proficiency (Written)
6521,Effective Communication
6522,Effective Communication
6522,Problem Solving
6524,MS-Office
6524,MS-Excel
6524,English Proficiency (Spoken)
6524,English Proficiency (Written)
6525,Sales
6526,MS-Excel
6526,MS-PowerPoint
6527,Sales
6530,English Proficiency (Spoken)
6530,English Proficiency (Written)
6532,Lead Generation
6532,Sales
6533,Effective Communication
6533,Sales
6534,MS-Excel
6534,Data entry
6534,Data Analytics
6537,MS-Excel
6537,English Proficiency (Spoken)
6538,MS-Excel
6538,English Proficiency (Written)
6539,English Proficiency (Spoken)
6539,English Proficiency (Written)
6541,Effective Communication
6542,Sales
6543,MS-Office
6543,MS-Excel
6543,English Proficiency (Spoken)
6544,MS-Office
6545,Negotiation
6545,Sales Management
6545,Sales
6546,Effective Communication
6547,English Proficiency (Spoken)
6547,Effective Communication
6548,English Proficiency (Spoken)
6548,English Proficiency (Written)
6549,MS-Excel
6549,English Proficiency (Written)
6550,English Proficiency (Written)
6551,MS-Office
6551,MS-Excel
6551,Data entry
6551,English Proficiency (Spoken)
6551,English Proficiency (Written)
6552,Negotiation
6552,Digital Marketing
6552,Market research
6552,Marketing Strategies
6553,MS-Excel
6553,English Proficiency (Spoken)
6553,English Proficiency (Written)
6553,Presentation skills
6553,Kannada Proficiency (Spoken)
6553,Interpersonal skills
6553,Effective Communication
6554,Legal Research
6554,Company Law
6554,Legal Drafting
6554,Statutory compliances
6554,Legal Writing
6554,Contract Management
6555,MS-Office
6555,MS-Excel
6555,English Proficiency (Spoken)
6555,English Proficiency (Written)
6555,Accounting
6555,Tally
6556,MS-Office
6556,MS-Excel
6556,Effective Communication
6556,MS-PowerPoint
6557,Effective Communication
6557,Leadership
6557,Team Management
6557,E-commerce
6557,Data Analytics
6557,Mentorship
6557,B2B Sales
6557,Sales
6558,English Proficiency (Spoken)
6558,Lead Generation
6558,Sales Management
6558,Sales
6559,English Proficiency (Spoken)
6559,Negotiation
6559,Effective Communication
6559,Sales
6559,Problem Solving
6560,English Proficiency (Spoken)
6560,Negotiation
6560,Effective Communication
6560,Sales
6560,Problem Solving
6561,Sales Management
6561,Sales
6562,Accounting
6564,Negotiation
6564,Digital Marketing
6565,MS-Excel
6565,English Proficiency (Spoken)
6565,Presentation skills
6565,Effective Communication
6565,Sales
6566,Effective Communication
6567,MS-Office
6567,MS-Excel
6567,English Proficiency (Spoken)
6567,English Proficiency (Written)
6568,Sales
6569,MS-Excel
6569,English Proficiency (Spoken)
6569,English Proficiency (Written)
6569,Effective Communication
6569,Sales
6570,English Proficiency (Spoken)
6570,English Proficiency (Written)
6570,Interpersonal skills
6571,English Proficiency (Spoken)
6571,English Proficiency (Written)
6571,Effective Communication
6572,Effective Communication
6572,Problem Solving
6574,MS-Office
6574,MS-Excel
6574,English Proficiency (Spoken)
6574,English Proficiency (Written)
6575,Sales
6576,MS-Excel
6576,MS-PowerPoint
6577,Sales
6580,English Proficiency (Spoken)
6580,English Proficiency (Written)
6582,Lead Generation
6582,Sales
6583,Effective Communication
6583,Sales
6584,MS-Excel
6584,Data entry
6584,Data Analytics
6587,MS-Excel
6587,English Proficiency (Spoken)
6588,MS-Excel
6588,English Proficiency (Written)
6589,English Proficiency (Spoken)
6589,English Proficiency (Written)
6591,Effective Communication
6592,Sales
6593,MS-Office
6593,MS-Excel
6593,English Proficiency (Spoken)
6594,MS-Office
6595,Negotiation
6595,Sales Management
6595,Sales
6596,Effective Communication
6597,English Proficiency (Spoken)
6597,Effective Communication
6598,English Proficiency (Spoken)
6598,English Proficiency (Written)
6599,MS-Excel
6599,English Proficiency (Written)
6600,English Proficiency (Written)
6601,MS-Office
6601,MS-Excel
6601,Data entry
6601,English Proficiency (Spoken)
6601,English Proficiency (Written)
6602,Negotiation
6602,Digital Marketing
6602,Market research
6602,Marketing Strategies
6603,MS-Excel
6603,English Proficiency (Spoken)
6603,English Proficiency (Written)
6603,Presentation skills
6603,Kannada Proficiency (Spoken)
6603,Interpersonal skills
6603,Effective Communication
6604,Legal Research
6604,Company Law
6604,Legal Drafting
6604,Statutory compliances
6604,Legal Writing
6604,Contract Management
6605,MS-Office
6605,MS-Excel
6605,English Proficiency (Spoken)
6605,English Proficiency (Written)
6605,Accounting
6605,Tally
6606,MS-Office
6606,MS-Excel
6606,Effective Communication
6606,MS-PowerPoint
6607,Effective Communication
6607,Leadership
6607,Team Management
6607,E-commerce
6607,Data Analytics
6607,Mentorship
6607,B2B Sales
6607,Sales
6608,English Proficiency (Spoken)
6608,Lead Generation
6608,Sales Management
6608,Sales
6609,English Proficiency (Spoken)
6609,Negotiation
6609,Effective Communication
6609,Sales
6609,Problem Solving
6610,English Proficiency (Spoken)
6610,Negotiation
6610,Effective Communication
6610,Sales
6610,Problem Solving
6611,Sales Management
6611,Sales
6612,Accounting
6614,Negotiation
6614,Digital Marketing
6615,MS-Excel
6615,English Proficiency (Spoken)
6615,Presentation skills
6615,Effective Communication
6615,Sales
6616,Effective Communication
6617,MS-Office
6617,MS-Excel
6617,English Proficiency (Spoken)
6617,English Proficiency (Written)
6618,Sales
6619,MS-Excel
6619,English Proficiency (Spoken)
6619,English Proficiency (Written)
6619,Effective Communication
6619,Sales
6620,English Proficiency (Spoken)
6620,English Proficiency (Written)
6620,Interpersonal skills
6621,English Proficiency (Spoken)
6621,English Proficiency (Written)
6621,Effective Communication
6622,Effective Communication
6622,Problem Solving
6624,MS-Office
6624,MS-Excel
6624,English Proficiency (Spoken)
6624,English Proficiency (Written)
6625,Sales
6626,MS-Excel
6626,MS-PowerPoint
6627,Sales
6630,English Proficiency (Spoken)
6630,English Proficiency (Written)
6632,Lead Generation
6632,Sales
6633,Effective Communication
6633,Sales
6634,MS-Excel
6634,Data entry
6634,Data Analytics
6637,MS-Excel
6637,English Proficiency (Spoken)
6638,MS-Excel
6638,English Proficiency (Written)
6639,English Proficiency (Spoken)
6639,English Proficiency (Written)
6641,Effective Communication
6642,Sales
6643,MS-Office
6643,MS-Excel
6643,English Proficiency (Spoken)
6644,MS-Office
6645,Negotiation
6645,Sales Management
6645,Sales
6646,Effective Communication
6647,English Proficiency (Spoken)
6647,Effective Communication
6648,English Proficiency (Spoken)
6648,English Proficiency (Written)
6649,MS-Excel
6649,English Proficiency (Written)
6650,English Proficiency (Written)
6651,MS-Office
6651,MS-Excel
6651,Data entry
6651,English Proficiency (Spoken)
6651,English Proficiency (Written)
6652,Negotiation
6652,Digital Marketing
6652,Market research
6652,Marketing Strategies
6653,MS-Excel
6653,English Proficiency (Spoken)
6653,English Proficiency (Written)
6653,Presentation skills
6653,Kannada Proficiency (Spoken)
6653,Interpersonal skills
6653,Effective Communication
6654,Legal Research
6654,Company Law
6654,Legal Drafting
6654,Statutory compliances
6654,Legal Writing
6654,Contract Management
6655,MS-Office
6655,MS-Excel
6655,English Proficiency (Spoken)
6655,English Proficiency (Written)
6655,Accounting
6655,Tally
6656,MS-Office
6656,MS-Excel
6656,Effective Communication
6656,MS-PowerPoint
6657,Effective Communication
6657,Leadership
6657,Team Management
6657,E-commerce
6657,Data Analytics
6657,Mentorship
6657,B2B Sales
6657,Sales
6658,English Proficiency (Spoken)
6658,Lead Generation
6658,Sales Management
6658,Sales
6659,English Proficiency (Spoken)
6659,Negotiation
6659,Effective Communication
6659,Sales
6659,Problem Solving
6660,English Proficiency (Spoken)
6660,Negotiation
6660,Effective Communication
6660,Sales
6660,Problem Solving
6661,Sales Management
6661,Sales
6662,Accounting
6664,Negotiation
6664,Digital Marketing
6665,MS-Excel
6665,English Proficiency (Spoken)
6665,Presentation skills
6665,Effective Communication
6665,Sales
6666,Effective Communication
6667,MS-Office
6667,MS-Excel
6667,English Proficiency (Spoken)
6667,English Proficiency (Written)
6668,Sales
6669,MS-Excel
6669,English Proficiency (Spoken)
6669,English Proficiency (Written)
6669,Effective Communication
6669,Sales
6670,English Proficiency (Spoken)
6670,English Proficiency (Written)
6670,Interpersonal skills
6671,English Proficiency (Spoken)
6671,English Proficiency (Written)
6671,Effective Communication
6672,Effective Communication
6672,Problem Solving
6674,MS-Office
6674,MS-Excel
6674,English Proficiency (Spoken)
6674,English Proficiency (Written)
6675,Sales
6676,MS-Excel
6676,MS-PowerPoint
6677,Sales
6680,English Proficiency (Spoken)
6680,English Proficiency (Written)
6682,Lead Generation
6682,Sales
6683,Effective Communication
6683,Sales
6684,MS-Excel
6684,Data entry
6684,Data Analytics
6687,MS-Excel
6687,English Proficiency (Spoken)
6688,MS-Excel
6688,English Proficiency (Written)
6689,English Proficiency (Spoken)
6689,English Proficiency (Written)
6691,Effective Communication
6692,Sales
6693,MS-Office
6693,MS-Excel
6693,English Proficiency (Spoken)
6694,MS-Office
6695,Negotiation
6695,Sales Management
6695,Sales
6696,Effective Communication
6697,English Proficiency (Spoken)
6697,Effective Communication
6698,English Proficiency (Spoken)
6698,English Proficiency (Written)
6699,MS-Excel
6699,English Proficiency (Written)
6700,English Proficiency (Written)
6701,MS-Office
6701,MS-Excel
6701,Data entry
6701,English Proficiency (Spoken)
6701,English Proficiency (Written)
6702,Negotiation
6702,Digital Marketing
6702,Market research
6702,Marketing Strategies
6703,MS-Excel
6703,English Proficiency (Spoken)
6703,English Proficiency (Written)
6703,Presentation skills
6703,Kannada Proficiency (Spoken)
6703,Interpersonal skills
6703,Effective Communication
6704,Legal Research
6704,Company Law
6704,Legal Drafting
6704,Statutory compliances
6704,Legal Writing
6704,Contract Management
6705,MS-Office
6705,MS-Excel
6705,English Proficiency (Spoken)
6705,English Proficiency (Written)
6705,Accounting
6705,Tally
6706,MS-Office
6706,MS-Excel
6706,Effective Communication
6706,MS-PowerPoint
6707,Effective Communication
6707,Leadership
6707,Team Management
6707,E-commerce
6707,Data Analytics
6707,Mentorship
6707,B2B Sales
6707,Sales
6708,English Proficiency (Spoken)
6708,Lead Generation
6708,Sales Management
6708,Sales
6709,English Proficiency (Spoken)
6709,Negotiation
6709,Effective Communication
6709,Sales
6709,Problem Solving
6710,English Proficiency (Spoken)
6710,Negotiation
6710,Effective Communication
6710,Sales
6710,Problem Solving
6711,Sales Management
6711,Sales
6712,Accounting
6714,Negotiation
6714,Digital Marketing
6715,MS-Excel
6715,English Proficiency (Spoken)
6715,Presentation skills
6715,Effective Communication
6715,Sales
6716,Effective Communication
6717,MS-Office
6717,MS-Excel
6717,English Proficiency (Spoken)
6717,English Proficiency (Written)
6718,Sales
6719,MS-Excel
6719,English Proficiency (Spoken)
6719,English Proficiency (Written)
6719,Effective Communication
6719,Sales
6720,English Proficiency (Spoken)
6720,English Proficiency (Written)
6720,Interpersonal skills
6721,English Proficiency (Spoken)
6721,English Proficiency (Written)
6721,Effective Communication
6722,Effective Communication
6722,Problem Solving
6724,MS-Office
6724,MS-Excel
6724,English Proficiency (Spoken)
6724,English Proficiency (Written)
6725,Sales
6726,MS-Excel
6726,MS-PowerPoint
6727,Sales
6730,English Proficiency (Spoken)
6730,English Proficiency (Written)
6732,Lead Generation
6732,Sales
6733,Effective Communication
6733,Sales
6734,MS-Excel
6734,Data entry
6734,Data Analytics
6737,MS-Excel
6737,English Proficiency (Spoken)
6738,MS-Excel
6738,English Proficiency (Written)
6739,English Proficiency (Spoken)
6739,English Proficiency (Written)
6741,Effective Communication
6742,Sales
6743,MS-Office
6743,MS-Excel
6743,English Proficiency (Spoken)
6744,MS-Office
6745,Negotiation
6745,Sales Management
6745,Sales
6746,Effective Communication
6747,English Proficiency (Spoken)
6747,Effective Communication
6748,English Proficiency (Spoken)
6748,English Proficiency (Written)
6749,MS-Excel
6749,English Proficiency (Written)
6750,English Proficiency (Written)
6751,MS-Office
6751,MS-Excel
6751,Data entry
6751,English Proficiency (Spoken)
6751,English Proficiency (Written)
6752,Negotiation
6752,Digital Marketing
6752,Market research
6752,Marketing Strategies
6753,MS-Excel
6753,English Proficiency (Spoken)
6753,English Proficiency (Written)
6753,Presentation skills
6753,Kannada Proficiency (Spoken)
6753,Interpersonal skills
6753,Effective Communication
6754,Legal Research
6754,Company Law
6754,Legal Drafting
6754,Statutory compliances
6754,Legal Writing
6754,Contract Management
6755,MS-Office
6755,MS-Excel
6755,English Proficiency (Spoken)
6755,English Proficiency (Written)
6755,Accounting
6755,Tally
6756,MS-Office
6756,MS-Excel
6756,Effective Communication
6756,MS-PowerPoint
6757,Effective Communication
6757,Leadership
6757,Team Management
6757,E-commerce
6757,Data Analytics
6757,Mentorship
6757,B2B Sales
6757,Sales
6758,English Proficiency (Spoken)
6758,Lead Generation
6758,Sales Management
6758,Sales
6759,English Proficiency (Spoken)
6759,Negotiation
6759,Effective Communication
6759,Sales
6759,Problem Solving
6760,English Proficiency (Spoken)
6760,Negotiation
6760,Effective Communication
6760,Sales
6760,Problem Solving
6761,Sales Management
6761,Sales
6762,Accounting
6764,Negotiation
6764,Digital Marketing
6765,MS-Excel
6765,English Proficiency (Spoken)
6765,Presentation skills
6765,Effective Communication
6765,Sales
6766,Effective Communication
6767,MS-Office
6767,MS-Excel
6767,English Proficiency (Spoken)
6767,English Proficiency (Written)
6768,Sales
6769,MS-Excel
6769,English Proficiency (Spoken)
6769,English Proficiency (Written)
6769,Effective Communication
6769,Sales
6770,English Proficiency (Spoken)
6770,English Proficiency (Written)
6770,Interpersonal skills
6771,English Proficiency (Spoken)
6771,English Proficiency (Written)
6771,Effective Communication
6772,Effective Communication
6772,Problem Solving
6774,MS-Office
6774,MS-Excel
6774,English Proficiency (Spoken)
6774,English Proficiency (Written)
6775,Sales
6776,MS-Excel
6776,MS-PowerPoint
6777,Sales
6780,English Proficiency (Spoken)
6780,English Proficiency (Written)
6782,Lead Generation
6782,Sales
6783,Effective Communication
6783,Sales
6784,MS-Excel
6784,Data entry
6784,Data Analytics
6787,MS-Excel
6787,English Proficiency (Spoken)
6788,MS-Excel
6788,English Proficiency (Written)
6789,English Proficiency (Spoken)
6789,English Proficiency (Written)
6791,Effective Communication
6792,Sales
6793,MS-Office
6793,MS-Excel
6793,English Proficiency (Spoken)
6794,MS-Office
6795,Negotiation
6795,Sales Management
6795,Sales
6796,Effective Communication
6797,English Proficiency (Spoken)
6797,Effective Communication
6798,English Proficiency (Spoken)
6798,English Proficiency (Written)
6799,MS-Excel
6799,English Proficiency (Written)
6800,English Proficiency (Written)
6801,MS-Office
6801,MS-Excel
6801,Data entry
6801,English Proficiency (Spoken)
6801,English Proficiency (Written)
6802,Negotiation
6802,Digital Marketing
6802,Market research
6802,Marketing Strategies
6803,MS-Excel
6803,English Proficiency (Spoken)
6803,English Proficiency (Written)
6803,Presentation skills
6803,Kannada Proficiency (Spoken)
6803,Interpersonal skills
6803,Effective Communication
6804,Legal Research
6804,Company Law
6804,Legal Drafting
6804,Statutory compliances
6804,Legal Writing
6804,Contract Management
6805,MS-Office
6805,MS-Excel
6805,English Proficiency (Spoken)
6805,English Proficiency (Written)
6805,Accounting
6805,Tally
6806,MS-Office
6806,MS-Excel
6806,Effective Communication
6806,MS-PowerPoint
6807,Effective Communication
6807,Leadership
6807,Team Management
6807,E-commerce
6807,Data Analytics
6807,Mentorship
6807,B2B Sales
6807,Sales
6808,English Proficiency (Spoken)
6808,Lead Generation
6808,Sales Management
6808,Sales
6809,English Proficiency (Spoken)
6809,Negotiation
6809,Effective Communication
6809,Sales
6809,Problem Solving
6810,English Proficiency (Spoken)
6810,Negotiation
6810,Effective Communication
6810,Sales
6810,Problem Solving
6811,Sales Management
6811,Sales
6812,Accounting
6814,Negotiation
6814,Digital Marketing
6815,MS-Excel
6815,English Proficiency (Spoken)
6815,Presentation skills
6815,Effective Communication
6815,Sales
6816,Effective Communication
6817,MS-Office
6817,MS-Excel
6817,English Proficiency (Spoken)
6817,English Proficiency (Written)
6818,Sales
6819,MS-Excel
6819,English Proficiency (Spoken)
6819,English Proficiency (Written)
6819,Effective Communication
6819,Sales
6820,English Proficiency (Spoken)
6820,English Proficiency (Written)
6820,Interpersonal skills
6821,English Proficiency (Spoken)
6821,English Proficiency (Written)
6821,Effective Communication
6822,Effective Communication
6822,Problem Solving
6824,MS-Office
6824,MS-Excel
6824,English Proficiency (Spoken)
6824,English Proficiency (Written)
6825,Sales
6826,MS-Excel
6826,MS-PowerPoint
6827,Sales
6830,English Proficiency (Spoken)
6830,English Proficiency (Written)
6832,Lead Generation
6832,Sales
6833,Effective Communication
6833,Sales
6834,MS-Excel
6834,Data entry
6834,Data Analytics
6837,MS-Excel
6837,English Proficiency (Spoken)
6838,MS-Excel
6838,English Proficiency (Written)
6839,English Proficiency (Spoken)
6839,English Proficiency (Written)
6841,Effective Communication
6842,Sales
6843,MS-Office
6843,MS-Excel
6843,English Proficiency (Spoken)
6844,MS-Office
6845,Negotiation
6845,Sales Management
6845,Sales
6846,Effective Communication
6847,English Proficiency (Spoken)
6847,Effective Communication
6848,English Proficiency (Spoken)
6848,English Proficiency (Written)
6849,MS-Excel
6849,English Proficiency (Written)
6850,English Proficiency (Written)
6851,MS-Office
6851,MS-Excel
6851,Data entry
6851,English Proficiency (Spoken)
6851,English Proficiency (Written)
6852,Negotiation
6852,Digital Marketing
6852,Market research
6852,Marketing Strategies
6853,MS-Excel
6853,English Proficiency (Spoken)
6853,English Proficiency (Written)
6853,Presentation skills
6853,Kannada Proficiency (Spoken)
6853,Interpersonal skills
6853,Effective Communication
6854,Legal Research
6854,Company Law
6854,Legal Drafting
6854,Statutory compliances
6854,Legal Writing
6854,Contract Management
6855,MS-Office
6855,MS-Excel
6855,English Proficiency (Spoken)
6855,English Proficiency (Written)
6855,Accounting
6855,Tally
6856,MS-Office
6856,MS-Excel
6856,Effective Communication
6856,MS-PowerPoint
6857,Effective Communication
6857,Leadership
6857,Team Management
6857,E-commerce
6857,Data Analytics
6857,Mentorship
6857,B2B Sales
6857,Sales
6858,English Proficiency (Spoken)
6858,Lead Generation
6858,Sales Management
6858,Sales
6859,English Proficiency (Spoken)
6859,Negotiation
6859,Effective Communication
6859,Sales
6859,Problem Solving
6860,English Proficiency (Spoken)
6860,Negotiation
6860,Effective Communication
6860,Sales
6860,Problem Solving
6861,Sales Management
6861,Sales
6862,Accounting
6864,Negotiation
6864,Digital Marketing
6865,MS-Excel
6865,English Proficiency (Spoken)
6865,Presentation skills
6865,Effective Communication
6865,Sales
6866,Effective Communication
6867,MS-Office
6867,MS-Excel
6867,English Proficiency (Spoken)
6867,English Proficiency (Written)
6868,Sales
6869,MS-Excel
6869,English Proficiency (Spoken)
6869,English Proficiency (Written)
6869,Effective Communication
6869,Sales
6870,English Proficiency (Spoken)
6870,English Proficiency (Written)
6870,Interpersonal skills
6871,English Proficiency (Spoken)
6871,English Proficiency (Written)
6871,Effective Communication
6872,Effective Communication
6872,Problem Solving
6874,MS-Office
6874,MS-Excel
6874,English Proficiency (Spoken)
6874,English Proficiency (Written)
6875,Sales
6876,MS-Excel
6876,MS-PowerPoint
6877,Sales
6880,English Proficiency (Spoken)
6880,English Proficiency (Written)
6882,Lead Generation
6882,Sales
6883,Effective Communication
6883,Sales
6884,MS-Excel
6884,Data entry
6884,Data Analytics
6887,MS-Excel
6887,English Proficiency (Spoken)
6888,MS-Excel
6888,English Proficiency (Written)
6889,English Proficiency (Spoken)
6889,English Proficiency (Written)
6891,Effective Communication
6892,Sales
6893,MS-Office
6893,MS-Excel
6893,English Proficiency (Spoken)
6894,MS-Office
6895,Negotiation
6895,Sales Management
6895,Sales
6896,Effective Communication
6897,English Proficiency (Spoken)
6897,Effective Communication
6898,English Proficiency (Spoken)
6898,English Proficiency (Written)
6899,MS-Excel
6899,English Proficiency (Written)
6900,English Proficiency (Written)
6901,MS-Office
6901,MS-Excel
6901,Data entry
6901,English Proficiency (Spoken)
6901,English Proficiency (Written)
6902,Negotiation
6902,Digital Marketing
6902,Market research
6902,Marketing Strategies
6903,MS-Excel
6903,English Proficiency (Spoken)
6903,English Proficiency (Written)
6903,Presentation skills
6903,Kannada Proficiency (Spoken)
6903,Interpersonal skills
6903,Effective Communication
6904,Legal Research
6904,Company Law
6904,Legal Drafting
6904,Statutory compliances
6904,Legal Writing
6904,Contract Management
6905,MS-Office
6905,MS-Excel
6905,English Proficiency (Spoken)
6905,English Proficiency (Written)
6905,Accounting
6905,Tally
6906,MS-Office
6906,MS-Excel
6906,Effective Communication
6906,MS-PowerPoint
6907,Effective Communication
6907,Leadership
6907,Team Management
6907,E-commerce
6907,Data Analytics
6907,Mentorship
6907,B2B Sales
6907,Sales
6908,English Proficiency (Spoken)
6908,Lead Generation
6908,Sales Management
6908,Sales
6909,English Proficiency (Spoken)
6909,Negotiation
6909,Effective Communication
6909,Sales
6909,Problem Solving
6910,English Proficiency (Spoken)
6910,Negotiation
6910,Effective Communication
6910,Sales
6910,Problem Solving
6911,Sales Management
6911,Sales
6912,Accounting
6914,Negotiation
6914,Digital Marketing
6915,MS-Excel
6915,English Proficiency (Spoken)
6915,Presentation skills
6915,Effective Communication
6915,Sales
6916,Effective Communication
6917,MS-Office
6917,MS-Excel
6917,English Proficiency (Spoken)
6917,English Proficiency (Written)
6918,Sales
6919,MS-Excel
6919,English Proficiency (Spoken)
6919,English Proficiency (Written)
6919,Effective Communication
6919,Sales
6920,English Proficiency (Spoken)
6920,English Proficiency (Written)
6920,Interpersonal skills
6921,English Proficiency (Spoken)
6921,English Proficiency (Written)
6921,Effective Communication
6922,Effective Communication
6922,Problem Solving
6924,MS-Office
6924,MS-Excel
6924,English Proficiency (Spoken)
6924,English Proficiency (Written)
6925,Sales
6926,MS-Excel
6926,MS-PowerPoint
6927,Sales
6930,English Proficiency (Spoken)
6930,English Proficiency (Written)
6932,Lead Generation
6932,Sales
6933,Effective Communication
6933,Sales
6934,MS-Excel
6934,Data entry
6934,Data Analytics
6937,MS-Excel
6937,English Proficiency (Spoken)
6938,MS-Excel
6938,English Proficiency (Written)
6939,English Proficiency (Spoken)
6939,English Proficiency (Written)
6941,Effective Communication
6942,Sales
6943,MS-Office
6943,MS-Excel
6943,English Proficiency (Spoken)
6944,MS-Office
6945,Negotiation
6945,Sales Management
6945,Sales
6946,Effective Communication
6947,English Proficiency (Spoken)
6947,Effective Communication
6948,English Proficiency (Spoken)
6948,English Proficiency (Written)
6949,MS-Excel
6949,English Proficiency (Written)
6950,English Proficiency (Written)
6951,MS-Office
6951,MS-Excel
6951,Data entry
6951,English Proficiency (Spoken)
6951,English Proficiency (Written)
6952,Negotiation
6952,Digital Marketing
6952,Market research
6952,Marketing Strategies
6953,MS-Excel
6953,English Proficiency (Spoken)
6953,English Proficiency (Written)
6953,Presentation skills
6953,Kannada Proficiency (Spoken)
6953,Interpersonal skills
6953,Effective Communication
6954,Legal Research
6954,Company Law
6954,Legal Drafting
6954,Statutory compliances
6954,Legal Writing
6954,Contract Management
6955,MS-Office
6955,MS-Excel
6955,English Proficiency (Spoken)
6955,English Proficiency (Written)
6955,Accounting
6955,Tally
6956,MS-Office
6956,MS-Excel
6956,Effective Communication
6956,MS-PowerPoint
6957,Effective Communication
6957,Leadership
6957,Team Management
6957,E-commerce
6957,Data Analytics
6957,Mentorship
6957,B2B Sales
6957,Sales
6958,English Proficiency (Spoken)
6958,Lead Generation
6958,Sales Management
6958,Sales
6959,English Proficiency (Spoken)
6959,Negotiation
6959,Effective Communication
6959,Sales
6959,Problem Solving
6960,English Proficiency (Spoken)
6960,Negotiation
6960,Effective Communication
6960,Sales
6960,Problem Solving
6961,Sales Management
6961,Sales
6962,Accounting
6964,Negotiation
6964,Digital Marketing
6965,MS-Excel
6965,English Proficiency (Spoken)
6965,Presentation skills
6965,Effective Communication
6965,Sales
6966,Effective Communication
6967,MS-Office
6967,MS-Excel
6967,English Proficiency (Spoken)
6967,English Proficiency (Written)
6968,Sales
6969,MS-Excel
6969,English Proficiency (Spoken)
6969,English Proficiency (Written)
6969,Effective Communication
6969,Sales
6970,English Proficiency (Spoken)
6970,English Proficiency (Written)
6970,Interpersonal skills
6971,English Proficiency (Spoken)
6971,English Proficiency (Written)
6971,Effective Communication
6972,Effective Communication
6972,Problem Solving
6974,MS-Office
6974,MS-Excel
6974,English Proficiency (Spoken)
6974,English Proficiency (Written)
6975,Sales
6976,MS-Excel
6976,MS-PowerPoint
6977,Sales
6980,English Proficiency (Spoken)
6980,English Proficiency (Written)
6982,Lead Generation
6982,Sales
6983,Effective Communication
6983,Sales
6984,MS-Excel
6984,Data entry
6984,Data Analytics
6987,MS-Excel
6987,English Proficiency (Spoken)
6988,MS-Excel
6988,English Proficiency (Written)
6989,English Proficiency (Spoken)
6989,English Proficiency (Written)
6991,Effective Communication
6992,Sales
6993,MS-Office
6993,MS-Excel
6993,English Proficiency (Spoken)
6994,MS-Office
6995,Negotiation
6995,Sales Management
6995,Sales
6996,Effective Communication
6997,English Proficiency (Spoken)
6997,Effective Communication
6998,English Proficiency (Spoken)
6998,English Proficiency (Written)
6999,MS-Excel
6999,English Proficiency (Written)
7000,English Proficiency (Written)
7001,MS-Office
7001,MS-Excel
7001,Data entry
7001,English Proficiency (Spoken)
7001,English Proficiency (Written)
7002,Negotiation
7002,Digital Marketing
7002,Market research
7002,Marketing Strategies
7003,MS-Excel
7003,English Proficiency (Spoken)
7003,English Proficiency (Written)
7003,Presentation skills
7003,Kannada Proficiency (Spoken)
7003,Interpersonal skills
7003,Effective Communication
7004,Legal Research
7004,Company Law
7004,Legal Drafting
7004,Statutory compliances
7004,Legal Writing
7004,Contract Management
7005,MS-Office
7005,MS-Excel
7005,English Proficiency (Spoken)
7005,English Proficiency (Written)
7005,Accounting
7005,Tally
7006,MS-Office
7006,MS-Excel
7006,Effective Communication
7006,MS-PowerPoint
7007,Effective Communication
7007,Leadership
7007,Team Management
7007,E-commerce
7007,Data Analytics
7007,Mentorship
7007,B2B Sales
7007,Sales
7008,English Proficiency (Spoken)
7008,Lead Generation
7008,Sales Management
7008,Sales
7009,English Proficiency (Spoken)
7009,Negotiation
7009,Effective Communication
7009,Sales
7009,Problem Solving
7010,English Proficiency (Spoken)
7010,Negotiation
7010,Effective Communication
7010,Sales
7010,Problem Solving
7011,Sales Management
7011,Sales
7012,Accounting
7014,Negotiation
7014,Digital Marketing
7015,MS-Excel
7015,English Proficiency (Spoken)
7015,Presentation skills
7015,Effective Communication
7015,Sales
7016,Effective Communication
7017,MS-Office
7017,MS-Excel
7017,English Proficiency (Spoken)
7017,English Proficiency (Written)
7018,Sales
7019,MS-Excel
7019,English Proficiency (Spoken)
7019,English Proficiency (Written)
7019,Effective Communication
7019,Sales
7020,English Proficiency (Spoken)
7020,English Proficiency (Written)
7020,Interpersonal skills
7021,English Proficiency (Spoken)
7021,English Proficiency (Written)
7021,Effective Communication
7022,Effective Communication
7022,Problem Solving
7024,MS-Office
7024,MS-Excel
7024,English Proficiency (Spoken)
7024,English Proficiency (Written)
7025,Sales
7026,MS-Excel
7026,MS-PowerPoint
7027,Sales
7030,English Proficiency (Spoken)
7030,English Proficiency (Written)
7032,Lead Generation
7032,Sales
7033,Effective Communication
7033,Sales
7034,MS-Excel
7034,Data entry
7034,Data Analytics
7037,MS-Excel
7037,English Proficiency (Spoken)
7038,MS-Excel
7038,English Proficiency (Written)
7039,English Proficiency (Spoken)
7039,English Proficiency (Written)
7041,Effective Communication
7042,Sales
7043,MS-Office
7043,MS-Excel
7043,English Proficiency (Spoken)
7044,MS-Office
7045,Negotiation
7045,Sales Management
7045,Sales
7046,Effective Communication
7047,English Proficiency (Spoken)
7047,Effective Communication
7048,English Proficiency (Spoken)
7048,English Proficiency (Written)
7049,MS-Excel
7049,English Proficiency (Written)
7050,English Proficiency (Written)
7051,MS-Office
7051,MS-Excel
7051,Data entry
7051,English Proficiency (Spoken)
7051,English Proficiency (Written)
7052,Negotiation
7052,Digital Marketing
7052,Market research
7052,Marketing Strategies
7053,MS-Excel
7053,English Proficiency (Spoken)
7053,English Proficiency (Written)
7053,Presentation skills
7053,Kannada Proficiency (Spoken)
7053,Interpersonal skills
7053,Effective Communication
7054,Legal Research
7054,Company Law
7054,Legal Drafting
7054,Statutory compliances
7054,Legal Writing
7054,Contract Management
7055,MS-Office
7055,MS-Excel
7055,English Proficiency (Spoken)
7055,English Proficiency (Written)
7055,Accounting
7055,Tally
7056,MS-Office
7056,MS-Excel
7056,Effective Communication
7056,MS-PowerPoint
7057,Effective Communication
7057,Leadership
7057,Team Management
7057,E-commerce
7057,Data Analytics
7057,Mentorship
7057,B2B Sales
7057,Sales
7058,English Proficiency (Spoken)
7058,Lead Generation
7058,Sales Management
7058,Sales
7059,English Proficiency (Spoken)
7059,Negotiation
7059,Effective Communication
7059,Sales
7059,Problem Solving
7060,English Proficiency (Spoken)
7060,Negotiation
7060,Effective Communication
7060,Sales
7060,Problem Solving
7061,Sales Management
7061,Sales
7062,Accounting
7064,Negotiation
7064,Digital Marketing
7065,MS-Excel
7065,English Proficiency (Spoken)
7065,Presentation skills
7065,Effective Communication
7065,Sales
7066,Effective Communication
7067,MS-Office
7067,MS-Excel
7067,English Proficiency (Spoken)
7067,English Proficiency (Written)
7068,Sales
7069,MS-Excel
7069,English Proficiency (Spoken)
7069,English Proficiency (Written)
7069,Effective Communication
7069,Sales
7070,English Proficiency (Spoken)
7070,English Proficiency (Written)
7070,Interpersonal skills
7071,English Proficiency (Spoken)
7071,English Proficiency (Written)
7071,Effective Communication
7072,Effective Communication
7072,Problem Solving
7074,MS-Office
7074,MS-Excel
7074,English Proficiency (Spoken)
7074,English Proficiency (Written)
7075,Sales
7076,MS-Excel
7076,MS-PowerPoint
7077,Sales
7080,English Proficiency (Spoken)
7080,English Proficiency (Written)
7082,Lead Generation
7082,Sales
7083,Effective Communication
7083,Sales
7084,MS-Excel
7084,Data entry
7084,Data Analytics
7087,MS-Excel
7087,English Proficiency (Spoken)
7088,MS-Excel
7088,English Proficiency (Written)
7089,English Proficiency (Spoken)
7089,English Proficiency (Written)
7091,Effective Communication
7092,Sales
7093,MS-Office
7093,MS-Excel
7093,English Proficiency (Spoken)
7094,MS-Office
7095,Negotiation
7095,Sales Management
7095,Sales
7096,Effective Communication
7097,English Proficiency (Spoken)
7097,Effective Communication
7098,English Proficiency (Spoken)
7098,English Proficiency (Written)
7099,MS-Excel
7099,English Proficiency (Written)
7100,English Proficiency (Written)
7101,MS-Office
7101,MS-Excel
7101,Data entry
7101,English Proficiency (Spoken)
7101,English Proficiency (Written)
7102,Negotiation
7102,Digital Marketing
7102,Market research
7102,Marketing Strategies
7103,MS-Excel
7103,English Proficiency (Spoken)
7103,English Proficiency (Written)
7103,Presentation skills
7103,Kannada Proficiency (Spoken)
7103,Interpersonal skills
7103,Effective Communication
7104,Legal Research
7104,Company Law
7104,Legal Drafting
7104,Statutory compliances
7104,Legal Writing
7104,Contract Management
7105,MS-Office
7105,MS-Excel
7105,English Proficiency (Spoken)
7105,English Proficiency (Written)
7105,Accounting
7105,Tally
7106,MS-Office
7106,MS-Excel
7106,Effective Communication
7106,MS-PowerPoint
7107,Effective Communication
7107,Leadership
7107,Team Management
7107,E-commerce
7107,Data Analytics
7107,Mentorship
7107,B2B Sales
7107,Sales
7108,English Proficiency (Spoken)
7108,Lead Generation
7108,Sales Management
7108,Sales
7109,English Proficiency (Spoken)
7109,Negotiation
7109,Effective Communication
7109,Sales
7109,Problem Solving
7110,English Proficiency (Spoken)
7110,Negotiation
7110,Effective Communication
7110,Sales
7110,Problem Solving
7111,Sales Management
7111,Sales
7112,Accounting
7114,Negotiation
7114,Digital Marketing
7115,MS-Excel
7115,English Proficiency (Spoken)
7115,Presentation skills
7115,Effective Communication
7115,Sales
7116,Effective Communication
7117,MS-Office
7117,MS-Excel
7117,English Proficiency (Spoken)
7117,English Proficiency (Written)
7118,Sales
7119,MS-Excel
7119,English Proficiency (Spoken)
7119,English Proficiency (Written)
7119,Effective Communication
7119,Sales
7120,English Proficiency (Spoken)
7120,English Proficiency (Written)
7120,Interpersonal skills
7121,English Proficiency (Spoken)
7121,English Proficiency (Written)
7121,Effective Communication
7122,Effective Communication
7122,Problem Solving
7124,MS-Office
7124,MS-Excel
7124,English Proficiency (Spoken)
7124,English Proficiency (Written)
7125,Sales
7126,MS-Excel
7126,MS-PowerPoint
7127,Sales
7130,English Proficiency (Spoken)
7130,English Proficiency (Written)
7132,Lead Generation
7132,Sales
7133,Effective Communication
7133,Sales
7134,MS-Excel
7134,Data entry
7134,Data Analytics
7137,MS-Excel
7137,English Proficiency (Spoken)
7138,MS-Excel
7138,English Proficiency (Written)
7139,English Proficiency (Spoken)
7139,English Proficiency (Written)
7141,Effective Communication
7142,Sales
7143,MS-Office
7143,MS-Excel
7143,English Proficiency (Spoken)
7144,MS-Office
7145,Negotiation
7145,Sales Management
7145,Sales
7146,Effective Communication
7147,English Proficiency (Spoken)
7147,Effective Communication
7148,English Proficiency (Spoken)
7148,English Proficiency (Written)
7149,MS-Excel
7149,English Proficiency (Written)
7150,English Proficiency (Written)
7151,MS-Office
7151,MS-Excel
7151,Data entry
7151,English Proficiency (Spoken)
7151,English Proficiency (Written)
7152,Negotiation
7152,Digital Marketing
7152,Market research
7152,Marketing Strategies
7153,MS-Excel
7153,English Proficiency (Spoken)
7153,English Proficiency (Written)
7153,Presentation skills
7153,Kannada Proficiency (Spoken)
7153,Interpersonal skills
7153,Effective Communication
7154,Legal Research
7154,Company Law
7154,Legal Drafting
7154,Statutory compliances
7154,Legal Writing
7154,Contract Management
7155,MS-Office
7155,MS-Excel
7155,English Proficiency (Spoken)
7155,English Proficiency (Written)
7155,Accounting
7155,Tally
7156,MS-Office
7156,MS-Excel
7156,Effective Communication
7156,MS-PowerPoint
7157,Effective Communication
7157,Leadership
7157,Team Management
7157,E-commerce
7157,Data Analytics
7157,Mentorship
7157,B2B Sales
7157,Sales
7158,English Proficiency (Spoken)
7158,Lead Generation
7158,Sales Management
7158,Sales
7159,English Proficiency (Spoken)
7159,Negotiation
7159,Effective Communication
7159,Sales
7159,Problem Solving
7160,English Proficiency (Spoken)
7160,Negotiation
7160,Effective Communication
7160,Sales
7160,Problem Solving
7161,Sales Management
7161,Sales
7162,Accounting
7164,Negotiation
7164,Digital Marketing
7165,MS-Excel
7165,English Proficiency (Spoken)
7165,Presentation skills
7165,Effective Communication
7165,Sales
7166,Effective Communication
7167,MS-Office
7167,MS-Excel
7167,English Proficiency (Spoken)
7167,English Proficiency (Written)
7168,Sales
7169,MS-Excel
7169,English Proficiency (Spoken)
7169,English Proficiency (Written)
7169,Effective Communication
7169,Sales
7170,English Proficiency (Spoken)
7170,English Proficiency (Written)
7170,Interpersonal skills
7171,English Proficiency (Spoken)
7171,English Proficiency (Written)
7171,Effective Communication
7172,Effective Communication
7172,Problem Solving
7174,MS-Office
7174,MS-Excel
7174,English Proficiency (Spoken)
7174,English Proficiency (Written)
7175,Sales
7176,MS-Excel
7176,MS-PowerPoint
7177,Sales
7180,English Proficiency (Spoken)
7180,English Proficiency (Written)
7182,Lead Generation
7182,Sales
7183,Effective Communication
7183,Sales
7184,MS-Excel
7184,Data entry
7184,Data Analytics
7187,MS-Excel
7187,English Proficiency (Spoken)
7188,MS-Excel
7188,English Proficiency (Written)
7189,English Proficiency (Spoken)
7189,English Proficiency (Written)
7191,Effective Communication
7192,Sales
7193,MS-Office
7193,MS-Excel
7193,English Proficiency (Spoken)
7194,MS-Office
7195,Negotiation
7195,Sales Management
7195,Sales
7196,Effective Communication
7197,English Proficiency (Spoken)
7197,Effective Communication
7198,English Proficiency (Spoken)
7198,English Proficiency (Written)
7199,MS-Excel
7199,English Proficiency (Written)
7200,English Proficiency (Written)
7201,MS-Office
7201,MS-Excel
7201,Data entry
7201,English Proficiency (Spoken)
7201,English Proficiency (Written)
7202,Negotiation
7202,Digital Marketing
7202,Market research
7202,Marketing Strategies
7203,MS-Excel
7203,English Proficiency (Spoken)
7203,English Proficiency (Written)
7203,Presentation skills
7203,Kannada Proficiency (Spoken)
7203,Interpersonal skills
7203,Effective Communication
7204,Legal Research
7204,Company Law
7204,Legal Drafting
7204,Statutory compliances
7204,Legal Writing
7204,Contract Management
7205,MS-Office
7205,MS-Excel
7205,English Proficiency (Spoken)
7205,English Proficiency (Written)
7205,Accounting
7205,Tally
7206,MS-Office
7206,MS-Excel
7206,Effective Communication
7206,MS-PowerPoint
7207,Effective Communication
7207,Leadership
7207,Team Management
7207,E-commerce
7207,Data Analytics
7207,Mentorship
7207,B2B Sales
7207,Sales
7208,English Proficiency (Spoken)
7208,Lead Generation
7208,Sales Management
7208,Sales
7209,English Proficiency (Spoken)
7209,Negotiation
7209,Effective Communication
7209,Sales
7209,Problem Solving
7210,English Proficiency (Spoken)
7210,Negotiation
7210,Effective Communication
7210,Sales
7210,Problem Solving
7211,Sales Management
7211,Sales
7212,Accounting
7214,Negotiation
7214,Digital Marketing
7215,MS-Excel
7215,English Proficiency (Spoken)
7215,Presentation skills
7215,Effective Communication
7215,Sales
7216,Effective Communication
7217,MS-Office
7217,MS-Excel
7217,English Proficiency (Spoken)
7217,English Proficiency (Written)
7218,Sales
7219,MS-Excel
7219,English Proficiency (Spoken)
7219,English Proficiency (Written)
7219,Effective Communication
7219,Sales
7220,English Proficiency (Spoken)
7220,English Proficiency (Written)
7220,Interpersonal skills
7221,English Proficiency (Spoken)
7221,English Proficiency (Written)
7221,Effective Communication
7222,Effective Communication
7222,Problem Solving
7224,MS-Office
7224,MS-Excel
7224,English Proficiency (Spoken)
7224,English Proficiency (Written)
7225,Sales
7226,MS-Excel
7226,MS-PowerPoint
7227,Sales
7230,English Proficiency (Spoken)
7230,English Proficiency (Written)
7232,Lead Generation
7232,Sales
7233,Effective Communication
7233,Sales
7234,MS-Excel
7234,Data entry
7234,Data Analytics
7237,MS-Excel
7237,English Proficiency (Spoken)
7238,MS-Excel
7238,English Proficiency (Written)
7239,English Proficiency (Spoken)
7239,English Proficiency (Written)
7241,Effective Communication
7242,Sales
7243,MS-Office
7243,MS-Excel
7243,English Proficiency (Spoken)
7244,MS-Office
7245,Negotiation
7245,Sales Management
7245,Sales
7246,Effective Communication
7247,English Proficiency (Spoken)
7247,Effective Communication
7248,English Proficiency (Spoken)
7248,English Proficiency (Written)
7249,MS-Excel
7249,English Proficiency (Written)
7250,English Proficiency (Written)
7251,MS-Office
7251,MS-Excel
7251,Data entry
7251,English Proficiency (Spoken)
7251,English Proficiency (Written)
7252,Negotiation
7252,Digital Marketing
7252,Market research
7252,Marketing Strategies
7253,MS-Excel
7253,English Proficiency (Spoken)
7253,English Proficiency (Written)
7253,Presentation skills
7253,Kannada Proficiency (Spoken)
7253,Interpersonal skills
7253,Effective Communication
7254,Legal Research
7254,Company Law
7254,Legal Drafting
7254,Statutory compliances
7254,Legal Writing
7254,Contract Management
7255,MS-Office
7255,MS-Excel
7255,English Proficiency (Spoken)
7255,English Proficiency (Written)
7255,Accounting
7255,Tally
7256,MS-Office
7256,MS-Excel
7256,Effective Communication
7256,MS-PowerPoint
7257,Effective Communication
7257,Leadership
7257,Team Management
7257,E-commerce
7257,Data Analytics
7257,Mentorship
7257,B2B Sales
7257,Sales
7258,English Proficiency (Spoken)
7258,Lead Generation
7258,Sales Management
7258,Sales
7259,English Proficiency (Spoken)
7259,Negotiation
7259,Effective Communication
7259,Sales
7259,Problem Solving
7260,English Proficiency (Spoken)
7260,Negotiation
7260,Effective Communication
7260,Sales
7260,Problem Solving
7261,Sales Management
7261,Sales
7262,Accounting
7264,Negotiation
7264,Digital Marketing
7265,MS-Excel
7265,English Proficiency (Spoken)
7265,Presentation skills
7265,Effective Communication
7265,Sales
7266,Effective Communication
7267,MS-Office
7267,MS-Excel
7267,English Proficiency (Spoken)
7267,English Proficiency (Written)
7268,Sales
7269,MS-Excel
7269,English Proficiency (Spoken)
7269,English Proficiency (Written)
7269,Effective Communication
7269,Sales
7270,English Proficiency (Spoken)
7270,English Proficiency (Written)
7270,Interpersonal skills
7271,English Proficiency (Spoken)
7271,English Proficiency (Written)
7271,Effective Communication
7272,Effective Communication
7272,Problem Solving
7274,MS-Office
7274,MS-Excel
7274,English Proficiency (Spoken)
7274,English Proficiency (Written)
7275,Sales
7276,MS-Excel
7276,MS-PowerPoint
7277,Sales
7280,English Proficiency (Spoken)
7280,English Proficiency (Written)
7282,Lead Generation
7282,Sales
7283,Effective Communication
7283,Sales
7284,MS-Excel
7284,Data entry
7284,Data Analytics
7287,MS-Excel
7287,English Proficiency (Spoken)
7288,MS-Excel
7288,English Proficiency (Written)
7289,English Proficiency (Spoken)
7289,English Proficiency (Written)
7291,Effective Communication
7292,Sales
7293,MS-Office
7293,MS-Excel
7293,English Proficiency (Spoken)
7294,MS-Office
7295,Negotiation
7295,Sales Management
7295,Sales
7296,Effective Communication
7297,English Proficiency (Spoken)
7297,Effective Communication
7298,English Proficiency (Spoken)
7298,English Proficiency (Written)
7299,MS-Excel
7299,English Proficiency (Written)
7300,English Proficiency (Written)
7301,MS-Office
7301,MS-Excel
7301,Data entry
7301,English Proficiency (Spoken)
7301,English Proficiency (Written)
7302,Negotiation
7302,Digital Marketing
7302,Market research
7302,Marketing Strategies
7303,MS-Excel
7303,English Proficiency (Spoken)
7303,English Proficiency (Written)
7303,Presentation skills
7303,Kannada Proficiency (Spoken)
7303,Interpersonal skills
7303,Effective Communication
7304,Legal Research
7304,Company Law
7304,Legal Drafting
7304,Statutory compliances
7304,Legal Writing
7304,Contract Management
7305,MS-Office
7305,MS-Excel
7305,English Proficiency (Spoken)
7305,English Proficiency (Written)
7305,Accounting
7305,Tally
7306,MS-Office
7306,MS-Excel
7306,Effective Communication
7306,MS-PowerPoint
7307,Effective Communication
7307,Leadership
7307,Team Management
7307,E-commerce
7307,Data Analytics
7307,Mentorship
7307,B2B Sales
7307,Sales
7308,English Proficiency (Spoken)
7308,Lead Generation
7308,Sales Management
7308,Sales
7309,English Proficiency (Spoken)
7309,Negotiation
7309,Effective Communication
7309,Sales
7309,Problem Solving
7310,English Proficiency (Spoken)
7310,Negotiation
7310,Effective Communication
7310,Sales
7310,Problem Solving
7311,Sales Management
7311,Sales
7312,Accounting
7314,Negotiation
7314,Digital Marketing
7315,MS-Excel
7315,English Proficiency (Spoken)
7315,Presentation skills
7315,Effective Communication
7315,Sales
7316,Effective Communication
7317,MS-Office
7317,MS-Excel
7317,English Proficiency (Spoken)
7317,English Proficiency (Written)
7318,Sales
7319,MS-Excel
7319,English Proficiency (Spoken)
7319,English Proficiency (Written)
7319,Effective Communication
7319,Sales
7320,English Proficiency (Spoken)
7320,English Proficiency (Written)
7320,Interpersonal skills
7321,English Proficiency (Spoken)
7321,English Proficiency (Written)
7321,Effective Communication
7322,Effective Communication
7322,Problem Solving
7324,MS-Office
7324,MS-Excel
7324,English Proficiency (Spoken)
7324,English Proficiency (Written)
7325,Sales
7326,MS-Excel
7326,MS-PowerPoint
7327,Sales
7330,English Proficiency (Spoken)
7330,English Proficiency (Written)
7332,Lead Generation
7332,Sales
7333,Effective Communication
7333,Sales
7334,MS-Excel
7334,Data entry
7334,Data Analytics
7337,MS-Excel
7337,English Proficiency (Spoken)
7338,MS-Excel
7338,English Proficiency (Written)
7339,English Proficiency (Spoken)
7339,English Proficiency (Written)
7341,Effective Communication
7342,Sales
7343,MS-Office
7343,MS-Excel
7343,English Proficiency (Spoken)
7344,MS-Office
7345,Negotiation
7345,Sales Management
7345,Sales
7346,Effective Communication
7347,English Proficiency (Spoken)
7347,Effective Communication
7348,English Proficiency (Spoken)
7348,English Proficiency (Written)
7349,MS-Excel
7349,English Proficiency (Written)
7350,English Proficiency (Written)
7351,MS-Office
7351,MS-Excel
7351,Data entry
7351,English Proficiency (Spoken)
7351,English Proficiency (Written)
7352,Negotiation
7352,Digital Marketing
7352,Market research
7352,Marketing Strategies
7353,MS-Excel
7353,English Proficiency (Spoken)
7353,English Proficiency (Written)
7353,Presentation skills
7353,Kannada Proficiency (Spoken)
7353,Interpersonal skills
7353,Effective Communication
7354,Legal Research
7354,Company Law
7354,Legal Drafting
7354,Statutory compliances
7354,Legal Writing
7354,Contract Management
7355,MS-Office
7355,MS-Excel
7355,English Proficiency (Spoken)
7355,English Proficiency (Written)
7355,Accounting
7355,Tally
7356,MS-Office
7356,MS-Excel
7356,Effective Communication
7356,MS-PowerPoint
7357,Effective Communication
7357,Leadership
7357,Team Management
7357,E-commerce
7357,Data Analytics
7357,Mentorship
7357,B2B Sales
7357,Sales
7358,English Proficiency (Spoken)
7358,Lead Generation
7358,Sales Management
7358,Sales
7359,English Proficiency (Spoken)
7359,Negotiation
7359,Effective Communication
7359,Sales
7359,Problem Solving
7360,English Proficiency (Spoken)
7360,Negotiation
7360,Effective Communication
7360,Sales
7360,Problem Solving
7361,Sales Management
7361,Sales
7362,Accounting
7364,Negotiation
7364,Digital Marketing
7365,MS-Excel
7365,English Proficiency (Spoken)
7365,Presentation skills
7365,Effective Communication
7365,Sales
7366,Effective Communication
7367,MS-Office
7367,MS-Excel
7367,English Proficiency (Spoken)
7367,English Proficiency (Written)
7368,Sales
7369,MS-Excel
7369,English Proficiency (Spoken)
7369,English Proficiency (Written)
7369,Effective Communication
7369,Sales
7370,English Proficiency (Spoken)
7370,English Proficiency (Written)
7370,Interpersonal skills
7371,English Proficiency (Spoken)
7371,English Proficiency (Written)
7371,Effective Communication
7372,Effective Communication
7372,Problem Solving
7374,MS-Office
7374,MS-Excel
7374,English Proficiency (Spoken)
7374,English Proficiency (Written)
7375,Sales
7376,MS-Excel
7376,MS-PowerPoint
7377,Sales
7380,English Proficiency (Spoken)
7380,English Proficiency (Written)
7382,Lead Generation
7382,Sales
7383,Effective Communication
7383,Sales
7384,MS-Excel
7384,Data entry
7384,Data Analytics
7387,MS-Excel
7387,English Proficiency (Spoken)
7388,MS-Excel
7388,English Proficiency (Written)
7389,English Proficiency (Spoken)
7389,English Proficiency (Written)
7391,Effective Communication
7392,Sales
7393,MS-Office
7393,MS-Excel
7393,English Proficiency (Spoken)
7394,MS-Office
7395,Negotiation
7395,Sales Management
7395,Sales
7396,Effective Communication
7397,English Proficiency (Spoken)
7397,Effective Communication
7398,English Proficiency (Spoken)
7398,English Proficiency (Written)
7399,MS-Excel
7399,English Proficiency (Written)
7400,English Proficiency (Written)
7401,MS-Office
7401,MS-Excel
7401,Data entry
7401,English Proficiency (Spoken)
7401,English Proficiency (Written)
7402,Negotiation
7402,Digital Marketing
7402,Market research
7402,Marketing Strategies
7403,MS-Excel
7403,English Proficiency (Spoken)
7403,English Proficiency (Written)
7403,Presentation skills
7403,Kannada Proficiency (Spoken)
7403,Interpersonal skills
7403,Effective Communication
7404,Legal Research
7404,Company Law
7404,Legal Drafting
7404,Statutory compliances
7404,Legal Writing
7404,Contract Management
7405,MS-Office
7405,MS-Excel
7405,English Proficiency (Spoken)
7405,English Proficiency (Written)
7405,Accounting
7405,Tally
7406,MS-Office
7406,MS-Excel
7406,Effective Communication
7406,MS-PowerPoint
7407,Effective Communication
7407,Leadership
7407,Team Management
7407,E-commerce
7407,Data Analytics
7407,Mentorship
7407,B2B Sales
7407,Sales
7408,English Proficiency (Spoken)
7408,Lead Generation
7408,Sales Management
7408,Sales
7409,English Proficiency (Spoken)
7409,Negotiation
7409,Effective Communication
7409,Sales
7409,Problem Solving
7410,English Proficiency (Spoken)
7410,Negotiation
7410,Effective Communication
7410,Sales
7410,Problem Solving
7411,Sales Management
7411,Sales
7412,Accounting
7414,Negotiation
7414,Digital Marketing
7415,MS-Excel
7415,English Proficiency (Spoken)
7415,Presentation skills
7415,Effective Communication
7415,Sales
7416,Effective Communication
7417,MS-Office
7417,MS-Excel
7417,English Proficiency (Spoken)
7417,English Proficiency (Written)
7418,Sales
7419,MS-Excel
7419,English Proficiency (Spoken)
7419,English Proficiency (Written)
7419,Effective Communication
7419,Sales
7420,English Proficiency (Spoken)
7420,English Proficiency (Written)
7420,Interpersonal skills
7421,English Proficiency (Spoken)
7421,English Proficiency (Written)
7421,Effective Communication
7422,Effective Communication
7422,Problem Solving
7424,MS-Office
7424,MS-Excel
7424,English Proficiency (Spoken)
7424,English Proficiency (Written)
7425,Sales
7426,MS-Excel
7426,MS-PowerPoint
7427,Sales
7430,English Proficiency (Spoken)
7430,English Proficiency (Written)
7432,Lead Generation
7432,Sales
7433,Effective Communication
7433,Sales
7434,MS-Excel
7434,Data entry
7434,Data Analytics
7437,MS-Excel
7437,English Proficiency (Spoken)
7438,MS-Excel
7438,English Proficiency (Written)
7439,English Proficiency (Spoken)
7439,English Proficiency (Written)
7441,Effective Communication
7442,Sales
7443,MS-Office
7443,MS-Excel
7443,English Proficiency (Spoken)
7444,MS-Office
7445,Negotiation
7445,Sales Management
7445,Sales
7446,Effective Communication
7447,English Proficiency (Spoken)
7447,Effective Communication
7448,English Proficiency (Spoken)
7448,English Proficiency (Written)
7449,MS-Excel
7449,English Proficiency (Written)
7450,English Proficiency (Written)
7451,MS-Office
7451,MS-Excel
7451,Data entry
7451,English Proficiency (Spoken)
7451,English Proficiency (Written)
7452,Negotiation
7452,Digital Marketing
7452,Market research
7452,Marketing Strategies
7453,MS-Excel
7453,English Proficiency (Spoken)
7453,English Proficiency (Written)
7453,Presentation skills
7453,Kannada Proficiency (Spoken)
7453,Interpersonal skills
7453,Effective Communication
7454,Legal Research
7454,Company Law
7454,Legal Drafting
7454,Statutory compliances
7454,Legal Writing
7454,Contract Management
7455,MS-Office
7455,MS-Excel
7455,English Proficiency (Spoken)
7455,English Proficiency (Written)
7455,Accounting
7455,Tally
7456,MS-Office
7456,MS-Excel
7456,Effective Communication
7456,MS-PowerPoint
7457,Effective Communication
7457,Leadership
7457,Team Management
7457,E-commerce
7457,Data Analytics
7457,Mentorship
7457,B2B Sales
7457,Sales
7458,English Proficiency (Spoken)
7458,Lead Generation
7458,Sales Management
7458,Sales
7459,English Proficiency (Spoken)
7459,Negotiation
7459,Effective Communication
7459,Sales
7459,Problem Solving
7460,English Proficiency (Spoken)
7460,Negotiation
7460,Effective Communication
7460,Sales
7460,Problem Solving
7461,Sales Management
7461,Sales
7462,Accounting
7464,Negotiation
7464,Digital Marketing
7465,MS-Excel
7465,English Proficiency (Spoken)
7465,Presentation skills
7465,Effective Communication
7465,Sales
7466,Effective Communication
7467,MS-Office
7467,MS-Excel
7467,English Proficiency (Spoken)
7467,English Proficiency (Written)
7468,Sales
7469,MS-Excel
7469,English Proficiency (Spoken)
7469,English Proficiency (Written)
7469,Effective Communication
7469,Sales
7470,English Proficiency (Spoken)
7470,English Proficiency (Written)
7470,Interpersonal skills
7471,English Proficiency (Spoken)
7471,English Proficiency (Written)
7471,Effective Communication
7472,Effective Communication
7472,Problem Solving
7474,MS-Office
7474,MS-Excel
7474,English Proficiency (Spoken)
7474,English Proficiency (Written)
7475,Sales
7476,MS-Excel
7476,MS-PowerPoint
7477,Sales
7480,English Proficiency (Spoken)
7480,English Proficiency (Written)
7482,Lead Generation
7482,Sales
7483,Effective Communication
7483,Sales
7484,MS-Excel
7484,Data entry
7484,Data Analytics
7487,MS-Excel
7487,English Proficiency (Spoken)
7488,MS-Excel
7488,English Proficiency (Written)
7489,English Proficiency (Spoken)
7489,English Proficiency (Written)
7491,Effective Communication
7492,Sales
7493,MS-Office
7493,MS-Excel
7493,English Proficiency (Spoken)
7494,MS-Office
7495,Negotiation
7495,Sales Management
7495,Sales
7496,Effective Communication
7497,English Proficiency (Spoken)
7497,Effective Communication
7498,English Proficiency (Spoken)
7498,English Proficiency (Written)
7499,MS-Excel
7499,English Proficiency (Written)
7500,English Proficiency (Written)
7501,MS-Office
7501,MS-Excel
7501,Data entry
7501,English Proficiency (Spoken)
7501,English Proficiency (Written)
7502,Negotiation
7502,Digital Marketing
7502,Market research
7502,Marketing Strategies
7503,MS-Excel
7503,English Proficiency (Spoken)
7503,English Proficiency (Written)
7503,Presentation skills
7503,Kannada Proficiency (Spoken)
7503,Interpersonal skills
7503,Effective Communication
7504,Legal Research
7504,Company Law
7504,Legal Drafting
7504,Statutory compliances
7504,Legal Writing
7504,Contract Management
7505,MS-Office
7505,MS-Excel
7505,English Proficiency (Spoken)
7505,English Proficiency (Written)
7505,Accounting
7505,Tally
7506,MS-Office
7506,MS-Excel
7506,Effective Communication
7506,MS-PowerPoint
7507,Effective Communication
7507,Leadership
7507,Team Management
7507,E-commerce
7507,Data Analytics
7507,Mentorship
7507,B2B Sales
7507,Sales
7508,English Proficiency (Spoken)
7508,Lead Generation
7508,Sales Management
7508,Sales
7509,English Proficiency (Spoken)
7509,Negotiation
7509,Effective Communication
7509,Sales
7509,Problem Solving
7510,English Proficiency (Spoken)
7510,Negotiation
7510,Effective Communication
7510,Sales
7510,Problem Solving
7511,Sales Management
7511,Sales
7512,Accounting
7514,Negotiation
7514,Digital Marketing
7515,MS-Excel
7515,English Proficiency (Spoken)
7515,Presentation skills
7515,Effective Communication
7515,Sales
7516,Effective Communication
7517,MS-Office
7517,MS-Excel
7517,English Proficiency (Spoken)
7517,English Proficiency (Written)
7518,Sales
7519,MS-Excel
7519,English Proficiency (Spoken)
7519,English Proficiency (Written)
7519,Effective Communication
7519,Sales
7520,English Proficiency (Spoken)
7520,English Proficiency (Written)
7520,Interpersonal skills
7521,English Proficiency (Spoken)
7521,English Proficiency (Written)
7521,Effective Communication
7522,Effective Communication
7522,Problem Solving
7524,MS-Office
7524,MS-Excel
7524,English Proficiency (Spoken)
7524,English Proficiency (Written)
7525,Sales
7526,MS-Excel
7526,MS-PowerPoint
7527,Sales
7530,English Proficiency (Spoken)
7530,English Proficiency (Written)
7532,Lead Generation
7532,Sales
7533,Effective Communication
7533,Sales
7534,MS-Excel
7534,Data entry
7534,Data Analytics
7537,MS-Excel
7537,English Proficiency (Spoken)
7538,MS-Excel
7538,English Proficiency (Written)
7539,English Proficiency (Spoken)
7539,English Proficiency (Written)
7541,Effective Communication
7542,Sales
7543,MS-Office
7543,MS-Excel
7543,English Proficiency (Spoken)
7544,MS-Office
7545,Negotiation
7545,Sales Management
7545,Sales
7546,Effective Communication
7547,English Proficiency (Spoken)
7547,Effective Communication
7548,English Proficiency (Spoken)
7548,English Proficiency (Written)
7549,MS-Excel
7549,English Proficiency (Written)
7550,English Proficiency (Written)
7551,MS-Office
7551,MS-Excel
7551,Data entry
7551,English Proficiency (Spoken)
7551,English Proficiency (Written)
7552,Negotiation
7552,Digital Marketing
7552,Market research
7552,Marketing Strategies
7553,MS-Excel
7553,English Proficiency (Spoken)
7553,English Proficiency (Written)
7553,Presentation skills
7553,Kannada Proficiency (Spoken)
7553,Interpersonal skills
7553,Effective Communication
7554,Legal Research
7554,Company Law
7554,Legal Drafting
7554,Statutory compliances
7554,Legal Writing
7554,Contract Management
7555,MS-Office
7555,MS-Excel
7555,English Proficiency (Spoken)
7555,English Proficiency (Written)
7555,Accounting
7555,Tally
7556,MS-Office
7556,MS-Excel
7556,Effective Communication
7556,MS-PowerPoint
7557,Effective Communication
7557,Leadership
7557,Team Management
7557,E-commerce
7557,Data Analytics
7557,Mentorship
7557,B2B Sales
7557,Sales
7558,English Proficiency (Spoken)
7558,Lead Generation
7558,Sales Management
7558,Sales
7559,English Proficiency (Spoken)
7559,Negotiation
7559,Effective Communication
7559,Sales
7559,Problem Solving
7560,English Proficiency (Spoken)
7560,Negotiation
7560,Effective Communication
7560,Sales
7560,Problem Solving
7561,Sales Management
7561,Sales
7562,Accounting
7564,Negotiation
7564,Digital Marketing
7565,MS-Excel
7565,English Proficiency (Spoken)
7565,Presentation skills
7565,Effective Communication
7565,Sales
7566,Effective Communication
7567,MS-Office
7567,MS-Excel
7567,English Proficiency (Spoken)
7567,English Proficiency (Written)
7568,Sales
7569,MS-Excel
7569,English Proficiency (Spoken)
7569,English Proficiency (Written)
7569,Effective Communication
7569,Sales
7570,English Proficiency (Spoken)
7570,English Proficiency (Written)
7570,Interpersonal skills
7571,English Proficiency (Spoken)
7571,English Proficiency (Written)
7571,Effective Communication
7572,Effective Communication
7572,Problem Solving
7574,MS-Office
7574,MS-Excel
7574,English Proficiency (Spoken)
7574,English Proficiency (Written)
7575,Sales
7576,MS-Excel
7576,MS-PowerPoint
7577,Sales
7580,English Proficiency (Spoken)
7580,English Proficiency (Written)
7582,Lead Generation
7582,Sales
7583,Effective Communication
7583,Sales
7584,MS-Excel
7584,Data entry
7584,Data Analytics
7587,MS-Excel
7587,English Proficiency (Spoken)
7588,MS-Excel
7588,English Proficiency (Written)
7589,English Proficiency (Spoken)
7589,English Proficiency (Written)
7591,Effective Communication
7592,Sales
7593,MS-Office
7593,MS-Excel
7593,English Proficiency (Spoken)
7594,MS-Office
7595,Negotiation
7595,Sales Management
7595,Sales
7596,Effective Communication
7597,English Proficiency (Spoken)
7597,Effective Communication
7598,English Proficiency (Spoken)
7598,English Proficiency (Written)
7599,MS-Excel
7599,English Proficiency (Written)
7600,English Proficiency (Written)
7601,MS-Office
7601,MS-Excel
7601,Data entry
7601,English Proficiency (Spoken)
7601,English Proficiency (Written)
7602,Negotiation
7602,Digital Marketing
7602,Market research
7602,Marketing Strategies
7603,MS-Excel
7603,English Proficiency (Spoken)
7603,English Proficiency (Written)
7603,Presentation skills
7603,Kannada Proficiency (Spoken)
7603,Interpersonal skills
7603,Effective Communication
7604,Legal Research
7604,Company Law
7604,Legal Drafting
7604,Statutory compliances
7604,Legal Writing
7604,Contract Management
7605,MS-Office
7605,MS-Excel
7605,English Proficiency (Spoken)
7605,English Proficiency (Written)
7605,Accounting
7605,Tally
7606,MS-Office
7606,MS-Excel
7606,Effective Communication
7606,MS-PowerPoint
7607,Effective Communication
7607,Leadership
7607,Team Management
7607,E-commerce
7607,Data Analytics
7607,Mentorship
7607,B2B Sales
7607,Sales
7608,English Proficiency (Spoken)
7608,Lead Generation
7608,Sales Management
7608,Sales
7609,English Proficiency (Spoken)
7609,Negotiation
7609,Effective Communication
7609,Sales
7609,Problem Solving
7610,English Proficiency (Spoken)
7610,Negotiation
7610,Effective Communication
7610,Sales
7610,Problem Solving
7611,Sales Management
7611,Sales
7612,Accounting
7614,Negotiation
7614,Digital Marketing
7615,MS-Excel
7615,English Proficiency (Spoken)
7615,Presentation skills
7615,Effective Communication
7615,Sales
7616,Effective Communication
7617,MS-Office
7617,MS-Excel
7617,English Proficiency (Spoken)
7617,English Proficiency (Written)
7618,Sales
7619,MS-Excel
7619,English Proficiency (Spoken)
7619,English Proficiency (Written)
7619,Effective Communication
7619,Sales
7620,English Proficiency (Spoken)
7620,English Proficiency (Written)
7620,Interpersonal skills
7621,English Proficiency (Spoken)
7621,English Proficiency (Written)
7621,Effective Communication
7622,Effective Communication
7622,Problem Solving
7624,MS-Office
7624,MS-Excel
7624,English Proficiency (Spoken)
7624,English Proficiency (Written)
7625,Sales
7626,MS-Excel
7626,MS-PowerPoint
7627,Sales
7630,English Proficiency (Spoken)
7630,English Proficiency (Written)
7632,Lead Generation
7632,Sales
7633,Effective Communication
7633,Sales
7634,MS-Excel
7634,Data entry
7634,Data Analytics
7637,MS-Excel
7637,English Proficiency (Spoken)
7638,MS-Excel
7638,English Proficiency (Written)
7639,English Proficiency (Spoken)
7639,English Proficiency (Written)
7641,Effective Communication
7642,Sales
7643,MS-Office
7643,MS-Excel
7643,English Proficiency (Spoken)
7644,MS-Office
7645,Negotiation
7645,Sales Management
7645,Sales
7646,Effective Communication
7647,English Proficiency (Spoken)
7647,Effective Communication
7648,English Proficiency (Spoken)
7648,English Proficiency (Written)
7649,MS-Excel
7649,English Proficiency (Written)
7650,English Proficiency (Written)
7651,MS-Office
7651,MS-Excel
7651,Data entry
7651,English Proficiency (Spoken)
7651,English Proficiency (Written)
7652,Negotiation
7652,Digital Marketing
7652,Market research
7652,Marketing Strategies
7653,MS-Excel
7653,English Proficiency (Spoken)
7653,English Proficiency (Written)
7653,Presentation skills
7653,Kannada Proficiency (Spoken)
7653,Interpersonal skills
7653,Effective Communication
7654,Legal Research
7654,Company Law
7654,Legal Drafting
7654,Statutory compliances
7654,Legal Writing
7654,Contract Management
7655,MS-Office
7655,MS-Excel
7655,English Proficiency (Spoken)
7655,English Proficiency (Written)
7655,Accounting
7655,Tally
7656,MS-Office
7656,MS-Excel
7656,Effective Communication
7656,MS-PowerPoint
7657,Effective Communication
7657,Leadership
7657,Team Management
7657,E-commerce
7657,Data Analytics
7657,Mentorship
7657,B2B Sales
7657,Sales
7658,English Proficiency (Spoken)
7658,Lead Generation
7658,Sales Management
7658,Sales
7659,English Proficiency (Spoken)
7659,Negotiation
7659,Effective Communication
7659,Sales
7659,Problem Solving
7660,English Proficiency (Spoken)
7660,Negotiation
7660,Effective Communication
7660,Sales
7660,Problem Solving
7661,Sales Management
7661,Sales
7662,Accounting
7664,Negotiation
7664,Digital Marketing
7665,MS-Excel
7665,English Proficiency (Spoken)
7665,Presentation skills
7665,Effective Communication
7665,Sales
7666,Effective Communication
7667,MS-Office
7667,MS-Excel
7667,English Proficiency (Spoken)
7667,English Proficiency (Written)
7668,Sales
7669,MS-Excel
7669,English Proficiency (Spoken)
7669,English Proficiency (Written)
7669,Effective Communication
7669,Sales
7670,English Proficiency (Spoken)
7670,English Proficiency (Written)
7670,Interpersonal skills
7671,English Proficiency (Spoken)
7671,English Proficiency (Written)
7671,Effective Communication
7672,Effective Communication
7672,Problem Solving
7674,MS-Office
7674,MS-Excel
7674,English Proficiency (Spoken)
7674,English Proficiency (Written)
7675,Sales
7676,MS-Excel
7676,MS-PowerPoint
7677,Sales
7680,English Proficiency (Spoken)
7680,English Proficiency (Written)
7682,Lead Generation
7682,Sales
7683,Effective Communication
7683,Sales
7684,MS-Excel
7684,Data entry
7684,Data Analytics
7687,MS-Excel
7687,English Proficiency (Spoken)
7688,MS-Excel
7688,English Proficiency (Written)
7689,English Proficiency (Spoken)
7689,English Proficiency (Written)
7691,Effective Communication
7692,Sales
7693,MS-Office
7693,MS-Excel
7693,English Proficiency (Spoken)
7694,MS-Office
7695,Negotiation
7695,Sales Management
7695,Sales
7696,Effective Communication
7697,English Proficiency (Spoken)
7697,Effective Communication
7698,English Proficiency (Spoken)
7698,English Proficiency (Written)
7699,MS-Excel
7699,English Proficiency (Written)
7700,English Proficiency (Written)
7701,MS-Office
7701,MS-Excel
7701,Data entry
7701,English Proficiency (Spoken)
7701,English Proficiency (Written)
7702,Negotiation
7702,Digital Marketing
7702,Market research
7702,Marketing Strategies
7703,MS-Excel
7703,English Proficiency (Spoken)
7703,English Proficiency (Written)
7703,Presentation skills
7703,Kannada Proficiency (Spoken)
7703,Interpersonal skills
7703,Effective Communication
7704,Legal Research
7704,Company Law
7704,Legal Drafting
7704,Statutory compliances
7704,Legal Writing
7704,Contract Management
7705,MS-Office
7705,MS-Excel
7705,English Proficiency (Spoken)
7705,English Proficiency (Written)
7705,Accounting
7705,Tally
7706,MS-Office
7706,MS-Excel
7706,Effective Communication
7706,MS-PowerPoint
7707,Effective Communication
7707,Leadership
7707,Team Management
7707,E-commerce
7707,Data Analytics
7707,Mentorship
7707,B2B Sales
7707,Sales
7708,English Proficiency (Spoken)
7708,Lead Generation
7708,Sales Management
7708,Sales
7709,English Proficiency (Spoken)
7709,Negotiation
7709,Effective Communication
7709,Sales
7709,Problem Solving
7710,English Proficiency (Spoken)
7710,Negotiation
7710,Effective Communication
7710,Sales
7710,Problem Solving
7711,Sales Management
7711,Sales
7712,Accounting
7714,Negotiation
7714,Digital Marketing
7715,MS-Excel
7715,English Proficiency (Spoken)
7715,Presentation skills
7715,Effective Communication
7715,Sales
7716,Effective Communication
7717,MS-Office
7717,MS-Excel
7717,English Proficiency (Spoken)
7717,English Proficiency (Written)
7718,Sales
7719,MS-Excel
7719,English Proficiency (Spoken)
7719,English Proficiency (Written)
7719,Effective Communication
7719,Sales
7720,English Proficiency (Spoken)
7720,English Proficiency (Written)
7720,Interpersonal skills
7721,English Proficiency (Spoken)
7721,English Proficiency (Written)
7721,Effective Communication
7722,Effective Communication
7722,Problem Solving
7724,MS-Office
7724,MS-Excel
7724,English Proficiency (Spoken)
7724,English Proficiency (Written)
7725,Sales
7726,MS-Excel
7726,MS-PowerPoint
7727,Sales
7730,English Proficiency (Spoken)
7730,English Proficiency (Written)
7732,Lead Generation
7732,Sales
7733,Effective Communication
7733,Sales
7734,MS-Excel
7734,Data entry
7734,Data Analytics
7737,MS-Excel
7737,English Proficiency (Spoken)
7738,MS-Excel
7738,English Proficiency (Written)
7739,English Proficiency (Spoken)
7739,English Proficiency (Written)
7741,Effective Communication
7742,Sales
7743,MS-Office
7743,MS-Excel
7743,English Proficiency (Spoken)
7744,MS-Office
7745,Negotiation
7745,Sales Management
7745,Sales
7746,Effective Communication
7747,English Proficiency (Spoken)
7747,Effective Communication
7748,English Proficiency (Spoken)
7748,English Proficiency (Written)
7749,MS-Excel
7749,English Proficiency (Written)
7750,English Proficiency (Written)
7751,MS-Office
7751,MS-Excel
7751,Data entry
7751,English Proficiency (Spoken)
7751,English Proficiency (Written)
7752,Negotiation
7752,Digital Marketing
7752,Market research
7752,Marketing Strategies
7753,MS-Excel
7753,English Proficiency (Spoken)
7753,English Proficiency (Written)
7753,Presentation skills
7753,Kannada Proficiency (Spoken)
7753,Interpersonal skills
7753,Effective Communication
7754,Legal Research
7754,Company Law
7754,Legal Drafting
7754,Statutory compliances
7754,Legal Writing
7754,Contract Management
7755,MS-Office
7755,MS-Excel
7755,English Proficiency (Spoken)
7755,English Proficiency (Written)
7755,Accounting
7755,Tally
7756,MS-Office
7756,MS-Excel
7756,Effective Communication
7756,MS-PowerPoint
7757,Effective Communication
7757,Leadership
7757,Team Management
7757,E-commerce
7757,Data Analytics
7757,Mentorship
7757,B2B Sales
7757,Sales
7758,English Proficiency (Spoken)
7758,Lead Generation
7758,Sales Management
7758,Sales
7759,English Proficiency (Spoken)
7759,Negotiation
7759,Effective Communication
7759,Sales
7759,Problem Solving
7760,English Proficiency (Spoken)
7760,Negotiation
7760,Effective Communication
7760,Sales
7760,Problem Solving
7761,Sales Management
7761,Sales
7762,Accounting
7764,Negotiation
7764,Digital Marketing
7765,MS-Excel
7765,English Proficiency (Spoken)
7765,Presentation skills
7765,Effective Communication
7765,Sales
7766,Effective Communication
7767,MS-Office
7767,MS-Excel
7767,English Proficiency (Spoken)
7767,English Proficiency (Written)
7768,Sales
7769,MS-Excel
7769,English Proficiency (Spoken)
7769,English Proficiency (Written)
7769,Effective Communication
7769,Sales
7770,English Proficiency (Spoken)
7770,English Proficiency (Written)
7770,Interpersonal skills
7771,English Proficiency (Spoken)
7771,English Proficiency (Written)
7771,Effective Communication
7772,Effective Communication
7772,Problem Solving
7774,MS-Office
7774,MS-Excel
7774,English Proficiency (Spoken)
7774,English Proficiency (Written)
7775,Sales
7776,MS-Excel
7776,MS-PowerPoint
7777,Sales
7780,English Proficiency (Spoken)
7780,English Proficiency (Written)
7782,Lead Generation
7782,Sales
7783,Effective Communication
7783,Sales
7784,MS-Excel
7784,Data entry
7784,Data Analytics
7787,MS-Excel
7787,English Proficiency (Spoken)
7788,MS-Excel
7788,English Proficiency (Written)
7789,English Proficiency (Spoken)
7789,English Proficiency (Written)
7791,Effective Communication
7792,Sales
7793,MS-Office
7793,MS-Excel
7793,English Proficiency (Spoken)
7794,MS-Office
7795,Negotiation
7795,Sales Management
7795,Sales
7796,Effective Communication
7797,English Proficiency (Spoken)
7797,Effective Communication
7798,English Proficiency (Spoken)
7798,English Proficiency (Written)
7799,MS-Excel
7799,English Proficiency (Written)
7800,English Proficiency (Written)
7801,MS-Office
7801,MS-Excel
7801,Data entry
7801,English Proficiency (Spoken)
7801,English Proficiency (Written)
7802,Negotiation
7802,Digital Marketing
7802,Market research
7802,Marketing Strategies
7803,MS-Excel
7803,English Proficiency (Spoken)
7803,English Proficiency (Written)
7803,Presentation skills
7803,Kannada Proficiency (Spoken)
7803,Interpersonal skills
7803,Effective Communication
7804,Legal Research
7804,Company Law
7804,Legal Drafting
7804,Statutory compliances
7804,Legal Writing
7804,Contract Management
7805,MS-Office
7805,MS-Excel
7805,English Proficiency (Spoken)
7805,English Proficiency (Written)
7805,Accounting
7805,Tally
7806,MS-Office
7806,MS-Excel
7806,Effective Communication
7806,MS-PowerPoint
7807,Effective Communication
7807,Leadership
7807,Team Management
7807,E-commerce
7807,Data Analytics
7807,Mentorship
7807,B2B Sales
7807,Sales
7808,English Proficiency (Spoken)
7808,Lead Generation
7808,Sales Management
7808,Sales
7809,English Proficiency (Spoken)
7809,Negotiation
7809,Effective Communication
7809,Sales
7809,Problem Solving
7810,English Proficiency (Spoken)
7810,Negotiation
7810,Effective Communication
7810,Sales
7810,Problem Solving
7811,Sales Management
7811,Sales
7812,Accounting
7814,Negotiation
7814,Digital Marketing
7815,MS-Excel
7815,English Proficiency (Spoken)
7815,Presentation skills
7815,Effective Communication
7815,Sales
7816,Effective Communication
7817,MS-Office
7817,MS-Excel
7817,English Proficiency (Spoken)
7817,English Proficiency (Written)
7818,Sales
7819,MS-Excel
7819,English Proficiency (Spoken)
7819,English Proficiency (Written)
7819,Effective Communication
7819,Sales
7820,English Proficiency (Spoken)
7820,English Proficiency (Written)
7820,Interpersonal skills
7821,English Proficiency (Spoken)
7821,English Proficiency (Written)
7821,Effective Communication
7822,Effective Communication
7822,Problem Solving
7824,MS-Office
7824,MS-Excel
7824,English Proficiency (Spoken)
7824,English Proficiency (Written)
7825,Sales
7826,MS-Excel
7826,MS-PowerPoint
7827,Sales
7830,English Proficiency (Spoken)
7830,English Proficiency (Written)
7832,Lead Generation
7832,Sales
7833,Effective Communication
7833,Sales
7834,MS-Excel
7834,Data entry
7834,Data Analytics
7837,MS-Excel
7837,English Proficiency (Spoken)
7838,MS-Excel
7838,English Proficiency (Written)
7839,English Proficiency (Spoken)
7839,English Proficiency (Written)
7841,Effective Communication
7842,Sales
7843,MS-Office
7843,MS-Excel
7843,English Proficiency (Spoken)
7844,MS-Office
7845,Negotiation
7845,Sales Management
7845,Sales
7846,Effective Communication
7847,English Proficiency (Spoken)
7847,Effective Communication
7848,English Proficiency (Spoken)
7848,English Proficiency (Written)
7849,MS-Excel
7849,English Proficiency (Written)
7850,English Proficiency (Written)
7851,MS-Office
7851,MS-Excel
7851,Data entry
7851,English Proficiency (Spoken)
7851,English Proficiency (Written)
7852,Negotiation
7852,Digital Marketing
7852,Market research
7852,Marketing Strategies
7853,MS-Excel
7853,English Proficiency (Spoken)
7853,English Proficiency (Written)
7853,Presentation skills
7853,Kannada Proficiency (Spoken)
7853,Interpersonal skills
7853,Effective Communication
7854,Legal Research
7854,Company Law
7854,Legal Drafting
7854,Statutory compliances
7854,Legal Writing
7854,Contract Management
7855,MS-Office
7855,MS-Excel
7855,English Proficiency (Spoken)
7855,English Proficiency (Written)
7855,Accounting
7855,Tally
7856,MS-Office
7856,MS-Excel
7856,Effective Communication
7856,MS-PowerPoint
7857,Effective Communication
7857,Leadership
7857,Team Management
7857,E-commerce
7857,Data Analytics
7857,Mentorship
7857,B2B Sales
7857,Sales
7858,English Proficiency (Spoken)
7858,Lead Generation
7858,Sales Management
7858,Sales
7859,English Proficiency (Spoken)
7859,Negotiation
7859,Effective Communication
7859,Sales
7859,Problem Solving
7860,English Proficiency (Spoken)
7860,Negotiation
7860,Effective Communication
7860,Sales
7860,Problem Solving
7861,Sales Management
7861,Sales
7862,Accounting
7864,Negotiation
7864,Digital Marketing
7865,MS-Excel
7865,English Proficiency (Spoken)
7865,Presentation skills
7865,Effective Communication
7865,Sales
7866,Effective Communication
7867,MS-Office
7867,MS-Excel
7867,English Proficiency (Spoken)
7867,English Proficiency (Written)
7868,Sales
7869,MS-Excel
7869,English Proficiency (Spoken)
7869,English Proficiency (Written)
7869,Effective Communication
7869,Sales
7870,English Proficiency (Spoken)
7870,English Proficiency (Written)
7870,Interpersonal skills
7871,English Proficiency (Spoken)
7871,English Proficiency (Written)
7871,Effective Communication
7872,Effective Communication
7872,Problem Solving
7874,MS-Office
7874,MS-Excel
7874,English Proficiency (Spoken)
7874,English Proficiency (Written)
7875,Sales
7876,MS-Excel
7876,MS-PowerPoint
7877,Sales
7880,English Proficiency (Spoken)
7880,English Proficiency (Written)
7882,Lead Generation
7882,Sales
7883,Effective Communication
7883,Sales
7884,MS-Excel
7884,Data entry
7884,Data Analytics
7887,MS-Excel
7887,English Proficiency (Spoken)
7888,MS-Excel
7888,English Proficiency (Written)
7889,English Proficiency (Spoken)
7889,English Proficiency (Written)
7891,Effective Communication
7892,Sales
7893,MS-Office
7893,MS-Excel
7893,English Proficiency (Spoken)
7894,MS-Office
7895,Negotiation
7895,Sales Management
7895,Sales
7896,Effective Communication
7897,English Proficiency (Spoken)
7897,Effective Communication
7898,English Proficiency (Spoken)
7898,English Proficiency (Written)
7899,MS-Excel
7899,English Proficiency (Written)
7900,English Proficiency (Written)
7901,MS-Office
7901,MS-Excel
7901,Data entry
7901,English Proficiency (Spoken)
7901,English Proficiency (Written)
7902,Negotiation
7902,Digital Marketing
7902,Market research
7902,Marketing Strategies
7903,MS-Excel
7903,English Proficiency (Spoken)
7903,English Proficiency (Written)
7903,Presentation skills
7903,Kannada Proficiency (Spoken)
7903,Interpersonal skills
7903,Effective Communication
7904,Legal Research
7904,Company Law
7904,Legal Drafting
7904,Statutory compliances
7904,Legal Writing
7904,Contract Management
7905,MS-Office
7905,MS-Excel
7905,English Proficiency (Spoken)
7905,English Proficiency (Written)
7905,Accounting
7905,Tally
7906,MS-Office
7906,MS-Excel
7906,Effective Communication
7906,MS-PowerPoint
7907,Effective Communication
7907,Leadership
7907,Team Management
7907,E-commerce
7907,Data Analytics
7907,Mentorship
7907,B2B Sales
7907,Sales
7908,English Proficiency (Spoken)
7908,Lead Generation
7908,Sales Management
7908,Sales
7909,English Proficiency (Spoken)
7909,Negotiation
7909,Effective Communication
7909,Sales
7909,Problem Solving
7910,English Proficiency (Spoken)
7910,Negotiation
7910,Effective Communication
7910,Sales
7910,Problem Solving
7911,Sales Management
7911,Sales
7912,Accounting
7914,Negotiation
7914,Digital Marketing
7915,MS-Excel
7915,English Proficiency (Spoken)
7915,Presentation skills
7915,Effective Communication
7915,Sales
7916,Effective Communication
7917,MS-Office
7917,MS-Excel
7917,English Proficiency (Spoken)
7917,English Proficiency (Written)
7918,Sales
7919,MS-Excel
7919,English Proficiency (Spoken)
7919,English Proficiency (Written)
7919,Effective Communication
7919,Sales
7920,English Proficiency (Spoken)
7920,English Proficiency (Written)
7920,Interpersonal skills
7921,English Proficiency (Spoken)
7921,English Proficiency (Written)
7921,Effective Communication
7922,Effective Communication
7922,Problem Solving
7924,MS-Office
7924,MS-Excel
7924,English Proficiency (Spoken)
7924,English Proficiency (Written)
7925,Sales
7926,MS-Excel
7926,MS-PowerPoint
7927,Sales
7930,English Proficiency (Spoken)
7930,English Proficiency (Written)
7932,Lead Generation
7932,Sales
7933,Effective Communication
7933,Sales
7934,MS-Excel
7934,Data entry
7934,Data Analytics
7937,MS-Excel
7937,English Proficiency (Spoken)
7938,MS-Excel
7938,English Proficiency (Written)
7939,English Proficiency (Spoken)
7939,English Proficiency (Written)
7941,Effective Communication
7942,Sales
7943,MS-Office
7943,MS-Excel
7943,English Proficiency (Spoken)
7944,MS-Office
7945,Negotiation
7945,Sales Management
7945,Sales
7946,Effective Communication
7947,English Proficiency (Spoken)
7947,Effective Communication
7948,English Proficiency (Spoken)
7948,English Proficiency (Written)
7949,MS-Excel
7949,English Proficiency (Written)
7950,English Proficiency (Written)
7951,MS-Office
7951,MS-Excel
7951,Data entry
7951,English Proficiency (Spoken)
7951,English Proficiency (Written)
7952,Negotiation
7952,Digital Marketing
7952,Market research
7952,Marketing Strategies
7953,MS-Excel
7953,English Proficiency (Spoken)
7953,English Proficiency (Written)
7953,Presentation skills
7953,Kannada Proficiency (Spoken)
7953,Interpersonal skills
7953,Effective Communication
7954,Legal Research
7954,Company Law
7954,Legal Drafting
7954,Statutory compliances
7954,Legal Writing
7954,Contract Management
7955,MS-Office
7955,MS-Excel
7955,English Proficiency (Spoken)
7955,English Proficiency (Written)
7955,Accounting
7955,Tally
7956,MS-Office
7956,MS-Excel
7956,Effective Communication
7956,MS-PowerPoint
7957,Effective Communication
7957,Leadership
7957,Team Management
7957,E-commerce
7957,Data Analytics
7957,Mentorship
7957,B2B Sales
7957,Sales
7958,English Proficiency (Spoken)
7958,Lead Generation
7958,Sales Management
7958,Sales
7959,English Proficiency (Spoken)
7959,Negotiation
7959,Effective Communication
7959,Sales
7959,Problem Solving
7960,English Proficiency (Spoken)
7960,Negotiation
7960,Effective Communication
7960,Sales
7960,Problem Solving
7961,Sales Management
7961,Sales
7962,Accounting
7964,Negotiation
7964,Digital Marketing
7965,MS-Excel
7965,English Proficiency (Spoken)
7965,Presentation skills
7965,Effective Communication
7965,Sales
7966,Effective Communication
7967,MS-Office
7967,MS-Excel
7967,English Proficiency (Spoken)
7967,English Proficiency (Written)
7968,Sales
7969,MS-Excel
7969,English Proficiency (Spoken)
7969,English Proficiency (Written)
7969,Effective Communication
7969,Sales
7970,English Proficiency (Spoken)
7970,English Proficiency (Written)
7970,Interpersonal skills
7971,English Proficiency (Spoken)
7971,English Proficiency (Written)
7971,Effective Communication
7972,Effective Communication
7972,Problem Solving
7974,MS-Office
7974,MS-Excel
7974,English Proficiency (Spoken)
7974,English Proficiency (Written)
7975,Sales
7976,MS-Excel
7976,MS-PowerPoint
7977,Sales
7980,English Proficiency (Spoken)
7980,English Proficiency (Written)
7982,Lead Generation
7982,Sales
7983,Effective Communication
7983,Sales
7984,MS-Excel
7984,Data entry
7984,Data Analytics
7987,MS-Excel
7987,English Proficiency (Spoken)
7988,MS-Excel
7988,English Proficiency (Written)
7989,English Proficiency (Spoken)
7989,English Proficiency (Written)
7991,Effective Communication
7992,Sales
7993,MS-Office
7993,MS-Excel
7993,English Proficiency (Spoken)
7994,MS-Office
7995,Negotiation
7995,Sales Management
7995,Sales
7996,Effective Communication
7997,English Proficiency (Spoken)
7997,Effective Communication
7998,English Proficiency (Spoken)
7998,English Proficiency (Written)
7999,MS-Excel
7999,English Proficiency (Written)
8000,English Proficiency (Written)
8001,MS-Office
8001,MS-Excel
8001,Data entry
8001,English Proficiency (Spoken)
8001,English Proficiency (Written)
8002,Negotiation
8002,Digital Marketing
8002,Market research
8002,Marketing Strategies
8003,MS-Excel
8003,English Proficiency (Spoken)
8003,English Proficiency (Written)
8003,Presentation skills
8003,Kannada Proficiency (Spoken)
8003,Interpersonal skills
8003,Effective Communication
8004,Legal Research
8004,Company Law
8004,Legal Drafting
8004,Statutory compliances
8004,Legal Writing
8004,Contract Management
8005,MS-Office
8005,MS-Excel
8005,English Proficiency (Spoken)
8005,English Proficiency (Written)
8005,Accounting
8005,Tally
8006,MS-Office
8006,MS-Excel
8006,Effective Communication
8006,MS-PowerPoint
8007,Effective Communication
8007,Leadership
8007,Team Management
8007,E-commerce
8007,Data Analytics
8007,Mentorship
8007,B2B Sales
8007,Sales
8008,English Proficiency (Spoken)
8008,Lead Generation
8008,Sales Management
8008,Sales
8009,English Proficiency (Spoken)
8009,Negotiation
8009,Effective Communication
8009,Sales
8009,Problem Solving
8010,English Proficiency (Spoken)
8010,Negotiation
8010,Effective Communication
8010,Sales
8010,Problem Solving
8011,Sales Management
8011,Sales
8012,Accounting
8014,Negotiation
8014,Digital Marketing
8015,MS-Excel
8015,English Proficiency (Spoken)
8015,Presentation skills
8015,Effective Communication
8015,Sales
8016,Effective Communication
8017,MS-Office
8017,MS-Excel
8017,English Proficiency (Spoken)
8017,English Proficiency (Written)
8018,Sales
8019,MS-Excel
8019,English Proficiency (Spoken)
8019,English Proficiency (Written)
8019,Effective Communication
8019,Sales
8020,English Proficiency (Spoken)
8020,English Proficiency (Written)
8020,Interpersonal skills
8021,English Proficiency (Spoken)
8021,English Proficiency (Written)
8021,Effective Communication
8022,Effective Communication
8022,Problem Solving
8024,MS-Office
8024,MS-Excel
8024,English Proficiency (Spoken)
8024,English Proficiency (Written)
8025,Sales
8026,MS-Excel
8026,MS-PowerPoint
8027,Sales
8030,English Proficiency (Spoken)
8030,English Proficiency (Written)
8032,Lead Generation
8032,Sales
8033,Effective Communication
8033,Sales
8034,MS-Excel
8034,Data entry
8034,Data Analytics
8037,MS-Excel
8037,English Proficiency (Spoken)
8038,MS-Excel
8038,English Proficiency (Written)
8039,English Proficiency (Spoken)
8039,English Proficiency (Written)
8041,Effective Communication
8042,Sales
8043,MS-Office
8043,MS-Excel
8043,English Proficiency (Spoken)
8044,MS-Office
8045,Negotiation
8045,Sales Management
8045,Sales
8046,Effective Communication
8047,English Proficiency (Spoken)
8047,Effective Communication
8048,English Proficiency (Spoken)
8048,English Proficiency (Written)
8049,MS-Excel
8049,English Proficiency (Written)
8050,English Proficiency (Written)
8051,MS-Office
8051,MS-Excel
8051,Data entry
8051,English Proficiency (Spoken)
8051,English Proficiency (Written)
8052,Negotiation
8052,Digital Marketing
8052,Market research
8052,Marketing Strategies
8053,MS-Excel
8053,English Proficiency (Spoken)
8053,English Proficiency (Written)
8053,Presentation skills
8053,Kannada Proficiency (Spoken)
8053,Interpersonal skills
8053,Effective Communication
8054,Legal Research
8054,Company Law
8054,Legal Drafting
8054,Statutory compliances
8054,Legal Writing
8054,Contract Management
8055,MS-Office
8055,MS-Excel
8055,English Proficiency (Spoken)
8055,English Proficiency (Written)
8055,Accounting
8055,Tally
8056,MS-Office
8056,MS-Excel
8056,Effective Communication
8056,MS-PowerPoint
8057,Effective Communication
8057,Leadership
8057,Team Management
8057,E-commerce
8057,Data Analytics
8057,Mentorship
8057,B2B Sales
8057,Sales
8058,English Proficiency (Spoken)
8058,Lead Generation
8058,Sales Management
8058,Sales
8059,English Proficiency (Spoken)
8059,Negotiation
8059,Effective Communication
8059,Sales
8059,Problem Solving
8060,English Proficiency (Spoken)
8060,Negotiation
8060,Effective Communication
8060,Sales
8060,Problem Solving
8061,Sales Management
8061,Sales
8062,Accounting
8064,Negotiation
8064,Digital Marketing
8065,MS-Excel
8065,English Proficiency (Spoken)
8065,Presentation skills
8065,Effective Communication
8065,Sales
8066,Effective Communication
8067,MS-Office
8067,MS-Excel
8067,English Proficiency (Spoken)
8067,English Proficiency (Written)
8068,Sales
8069,MS-Excel
8069,English Proficiency (Spoken)
8069,English Proficiency (Written)
8069,Effective Communication
8069,Sales
8070,English Proficiency (Spoken)
8070,English Proficiency (Written)
8070,Interpersonal skills
8071,English Proficiency (Spoken)
8071,English Proficiency (Written)
8071,Effective Communication
8072,Effective Communication
8072,Problem Solving
8074,MS-Office
8074,MS-Excel
8074,English Proficiency (Spoken)
8074,English Proficiency (Written)
8075,Sales
8076,MS-Excel
8076,MS-PowerPoint
8077,Sales
8080,English Proficiency (Spoken)
8080,English Proficiency (Written)
8082,Lead Generation
8082,Sales
8083,Effective Communication
8083,Sales
8084,MS-Excel
8084,Data entry
8084,Data Analytics
8087,MS-Excel
8087,English Proficiency (Spoken)
8088,MS-Excel
8088,English Proficiency (Written)
8089,English Proficiency (Spoken)
8089,English Proficiency (Written)
8091,Effective Communication
8092,Sales
8093,MS-Office
8093,MS-Excel
8093,English Proficiency (Spoken)
8094,MS-Office
8095,Negotiation
8095,Sales Management
8095,Sales
8096,Effective Communication
8097,English Proficiency (Spoken)
8097,Effective Communication
8098,English Proficiency (Spoken)
8098,English Proficiency (Written)
8099,MS-Excel
8099,English Proficiency (Written)
8100,English Proficiency (Written)
8101,MS-Office
8101,MS-Excel
8101,Data entry
8101,English Proficiency (Spoken)
8101,English Proficiency (Written)
8102,Negotiation
8102,Digital Marketing
8102,Market research
8102,Marketing Strategies
8103,MS-Excel
8103,English Proficiency (Spoken)
8103,English Proficiency (Written)
8103,Presentation skills
8103,Kannada Proficiency (Spoken)
8103,Interpersonal skills
8103,Effective Communication
8104,Legal Research
8104,Company Law
8104,Legal Drafting
8104,Statutory compliances
8104,Legal Writing
8104,Contract Management
8105,MS-Office
8105,MS-Excel
8105,English Proficiency (Spoken)
8105,English Proficiency (Written)
8105,Accounting
8105,Tally
8106,MS-Office
8106,MS-Excel
8106,Effective Communication
8106,MS-PowerPoint
8107,Effective Communication
8107,Leadership
8107,Team Management
8107,E-commerce
8107,Data Analytics
8107,Mentorship
8107,B2B Sales
8107,Sales
8108,English Proficiency (Spoken)
8108,Lead Generation
8108,Sales Management
8108,Sales
8109,English Proficiency (Spoken)
8109,Negotiation
8109,Effective Communication
8109,Sales
8109,Problem Solving
8110,English Proficiency (Spoken)
8110,Negotiation
8110,Effective Communication
8110,Sales
8110,Problem Solving
8111,Sales Management
8111,Sales
8112,Accounting
8114,Negotiation
8114,Digital Marketing
8115,MS-Excel
8115,English Proficiency (Spoken)
8115,Presentation skills
8115,Effective Communication
8115,Sales
8116,Effective Communication
8117,MS-Office
8117,MS-Excel
8117,English Proficiency (Spoken)
8117,English Proficiency (Written)
8118,Sales
8119,MS-Excel
8119,English Proficiency (Spoken)
8119,English Proficiency (Written)
8119,Effective Communication
8119,Sales
8120,English Proficiency (Spoken)
8120,English Proficiency (Written)
8120,Interpersonal skills
8121,English Proficiency (Spoken)
8121,English Proficiency (Written)
8121,Effective Communication
8122,Effective Communication
8122,Problem Solving
8124,MS-Office
8124,MS-Excel
8124,English Proficiency (Spoken)
8124,English Proficiency (Written)
8125,Sales
8126,MS-Excel
8126,MS-PowerPoint
8127,Sales
8130,English Proficiency (Spoken)
8130,English Proficiency (Written)
8132,Lead Generation
8132,Sales
8133,Effective Communication
8133,Sales
8134,MS-Excel
8134,Data entry
8134,Data Analytics
8137,MS-Excel
8137,English Proficiency (Spoken)
8138,MS-Excel
8138,English Proficiency (Written)
8139,English Proficiency (Spoken)
8139,English Proficiency (Written)
8141,Effective Communication
8142,Sales
8143,MS-Office
8143,MS-Excel
8143,English Proficiency (Spoken)
8144,MS-Office
8145,Negotiation
8145,Sales Management
8145,Sales
8146,Effective Communication
8147,English Proficiency (Spoken)
8147,Effective Communication
8148,English Proficiency (Spoken)
8148,English Proficiency (Written)
8149,MS-Excel
8149,English Proficiency (Written)
8150,English Proficiency (Written)
8151,MS-Office
8151,MS-Excel
8151,Data entry
8151,English Proficiency (Spoken)
8151,English Proficiency (Written)
8152,Negotiation
8152,Digital Marketing
8152,Market research
8152,Marketing Strategies
8153,MS-Excel
8153,English Proficiency (Spoken)
8153,English Proficiency (Written)
8153,Presentation skills
8153,Kannada Proficiency (Spoken)
8153,Interpersonal skills
8153,Effective Communication
8154,Legal Research
8154,Company Law
8154,Legal Drafting
8154,Statutory compliances
8154,Legal Writing
8154,Contract Management
8155,MS-Office
8155,MS-Excel
8155,English Proficiency (Spoken)
8155,English Proficiency (Written)
8155,Accounting
8155,Tally
8156,MS-Office
8156,MS-Excel
8156,Effective Communication
8156,MS-PowerPoint
8157,Effective Communication
8157,Leadership
8157,Team Management
8157,E-commerce
8157,Data Analytics
8157,Mentorship
8157,B2B Sales
8157,Sales
8158,English Proficiency (Spoken)
8158,Lead Generation
8158,Sales Management
8158,Sales
8159,English Proficiency (Spoken)
8159,Negotiation
8159,Effective Communication
8159,Sales
8159,Problem Solving
8160,English Proficiency (Spoken)
8160,Negotiation
8160,Effective Communication
8160,Sales
8160,Problem Solving
8161,Sales Management
8161,Sales
8162,Accounting
8164,Negotiation
8164,Digital Marketing
8165,MS-Excel
8165,English Proficiency (Spoken)
8165,Presentation skills
8165,Effective Communication
8165,Sales
8166,Effective Communication
8167,MS-Office
8167,MS-Excel
8167,English Proficiency (Spoken)
8167,English Proficiency (Written)
8168,Sales
8169,MS-Excel
8169,English Proficiency (Spoken)
8169,English Proficiency (Written)
8169,Effective Communication
8169,Sales
8170,English Proficiency (Spoken)
8170,English Proficiency (Written)
8170,Interpersonal skills
8171,English Proficiency (Spoken)
8171,English Proficiency (Written)
8171,Effective Communication
8172,Effective Communication
8172,Problem Solving
8174,MS-Office
8174,MS-Excel
8174,English Proficiency (Spoken)
8174,English Proficiency (Written)
8175,Sales
8176,MS-Excel
8176,MS-PowerPoint
8177,Sales
8180,English Proficiency (Spoken)
8180,English Proficiency (Written)
8182,Lead Generation
8182,Sales
8183,Effective Communication
8183,Sales
8184,MS-Excel
8184,Data entry
8184,Data Analytics
8187,MS-Excel
8187,English Proficiency (Spoken)
8188,MS-Excel
8188,English Proficiency (Written)
8189,English Proficiency (Spoken)
8189,English Proficiency (Written)
8191,Effective Communication
8192,Sales
8193,MS-Office
8193,MS-Excel
8193,English Proficiency (Spoken)
8194,MS-Office
8195,Negotiation
8195,Sales Management
8195,Sales
8196,Effective Communication
8197,English Proficiency (Spoken)
8197,Effective Communication
8198,English Proficiency (Spoken)
8198,English Proficiency (Written)
8199,MS-Excel
8199,English Proficiency (Written)
8200,English Proficiency (Written)
8201,MS-Office
8201,MS-Excel
8201,Data entry
8201,English Proficiency (Spoken)
8201,English Proficiency (Written)
8202,Negotiation
8202,Digital Marketing
8202,Market research
8202,Marketing Strategies
8203,MS-Excel
8203,English Proficiency (Spoken)
8203,English Proficiency (Written)
8203,Presentation skills
8203,Kannada Proficiency (Spoken)
8203,Interpersonal skills
8203,Effective Communication
8204,Legal Research
8204,Company Law
8204,Legal Drafting
8204,Statutory compliances
8204,Legal Writing
8204,Contract Management
8205,MS-Office
8205,MS-Excel
8205,English Proficiency (Spoken)
8205,English Proficiency (Written)
8205,Accounting
8205,Tally
8206,MS-Office
8206,MS-Excel
8206,Effective Communication
8206,MS-PowerPoint
8207,Effective Communication
8207,Leadership
8207,Team Management
8207,E-commerce
8207,Data Analytics
8207,Mentorship
8207,B2B Sales
8207,Sales
8208,English Proficiency (Spoken)
8208,Lead Generation
8208,Sales Management
8208,Sales
8209,English Proficiency (Spoken)
8209,Negotiation
8209,Effective Communication
8209,Sales
8209,Problem Solving
8210,English Proficiency (Spoken)
8210,Negotiation
8210,Effective Communication
8210,Sales
8210,Problem Solving
8211,Sales Management
8211,Sales
8212,Accounting
8214,Negotiation
8214,Digital Marketing
8215,MS-Excel
8215,English Proficiency (Spoken)
8215,Presentation skills
8215,Effective Communication
8215,Sales
8216,Effective Communication
8217,MS-Office
8217,MS-Excel
8217,English Proficiency (Spoken)
8217,English Proficiency (Written)
8218,Sales
8219,MS-Excel
8219,English Proficiency (Spoken)
8219,English Proficiency (Written)
8219,Effective Communication
8219,Sales
8220,English Proficiency (Spoken)
8220,English Proficiency (Written)
8220,Interpersonal skills
8221,English Proficiency (Spoken)
8221,English Proficiency (Written)
8221,Effective Communication
8222,Effective Communication
8222,Problem Solving
8224,MS-Office
8224,MS-Excel
8224,English Proficiency (Spoken)
8224,English Proficiency (Written)
8225,Sales
8226,MS-Excel
8226,MS-PowerPoint
8227,Sales
8230,English Proficiency (Spoken)
8230,English Proficiency (Written)
8232,Lead Generation
8232,Sales
8233,Effective Communication
8233,Sales
8234,MS-Excel
8234,Data entry
8234,Data Analytics
8237,MS-Excel
8237,English Proficiency (Spoken)
8238,MS-Excel
8238,English Proficiency (Written)
8239,English Proficiency (Spoken)
8239,English Proficiency (Written)
8241,Effective Communication
8242,Sales
8243,MS-Office
8243,MS-Excel
8243,English Proficiency (Spoken)
8244,MS-Office
8245,Negotiation
8245,Sales Management
8245,Sales
8246,Effective Communication
8247,English Proficiency (Spoken)
8247,Effective Communication
8248,English Proficiency (Spoken)
8248,English Proficiency (Written)
8249,MS-Excel
8249,English Proficiency (Written)
8250,English Proficiency (Written)
8251,MS-Office
8251,MS-Excel
8251,Data entry
8251,English Proficiency (Spoken)
8251,English Proficiency (Written)
8252,Negotiation
8252,Digital Marketing
8252,Market research
8252,Marketing Strategies
8253,MS-Excel
8253,English Proficiency (Spoken)
8253,English Proficiency (Written)
8253,Presentation skills
8253,Kannada Proficiency (Spoken)
8253,Interpersonal skills
8253,Effective Communication
8254,Legal Research
8254,Company Law
8254,Legal Drafting
8254,Statutory compliances
8254,Legal Writing
8254,Contract Management
8255,MS-Office
8255,MS-Excel
8255,English Proficiency (Spoken)
8255,English Proficiency (Written)
8255,Accounting
8255,Tally
8256,MS-Office
8256,MS-Excel
8256,Effective Communication
8256,MS-PowerPoint
8257,Effective Communication
8257,Leadership
8257,Team Management
8257,E-commerce
8257,Data Analytics
8257,Mentorship
8257,B2B Sales
8257,Sales
8258,English Proficiency (Spoken)
8258,Lead Generation
8258,Sales Management
8258,Sales
8259,English Proficiency (Spoken)
8259,Negotiation
8259,Effective Communication
8259,Sales
8259,Problem Solving
8260,English Proficiency (Spoken)
8260,Negotiation
8260,Effective Communication
8260,Sales
8260,Problem Solving
8261,Sales Management
8261,Sales
8262,Accounting
8264,Negotiation
8264,Digital Marketing
8265,MS-Excel
8265,English Proficiency (Spoken)
8265,Presentation skills
8265,Effective Communication
8265,Sales
8266,Effective Communication
8267,MS-Office
8267,MS-Excel
8267,English Proficiency (Spoken)
8267,English Proficiency (Written)
8268,Sales
8269,MS-Excel
8269,English Proficiency (Spoken)
8269,English Proficiency (Written)
8269,Effective Communication
8269,Sales
8270,English Proficiency (Spoken)
8270,English Proficiency (Written)
8270,Interpersonal skills
8271,English Proficiency (Spoken)
8271,English Proficiency (Written)
8271,Effective Communication
8272,Effective Communication
8272,Problem Solving
8274,MS-Office
8274,MS-Excel
8274,English Proficiency (Spoken)
8274,English Proficiency (Written)
8275,Sales
8276,MS-Excel
8276,MS-PowerPoint
8277,Sales
8280,English Proficiency (Spoken)
8280,English Proficiency (Written)
8282,Lead Generation
8282,Sales
8283,Effective Communication
8283,Sales
8284,MS-Excel
8284,Data entry
8284,Data Analytics
8287,MS-Excel
8287,English Proficiency (Spoken)
8288,MS-Excel
8288,English Proficiency (Written)
8289,English Proficiency (Spoken)
8289,English Proficiency (Written)
8291,Effective Communication
8292,Sales
8293,MS-Office
8293,MS-Excel
8293,English Proficiency (Spoken)
8294,MS-Office
8295,Negotiation
8295,Sales Management
8295,Sales
8296,Effective Communication
8297,English Proficiency (Spoken)
8297,Effective Communication
8298,English Proficiency (Spoken)
8298,English Proficiency (Written)
8299,MS-Excel
8299,English Proficiency (Written)
8300,English Proficiency (Written)
8301,MS-Office
8301,MS-Excel
8301,Data entry
8301,English Proficiency (Spoken)
8301,English Proficiency (Written)
8302,Negotiation
8302,Digital Marketing
8302,Market research
8302,Marketing Strategies
8303,MS-Excel
8303,English Proficiency (Spoken)
8303,English Proficiency (Written)
8303,Presentation skills
8303,Kannada Proficiency (Spoken)
8303,Interpersonal skills
8303,Effective Communication
8304,Legal Research
8304,Company Law
8304,Legal Drafting
8304,Statutory compliances
8304,Legal Writing
8304,Contract Management
8305,MS-Office
8305,MS-Excel
8305,English Proficiency (Spoken)
8305,English Proficiency (Written)
8305,Accounting
8305,Tally
8306,MS-Office
8306,MS-Excel
8306,Effective Communication
8306,MS-PowerPoint
8307,Effective Communication
8307,Leadership
8307,Team Management
8307,E-commerce
8307,Data Analytics
8307,Mentorship
8307,B2B Sales
8307,Sales
8308,English Proficiency (Spoken)
8308,Lead Generation
8308,Sales Management
8308,Sales
8309,English Proficiency (Spoken)
8309,Negotiation
8309,Effective Communication
8309,Sales
8309,Problem Solving
8310,English Proficiency (Spoken)
8310,Negotiation
8310,Effective Communication
8310,Sales
8310,Problem Solving
8311,Sales Management
8311,Sales
8312,Accounting
8314,Negotiation
8314,Digital Marketing
8315,MS-Excel
8315,English Proficiency (Spoken)
8315,Presentation skills
8315,Effective Communication
8315,Sales
8316,Effective Communication
8317,MS-Office
8317,MS-Excel
8317,English Proficiency (Spoken)
8317,English Proficiency (Written)
8318,Sales
8319,MS-Excel
8319,English Proficiency (Spoken)
8319,English Proficiency (Written)
8319,Effective Communication
8319,Sales
8320,English Proficiency (Spoken)
8320,English Proficiency (Written)
8320,Interpersonal skills
8321,English Proficiency (Spoken)
8321,English Proficiency (Written)
8321,Effective Communication
8322,Effective Communication
8322,Problem Solving
8324,MS-Office
8324,MS-Excel
8324,English Proficiency (Spoken)
8324,English Proficiency (Written)
8325,Sales
8326,MS-Excel
8326,MS-PowerPoint
8327,Sales
8330,English Proficiency (Spoken)
8330,English Proficiency (Written)
8332,Lead Generation
8332,Sales
8333,Effective Communication
8333,Sales
8334,MS-Excel
8334,Data entry
8334,Data Analytics
8337,MS-Excel
8337,English Proficiency (Spoken)
8338,MS-Excel
8338,English Proficiency (Written)
8339,English Proficiency (Spoken)
8339,English Proficiency (Written)
8341,Effective Communication
8342,Sales
8343,MS-Office
8343,MS-Excel
8343,English Proficiency (Spoken)
8344,MS-Office
8345,Negotiation
8345,Sales Management
8345,Sales
8346,Effective Communication
8347,English Proficiency (Spoken)
8347,Effective Communication
8348,English Proficiency (Spoken)
8348,English Proficiency (Written)
8349,MS-Excel
8349,English Proficiency (Written)
8350,English Proficiency (Written)
8351,MS-Office
8351,MS-Excel
8351,Data entry
8351,English Proficiency (Spoken)
8351,English Proficiency (Written)
8352,Negotiation
8352,Digital Marketing
8352,Market research
8352,Marketing Strategies
8353,MS-Excel
8353,English Proficiency (Spoken)
8353,English Proficiency (Written)
8353,Presentation skills
8353,Kannada Proficiency (Spoken)
8353,Interpersonal skills
8353,Effective Communication
8354,Legal Research
8354,Company Law
8354,Legal Drafting
8354,Statutory compliances
8354,Legal Writing
8354,Contract Management
8355,MS-Office
8355,MS-Excel
8355,English Proficiency (Spoken)
8355,English Proficiency (Written)
8355,Accounting
8355,Tally
8356,MS-Office
8356,MS-Excel
8356,Effective Communication
8356,MS-PowerPoint
8357,Effective Communication
8357,Leadership
8357,Team Management
8357,E-commerce
8357,Data Analytics
8357,Mentorship
8357,B2B Sales
8357,Sales
8358,English Proficiency (Spoken)
8358,Lead Generation
8358,Sales Management
8358,Sales
8359,English Proficiency (Spoken)
8359,Negotiation
8359,Effective Communication
8359,Sales
8359,Problem Solving
8360,English Proficiency (Spoken)
8360,Negotiation
8360,Effective Communication
8360,Sales
8360,Problem Solving
8361,Sales Management
8361,Sales
8362,Accounting
8364,Negotiation
8364,Digital Marketing
8365,MS-Excel
8365,English Proficiency (Spoken)
8365,Presentation skills
8365,Effective Communication
8365,Sales
8366,Effective Communication
8367,MS-Office
8367,MS-Excel
8367,English Proficiency (Spoken)
8367,English Proficiency (Written)
8368,Sales
8369,MS-Excel
8369,English Proficiency (Spoken)
8369,English Proficiency (Written)
8369,Effective Communication
8369,Sales
8370,English Proficiency (Spoken)
8370,English Proficiency (Written)
8370,Interpersonal skills
8371,English Proficiency (Spoken)
8371,English Proficiency (Written)
8371,Effective Communication
8372,Effective Communication
8372,Problem Solving
8374,MS-Office
8374,MS-Excel
8374,English Proficiency (Spoken)
8374,English Proficiency (Written)
8375,Sales
8376,MS-Excel
8376,MS-PowerPoint
8377,Sales
8380,English Proficiency (Spoken)
8380,English Proficiency (Written)
8382,Lead Generation
8382,Sales
8383,Effective Communication
8383,Sales
8384,MS-Excel
8384,Data entry
8384,Data Analytics
8387,MS-Excel
8387,English Proficiency (Spoken)
8388,MS-Excel
8388,English Proficiency (Written)
8389,English Proficiency (Spoken)
8389,English Proficiency (Written)
8391,Effective Communication
8392,Sales
8393,MS-Office
8393,MS-Excel
8393,English Proficiency (Spoken)
8394,MS-Office
8395,Negotiation
8395,Sales Management
8395,Sales
8396,Effective Communication
8397,English Proficiency (Spoken)
8397,Effective Communication
8398,English Proficiency (Spoken)
8398,English Proficiency (Written)
8399,MS-Excel
8399,English Proficiency (Written)
8400,English Proficiency (Written)
8401,MS-Office
8401,MS-Excel
8401,Data entry
8401,English Proficiency (Spoken)
8401,English Proficiency (Written)
8402,Negotiation
8402,Digital Marketing
8402,Market research
8402,Marketing Strategies
8403,MS-Excel
8403,English Proficiency (Spoken)
8403,English Proficiency (Written)
8403,Presentation skills
8403,Kannada Proficiency (Spoken)
8403,Interpersonal skills
8403,Effective Communication
8404,Legal Research
8404,Company Law
8404,Legal Drafting
8404,Statutory compliances
8404,Legal Writing
8404,Contract Management
8405,MS-Office
8405,MS-Excel
8405,English Proficiency (Spoken)
8405,English Proficiency (Written)
8405,Accounting
8405,Tally
8406,MS-Office
8406,MS-Excel
8406,Effective Communication
8406,MS-PowerPoint
8407,Effective Communication
8407,Leadership
8407,Team Management
8407,E-commerce
8407,Data Analytics
8407,Mentorship
8407,B2B Sales
8407,Sales
8408,English Proficiency (Spoken)
8408,Lead Generation
8408,Sales Management
8408,Sales
8409,English Proficiency (Spoken)
8409,Negotiation
8409,Effective Communication
8409,Sales
8409,Problem Solving
8410,English Proficiency (Spoken)
8410,Negotiation
8410,Effective Communication
8410,Sales
8410,Problem Solving
8411,Sales Management
8411,Sales
8412,Accounting
8414,Negotiation
8414,Digital Marketing
8415,MS-Excel
8415,English Proficiency (Spoken)
8415,Presentation skills
8415,Effective Communication
8415,Sales
8416,Effective Communication
8417,MS-Office
8417,MS-Excel
8417,English Proficiency (Spoken)
8417,English Proficiency (Written)
8418,Sales
8419,MS-Excel
8419,English Proficiency (Spoken)
8419,English Proficiency (Written)
8419,Effective Communication
8419,Sales
8420,English Proficiency (Spoken)
8420,English Proficiency (Written)
8420,Interpersonal skills
8421,English Proficiency (Spoken)
8421,English Proficiency (Written)
8421,Effective Communication
8422,Effective Communication
8422,Problem Solving
8424,MS-Office
8424,MS-Excel
8424,English Proficiency (Spoken)
8424,English Proficiency (Written)
8425,Sales
8426,MS-Excel
8426,MS-PowerPoint
8427,Sales
8430,English Proficiency (Spoken)
8430,English Proficiency (Written)
8432,Lead Generation
8432,Sales
8433,Effective Communication
8433,Sales
8434,MS-Excel
8434,Data entry
8434,Data Analytics
8437,MS-Excel
8437,English Proficiency (Spoken)
8438,MS-Excel
8438,English Proficiency (Written)
8439,English Proficiency (Spoken)
8439,English Proficiency (Written)
8441,Effective Communication
8442,Sales
8443,MS-Office
8443,MS-Excel
8443,English Proficiency (Spoken)
8444,MS-Office
8445,Negotiation
8445,Sales Management
8445,Sales
8446,Effective Communication
8447,English Proficiency (Spoken)
8447,Effective Communication
8448,English Proficiency (Spoken)
8448,English Proficiency (Written)
8449,MS-Excel
8449,English Proficiency (Written)
8450,English Proficiency (Written)
8451,MS-Office
8451,MS-Excel
8451,Data entry
8451,English Proficiency (Spoken)
8451,English Proficiency (Written)
8452,Negotiation
8452,Digital Marketing
8452,Market research
8452,Marketing Strategies
8453,MS-Excel
8453,English Proficiency (Spoken)
8453,English Proficiency (Written)
8453,Presentation skills
8453,Kannada Proficiency (Spoken)
8453,Interpersonal skills
8453,Effective Communication
8454,Legal Research
8454,Company Law
8454,Legal Drafting
8454,Statutory compliances
8454,Legal Writing
8454,Contract Management
8455,MS-Office
8455,MS-Excel
8455,English Proficiency (Spoken)
8455,English Proficiency (Written)
8455,Accounting
8455,Tally
8456,MS-Office
8456,MS-Excel
8456,Effective Communication
8456,MS-PowerPoint
8457,Effective Communication
8457,Leadership
8457,Team Management
8457,E-commerce
8457,Data Analytics
8457,Mentorship
8457,B2B Sales
8457,Sales
8458,English Proficiency (Spoken)
8458,Lead Generation
8458,Sales Management
8458,Sales
8459,English Proficiency (Spoken)
8459,Negotiation
8459,Effective Communication
8459,Sales
8459,Problem Solving
8460,English Proficiency (Spoken)
8460,Negotiation
8460,Effective Communication
8460,Sales
8460,Problem Solving
8461,Sales Management
8461,Sales
8462,Accounting
8464,Negotiation
8464,Digital Marketing
8465,MS-Excel
8465,English Proficiency (Spoken)
8465,Presentation skills
8465,Effective Communication
8465,Sales
8466,Effective Communication
8467,MS-Office
8467,MS-Excel
8467,English Proficiency (Spoken)
8467,English Proficiency (Written)
8468,Sales
8469,MS-Excel
8469,English Proficiency (Spoken)
8469,English Proficiency (Written)
8469,Effective Communication
8469,Sales
8470,English Proficiency (Spoken)
8470,English Proficiency (Written)
8470,Interpersonal skills
8471,English Proficiency (Spoken)
8471,English Proficiency (Written)
8471,Effective Communication
8472,Effective Communication
8472,Problem Solving
8474,MS-Office
8474,MS-Excel
8474,English Proficiency (Spoken)
8474,English Proficiency (Written)
8475,Sales
8476,MS-Excel
8476,MS-PowerPoint
8477,Sales
8480,English Proficiency (Spoken)
8480,English Proficiency (Written)
8482,Lead Generation
8482,Sales
8483,Effective Communication
8483,Sales
8484,MS-Excel
8484,Data entry
8484,Data Analytics
8487,MS-Excel
8487,English Proficiency (Spoken)
8488,MS-Excel
8488,English Proficiency (Written)
8489,English Proficiency (Spoken)
8489,English Proficiency (Written)
8491,Effective Communication
8492,Sales
8493,MS-Office
8493,MS-Excel
8493,English Proficiency (Spoken)
8494,MS-Office
8495,Negotiation
8495,Sales Management
8495,Sales
8496,Effective Communication
8497,English Proficiency (Spoken)
8497,Effective Communication
8498,English Proficiency (Spoken)
8498,English Proficiency (Written)
8499,MS-Excel
8499,English Proficiency (Written)
8500,English Proficiency (Written)
8501,MS-Office
8501,MS-Excel
8501,Data entry
8501,English Proficiency (Spoken)
8501,English Proficiency (Written)
8502,Negotiation
8502,Digital Marketing
8502,Market research
8502,Marketing Strategies
8503,MS-Excel
8503,English Proficiency (Spoken)
8503,English Proficiency (Written)
8503,Presentation skills
8503,Kannada Proficiency (Spoken)
8503,Interpersonal skills
8503,Effective Communication
8504,Legal Research
8504,Company Law
8504,Legal Drafting
8504,Statutory compliances
8504,Legal Writing
8504,Contract Management
8505,MS-Office
8505,MS-Excel
8505,English Proficiency (Spoken)
8505,English Proficiency (Written)
8505,Accounting
8505,Tally
8506,MS-Office
8506,MS-Excel
8506,Effective Communication
8506,MS-PowerPoint
8507,Effective Communication
8507,Leadership
8507,Team Management
8507,E-commerce
8507,Data Analytics
8507,Mentorship
8507,B2B Sales
8507,Sales
8508,English Proficiency (Spoken)
8508,Lead Generation
8508,Sales Management
8508,Sales
8509,English Proficiency (Spoken)
8509,Negotiation
8509,Effective Communication
8509,Sales
8509,Problem Solving
8510,English Proficiency (Spoken)
8510,Negotiation
8510,Effective Communication
8510,Sales
8510,Problem Solving
8511,Sales Management
8511,Sales
8512,Accounting
8514,Negotiation
8514,Digital Marketing
8515,MS-Excel
8515,English Proficiency (Spoken)
8515,Presentation skills
8515,Effective Communication
8515,Sales
8516,Effective Communication
8517,MS-Office
8517,MS-Excel
8517,English Proficiency (Spoken)
8517,English Proficiency (Written)
8518,Sales
8519,MS-Excel
8519,English Proficiency (Spoken)
8519,English Proficiency (Written)
8519,Effective Communication
8519,Sales
8520,English Proficiency (Spoken)
8520,English Proficiency (Written)
8520,Interpersonal skills
8521,English Proficiency (Spoken)
8521,English Proficiency (Written)
8521,Effective Communication
8522,Effective Communication
8522,Problem Solving
8524,MS-Office
8524,MS-Excel
8524,English Proficiency (Spoken)
8524,English Proficiency (Written)
8525,Sales
8526,MS-Excel
8526,MS-PowerPoint
8527,Sales
8530,English Proficiency (Spoken)
8530,English Proficiency (Written)
8532,Lead Generation
8532,Sales
8533,Effective Communication
8533,Sales
8534,MS-Excel
8534,Data entry
8534,Data Analytics
8537,MS-Excel
8537,English Proficiency (Spoken)
8538,MS-Excel
8538,English Proficiency (Written)
8539,English Proficiency (Spoken)
8539,English Proficiency (Written)
8541,Effective Communication
8542,Sales
8543,MS-Office
8543,MS-Excel
8543,English Proficiency (Spoken)
8544,MS-Office
8545,Negotiation
8545,Sales Management
8545,Sales
8546,Effective Communication
8547,English Proficiency (Spoken)
8547,Effective Communication
8548,English Proficiency (Spoken)
8548,English Proficiency (Written)
8549,MS-Excel
8549,English Proficiency (Written)
8550,English Proficiency (Written)
8551,MS-Office
8551,MS-Excel
8551,Data entry
8551,English Proficiency (Spoken)
8551,English Proficiency (Written)
8552,Negotiation
8552,Digital Marketing
8552,Market research
8552,Marketing Strategies
8553,MS-Excel
8553,English Proficiency (Spoken)
8553,English Proficiency (Written)
8553,Presentation skills
8553,Kannada Proficiency (Spoken)
8553,Interpersonal skills
8553,Effective Communication
8554,Legal Research
8554,Company Law
8554,Legal Drafting
8554,Statutory compliances
8554,Legal Writing
8554,Contract Management
8555,MS-Office
8555,MS-Excel
8555,English Proficiency (Spoken)
8555,English Proficiency (Written)
8555,Accounting
8555,Tally
8556,MS-Office
8556,MS-Excel
8556,Effective Communication
8556,MS-PowerPoint
8557,Effective Communication
8557,Leadership
8557,Team Management
8557,E-commerce
8557,Data Analytics
8557,Mentorship
8557,B2B Sales
8557,Sales
8558,English Proficiency (Spoken)
8558,Lead Generation
8558,Sales Management
8558,Sales
8559,English Proficiency (Spoken)
8559,Negotiation
8559,Effective Communication
8559,Sales
8559,Problem Solving
8560,English Proficiency (Spoken)
8560,Negotiation
8560,Effective Communication
8560,Sales
8560,Problem Solving
8561,Sales Management
8561,Sales
8562,Accounting
8564,Negotiation
8564,Digital Marketing
8565,MS-Excel
8565,English Proficiency (Spoken)
8565,Presentation skills
8565,Effective Communication
8565,Sales
8566,Effective Communication
8567,MS-Office
8567,MS-Excel
8567,English Proficiency (Spoken)
8567,English Proficiency (Written)
8568,Sales
8569,MS-Excel
8569,English Proficiency (Spoken)
8569,English Proficiency (Written)
8569,Effective Communication
8569,Sales
8570,English Proficiency (Spoken)
8570,English Proficiency (Written)
8570,Interpersonal skills
8571,English Proficiency (Spoken)
8571,English Proficiency (Written)
8571,Effective Communication
8572,Effective Communication
8572,Problem Solving
8574,MS-Office
8574,MS-Excel
8574,English Proficiency (Spoken)
8574,English Proficiency (Written)
8575,Sales
8576,MS-Excel
8576,MS-PowerPoint
8577,Sales
8580,English Proficiency (Spoken)
8580,English Proficiency (Written)
8582,Lead Generation
8582,Sales
8583,Effective Communication
8583,Sales
8584,MS-Excel
8584,Data entry
8584,Data Analytics
8587,MS-Excel
8587,English Proficiency (Spoken)
8588,MS-Excel
8588,English Proficiency (Written)
8589,English Proficiency (Spoken)
8589,English Proficiency (Written)
8591,Effective Communication
8592,Sales
8593,MS-Office
8593,MS-Excel
8593,English Proficiency (Spoken)
8594,MS-Office
8595,Negotiation
8595,Sales Management
8595,Sales
8596,Effective Communication
8597,English Proficiency (Spoken)
8597,Effective Communication
8598,English Proficiency (Spoken)
8598,English Proficiency (Written)
8599,MS-Excel
8599,English Proficiency (Written)
8600,English Proficiency (Written)
8601,MS-Office
8601,MS-Excel
8601,Data entry
8601,English Proficiency (Spoken)
8601,English Proficiency (Written)
8602,Negotiation
8602,Digital Marketing
8602,Market research
8602,Marketing Strategies
8603,MS-Excel
8603,English Proficiency (Spoken)
8603,English Proficiency (Written)
8603,Presentation skills
8603,Kannada Proficiency (Spoken)
8603,Interpersonal skills
8603,Effective Communication
8604,Legal Research
8604,Company Law
8604,Legal Drafting
8604,Statutory compliances
8604,Legal Writing
8604,Contract Management
8605,MS-Office
8605,MS-Excel
8605,English Proficiency (Spoken)
8605,English Proficiency (Written)
8605,Accounting
8605,Tally
8606,MS-Office
8606,MS-Excel
8606,Effective Communication
8606,MS-PowerPoint
8607,Effective Communication
8607,Leadership
8607,Team Management
8607,E-commerce
8607,Data Analytics
8607,Mentorship
8607,B2B Sales
8607,Sales
8608,English Proficiency (Spoken)
8608,Lead Generation
8608,Sales Management
8608,Sales
8609,English Proficiency (Spoken)
8609,Negotiation
8609,Effective Communication
8609,Sales
8609,Problem Solving
8610,English Proficiency (Spoken)
8610,Negotiation
8610,Effective Communication
8610,Sales
8610,Problem Solving
8611,Sales Management
8611,Sales
8612,Accounting
8614,Negotiation
8614,Digital Marketing
8615,MS-Excel
8615,English Proficiency (Spoken)
8615,Presentation skills
8615,Effective Communication
8615,Sales
8616,Effective Communication
8617,MS-Office
8617,MS-Excel
8617,English Proficiency (Spoken)
8617,English Proficiency (Written)
8618,Sales
8619,MS-Excel
8619,English Proficiency (Spoken)
8619,English Proficiency (Written)
8619,Effective Communication
8619,Sales
8620,English Proficiency (Spoken)
8620,English Proficiency (Written)
8620,Interpersonal skills
8621,English Proficiency (Spoken)
8621,English Proficiency (Written)
8621,Effective Communication
8622,Effective Communication
8622,Problem Solving
8624,MS-Office
8624,MS-Excel
8624,English Proficiency (Spoken)
8624,English Proficiency (Written)
8625,Sales
8626,MS-Excel
8626,MS-PowerPoint
8627,Sales
8630,English Proficiency (Spoken)
8630,English Proficiency (Written)
8632,Lead Generation
8632,Sales
8633,Effective Communication
8633,Sales
8634,MS-Excel
8634,Data entry
8634,Data Analytics
8637,MS-Excel
8637,English Proficiency (Spoken)
8638,MS-Excel
8638,English Proficiency (Written)
8639,English Proficiency (Spoken)
8639,English Proficiency (Written)
8641,Effective Communication
8642,Sales
8643,MS-Office
8643,MS-Excel
8643,English Proficiency (Spoken)
8644,MS-Office
8645,Negotiation
8645,Sales Management
8645,Sales
8646,Effective Communication
8647,English Proficiency (Spoken)
8647,Effective Communication
8648,English Proficiency (Spoken)
8648,English Proficiency (Written)
8649,MS-Excel
8649,English Proficiency (Written)
8650,English Proficiency (Written)
8651,MS-Office
8651,MS-Excel
8651,Data entry
8651,English Proficiency (Spoken)
8651,English Proficiency (Written)
8652,Negotiation
8652,Digital Marketing
8652,Market research
8652,Marketing Strategies
8653,MS-Excel
8653,English Proficiency (Spoken)
8653,English Proficiency (Written)
8653,Presentation skills
8653,Kannada Proficiency (Spoken)
8653,Interpersonal skills
8653,Effective Communication
8654,Legal Research
8654,Company Law
8654,Legal Drafting
8654,Statutory compliances
8654,Legal Writing
8654,Contract Management
8655,MS-Office
8655,MS-Excel
8655,English Proficiency (Spoken)
8655,English Proficiency (Written)
8655,Accounting
8655,Tally
8656,MS-Office
8656,MS-Excel
8656,Effective Communication
8656,MS-PowerPoint
8657,Effective Communication
8657,Leadership
8657,Team Management
8657,E-commerce
8657,Data Analytics
8657,Mentorship
8657,B2B Sales
8657,Sales
8658,English Proficiency (Spoken)
8658,Lead Generation
8658,Sales Management
8658,Sales
8659,English Proficiency (Spoken)
8659,Negotiation
8659,Effective Communication
8659,Sales
8659,Problem Solving
8660,English Proficiency (Spoken)
8660,Negotiation
8660,Effective Communication
8660,Sales
8660,Problem Solving
8661,Sales Management
8661,Sales
8662,Accounting
8664,Negotiation
8664,Digital Marketing
8665,MS-Excel
8665,English Proficiency (Spoken)
8665,Presentation skills
8665,Effective Communication
8665,Sales
8666,Effective Communication
8667,MS-Office
8667,MS-Excel
8667,English Proficiency (Spoken)
8667,English Proficiency (Written)
8668,Sales
8669,MS-Excel
8669,English Proficiency (Spoken)
8669,English Proficiency (Written)
8669,Effective Communication
8669,Sales
8670,English Proficiency (Spoken)
8670,English Proficiency (Written)
8670,Interpersonal skills
8671,English Proficiency (Spoken)
8671,English Proficiency (Written)
8671,Effective Communication
8672,Effective Communication
8672,Problem Solving
8674,MS-Office
8674,MS-Excel
8674,English Proficiency (Spoken)
8674,English Proficiency (Written)
8675,Sales
8676,MS-Excel
8676,MS-PowerPoint
8677,Sales
8680,English Proficiency (Spoken)
8680,English Proficiency (Written)
8682,Lead Generation
8682,Sales
8683,Effective Communication
8683,Sales
8684,MS-Excel
8684,Data entry
8684,Data Analytics
8687,MS-Excel
8687,English Proficiency (Spoken)
8688,MS-Excel
8688,English Proficiency (Written)
8689,English Proficiency (Spoken)
8689,English Proficiency (Written)
8691,Effective Communication
8692,Sales
8693,MS-Office
8693,MS-Excel
8693,English Proficiency (Spoken)
8694,MS-Office
8695,Negotiation
8695,Sales Management
8695,Sales
8696,Effective Communication
8697,English Proficiency (Spoken)
8697,Effective Communication
8698,English Proficiency (Spoken)
8698,English Proficiency (Written)
8699,MS-Excel
8699,English Proficiency (Written)
8700,English Proficiency (Written)
8701,MS-Office
8701,MS-Excel
8701,Data entry
8701,English Proficiency (Spoken)
8701,English Proficiency (Written)
8702,Negotiation
8702,Digital Marketing
8702,Market research
8702,Marketing Strategies
8703,MS-Excel
8703,English Proficiency (Spoken)
8703,English Proficiency (Written)
8703,Presentation skills
8703,Kannada Proficiency (Spoken)
8703,Interpersonal skills
8703,Effective Communication
8704,Legal Research
8704,Company Law
8704,Legal Drafting
8704,Statutory compliances
8704,Legal Writing
8704,Contract Management
8705,MS-Office
8705,MS-Excel
8705,English Proficiency (Spoken)
8705,English Proficiency (Written)
8705,Accounting
8705,Tally
8706,MS-Office
8706,MS-Excel
8706,Effective Communication
8706,MS-PowerPoint
8707,Effective Communication
8707,Leadership
8707,Team Management
8707,E-commerce
8707,Data Analytics
8707,Mentorship
8707,B2B Sales
8707,Sales
8708,English Proficiency (Spoken)
8708,Lead Generation
8708,Sales Management
8708,Sales
8709,English Proficiency (Spoken)
8709,Negotiation
8709,Effective Communication
8709,Sales
8709,Problem Solving
8710,English Proficiency (Spoken)
8710,Negotiation
8710,Effective Communication
8710,Sales
8710,Problem Solving
8711,Sales Management
8711,Sales
8712,Accounting
8714,Negotiation
8714,Digital Marketing
8715,MS-Excel
8715,English Proficiency (Spoken)
8715,Presentation skills
8715,Effective Communication
8715,Sales
8716,Effective Communication
8717,MS-Office
8717,MS-Excel
8717,English Proficiency (Spoken)
8717,English Proficiency (Written)
8718,Sales
8719,MS-Excel
8719,English Proficiency (Spoken)
8719,English Proficiency (Written)
8719,Effective Communication
8719,Sales
8720,English Proficiency (Spoken)
8720,English Proficiency (Written)
8720,Interpersonal skills
8721,English Proficiency (Spoken)
8721,English Proficiency (Written)
8721,Effective Communication
8722,Effective Communication
8722,Problem Solving
8724,MS-Office
8724,MS-Excel
8724,English Proficiency (Spoken)
8724,English Proficiency (Written)
8725,Sales
8726,MS-Excel
8726,MS-PowerPoint
8727,Sales
8730,English Proficiency (Spoken)
8730,English Proficiency (Written)
8732,Lead Generation
8732,Sales
8733,Effective Communication
8733,Sales
8734,MS-Excel
8734,Data entry
8734,Data Analytics
8737,MS-Excel
8737,English Proficiency (Spoken)
8738,MS-Excel
8738,English Proficiency (Written)
8739,English Proficiency (Spoken)
8739,English Proficiency (Written)
8741,Effective Communication
8742,Sales
8743,MS-Office
8743,MS-Excel
8743,English Proficiency (Spoken)
8744,MS-Office
8745,Negotiation
8745,Sales Management
8745,Sales
8746,Effective Communication
8747,English Proficiency (Spoken)
8747,Effective Communication
8748,English Proficiency (Spoken)
8748,English Proficiency (Written)
8749,MS-Excel
8749,English Proficiency (Written)
8750,English Proficiency (Written)
8751,MS-Office
8751,MS-Excel
8751,Data entry
8751,English Proficiency (Spoken)
8751,English Proficiency (Written)
8752,Negotiation
8752,Digital Marketing
8752,Market research
8752,Marketing Strategies
8753,MS-Excel
8753,English Proficiency (Spoken)
8753,English Proficiency (Written)
8753,Presentation skills
8753,Kannada Proficiency (Spoken)
8753,Interpersonal skills
8753,Effective Communication
8754,Legal Research
8754,Company Law
8754,Legal Drafting
8754,Statutory compliances
8754,Legal Writing
8754,Contract Management
8755,MS-Office
8755,MS-Excel
8755,English Proficiency (Spoken)
8755,English Proficiency (Written)
8755,Accounting
8755,Tally
8756,MS-Office
8756,MS-Excel
8756,Effective Communication
8756,MS-PowerPoint
8757,Effective Communication
8757,Leadership
8757,Team Management
8757,E-commerce
8757,Data Analytics
8757,Mentorship
8757,B2B Sales
8757,Sales
8758,English Proficiency (Spoken)
8758,Lead Generation
8758,Sales Management
8758,Sales
8759,English Proficiency (Spoken)
8759,Negotiation
8759,Effective Communication
8759,Sales
8759,Problem Solving
8760,English Proficiency (Spoken)
8760,Negotiation
8760,Effective Communication
8760,Sales
8760,Problem Solving
8761,Sales Management
8761,Sales
8762,Accounting
8764,Negotiation
8764,Digital Marketing
8765,MS-Excel
8765,English Proficiency (Spoken)
8765,Presentation skills
8765,Effective Communication
8765,Sales
8766,Effective Communication
8767,MS-Office
8767,MS-Excel
8767,English Proficiency (Spoken)
8767,English Proficiency (Written)
8768,Sales
8769,MS-Excel
8769,English Proficiency (Spoken)
8769,English Proficiency (Written)
8769,Effective Communication
8769,Sales
8770,English Proficiency (Spoken)
8770,English Proficiency (Written)
8770,Interpersonal skills
8771,English Proficiency (Spoken)
8771,English Proficiency (Written)
8771,Effective Communication
8772,Effective Communication
8772,Problem Solving
8774,MS-Office
8774,MS-Excel
8774,English Proficiency (Spoken)
8774,English Proficiency (Written)
8775,Sales
8776,MS-Excel
8776,MS-PowerPoint
8777,Sales
8780,English Proficiency (Spoken)
8780,English Proficiency (Written)
8782,Lead Generation
8782,Sales
8783,Effective Communication
8783,Sales
8784,MS-Excel
8784,Data entry
8784,Data Analytics
8787,MS-Excel
8787,English Proficiency (Spoken)
8788,MS-Excel
8788,English Proficiency (Written)
8789,English Proficiency (Spoken)
8789,English Proficiency (Written)
8791,Effective Communication
8792,Sales
8793,MS-Office
8793,MS-Excel
8793,English Proficiency (Spoken)
8794,MS-Office
8795,Negotiation
8795,Sales Management
8795,Sales
8796,Effective Communication
8797,English Proficiency (Spoken)
8797,Effective Communication
8798,English Proficiency (Spoken)
8798,English Proficiency (Written)
8799,MS-Excel
8799,English Proficiency (Written)
8800,English Proficiency (Written)
8801,MS-Office
8801,MS-Excel
8801,Data entry
8801,English Proficiency (Spoken)
8801,English Proficiency (Written)
8802,Negotiation
8802,Digital Marketing
8802,Market research
8802,Marketing Strategies
8803,MS-Excel
8803,English Proficiency (Spoken)
8803,English Proficiency (Written)
8803,Presentation skills
8803,Kannada Proficiency (Spoken)
8803,Interpersonal skills
8803,Effective Communication
8804,Legal Research
8804,Company Law
8804,Legal Drafting
8804,Statutory compliances
8804,Legal Writing
8804,Contract Management
8805,MS-Office
8805,MS-Excel
8805,English Proficiency (Spoken)
8805,English Proficiency (Written)
8805,Accounting
8805,Tally
8806,MS-Office
8806,MS-Excel
8806,Effective Communication
8806,MS-PowerPoint
8807,Effective Communication
8807,Leadership
8807,Team Management
8807,E-commerce
8807,Data Analytics
8807,Mentorship
8807,B2B Sales
8807,Sales
8808,English Proficiency (Spoken)
8808,Lead Generation
8808,Sales Management
8808,Sales
8809,English Proficiency (Spoken)
8809,Negotiation
8809,Effective Communication
8809,Sales
8809,Problem Solving
8810,English Proficiency (Spoken)
8810,Negotiation
8810,Effective Communication
8810,Sales
8810,Problem Solving
8811,Sales Management
8811,Sales
8812,Accounting
8814,Negotiation
8814,Digital Marketing
8815,MS-Excel
8815,English Proficiency (Spoken)
8815,Presentation skills
8815,Effective Communication
8815,Sales
8816,Effective Communication
8817,MS-Office
8817,MS-Excel
8817,English Proficiency (Spoken)
8817,English Proficiency (Written)
8818,Sales
8819,MS-Excel
8819,English Proficiency (Spoken)
8819,English Proficiency (Written)
8819,Effective Communication
8819,Sales
8820,English Proficiency (Spoken)
8820,English Proficiency (Written)
8820,Interpersonal skills
8821,English Proficiency (Spoken)
8821,English Proficiency (Written)
8821,Effective Communication
8822,Effective Communication
8822,Problem Solving
8824,MS-Office
8824,MS-Excel
8824,English Proficiency (Spoken)
8824,English Proficiency (Written)
8825,Sales
8826,MS-Excel
8826,MS-PowerPoint
8827,Sales
8830,English Proficiency (Spoken)
8830,English Proficiency (Written)
8832,Lead Generation
8832,Sales
8833,Effective Communication
8833,Sales
8834,MS-Excel
8834,Data entry
8834,Data Analytics
8837,MS-Excel
8837,English Proficiency (Spoken)
8838,MS-Excel
8838,English Proficiency (Written)
8839,English Proficiency (Spoken)
8839,English Proficiency (Written)
8841,Effective Communication
8842,Sales
8843,MS-Office
8843,MS-Excel
8843,English Proficiency (Spoken)
8844,MS-Office
8845,Negotiation
8845,Sales Management
8845,Sales
8846,Effective Communication
8847,English Proficiency (Spoken)
8847,Effective Communication
8848,English Proficiency (Spoken)
8848,English Proficiency (Written)
8849,MS-Excel
8849,English Proficiency (Written)
8850,English Proficiency (Written)
8851,MS-Office
8851,MS-Excel
8851,Data entry
8851,English Proficiency (Spoken)
8851,English Proficiency (Written)
8852,Negotiation
8852,Digital Marketing
8852,Market research
8852,Marketing Strategies
8853,MS-Excel
8853,English Proficiency (Spoken)
8853,English Proficiency (Written)
8853,Presentation skills
8853,Kannada Proficiency (Spoken)
8853,Interpersonal skills
8853,Effective Communication
8854,Legal Research
8854,Company Law
8854,Legal Drafting
8854,Statutory compliances
8854,Legal Writing
8854,Contract Management
8855,MS-Office
8855,MS-Excel
8855,English Proficiency (Spoken)
8855,English Proficiency (Written)
8855,Accounting
8855,Tally
8856,MS-Office
8856,MS-Excel
8856,Effective Communication
8856,MS-PowerPoint
8857,Effective Communication
8857,Leadership
8857,Team Management
8857,E-commerce
8857,Data Analytics
8857,Mentorship
8857,B2B Sales
8857,Sales
8858,English Proficiency (Spoken)
8858,Lead Generation
8858,Sales Management
8858,Sales
8859,English Proficiency (Spoken)
8859,Negotiation
8859,Effective Communication
8859,Sales
8859,Problem Solving
8860,English Proficiency (Spoken)
8860,Negotiation
8860,Effective Communication
8860,Sales
8860,Problem Solving
8861,Sales Management
8861,Sales
8862,Accounting
8864,Negotiation
8864,Digital Marketing
8865,MS-Excel
8865,English Proficiency (Spoken)
8865,Presentation skills
8865,Effective Communication
8865,Sales
8866,Effective Communication
8867,MS-Office
8867,MS-Excel
8867,English Proficiency (Spoken)
8867,English Proficiency (Written)
8868,Sales
8869,MS-Excel
8869,English Proficiency (Spoken)
8869,English Proficiency (Written)
8869,Effective Communication
8869,Sales
8870,English Proficiency (Spoken)
8870,English Proficiency (Written)
8870,Interpersonal skills
8871,English Proficiency (Spoken)
8871,English Proficiency (Written)
8871,Effective Communication
8872,Effective Communication
8872,Problem Solving
8874,MS-Office
8874,MS-Excel
8874,English Proficiency (Spoken)
8874,English Proficiency (Written)
8875,Sales
8876,MS-Excel
8876,MS-PowerPoint
8877,Sales
8880,English Proficiency (Spoken)
8880,English Proficiency (Written)
8882,Lead Generation
8882,Sales
8883,Effective Communication
8883,Sales
8884,MS-Excel
8884,Data entry
8884,Data Analytics
8887,MS-Excel
8887,English Proficiency (Spoken)
8888,MS-Excel
8888,English Proficiency (Written)
8889,English Proficiency (Spoken)
8889,English Proficiency (Written)
8891,Effective Communication
8892,Sales
8893,MS-Office
8893,MS-Excel
8893,English Proficiency (Spoken)
8894,MS-Office
8895,Negotiation
8895,Sales Management
8895,Sales
8896,Effective Communication
8897,English Proficiency (Spoken)
8897,Effective Communication
8898,English Proficiency (Spoken)
8898,English Proficiency (Written)
8899,MS-Excel
8899,English Proficiency (Written)
8900,English Proficiency (Written)
8901,MS-Office
8901,MS-Excel
8901,Data entry
8901,English Proficiency (Spoken)
8901,English Proficiency (Written)
8902,Negotiation
8902,Digital Marketing
8902,Market research
8902,Marketing Strategies
8903,MS-Excel
8903,English Proficiency (Spoken)
8903,English Proficiency (Written)
8903,Presentation skills
8903,Kannada Proficiency (Spoken)
8903,Interpersonal skills
8903,Effective Communication
8904,Legal Research
8904,Company Law
8904,Legal Drafting
8904,Statutory compliances
8904,Legal Writing
8904,Contract Management
8905,MS-Office
8905,MS-Excel
8905,English Proficiency (Spoken)
8905,English Proficiency (Written)
8905,Accounting
8905,Tally
8906,MS-Office
8906,MS-Excel
8906,Effective Communication
8906,MS-PowerPoint
8907,Effective Communication
8907,Leadership
8907,Team Management
8907,E-commerce
8907,Data Analytics
8907,Mentorship
8907,B2B Sales
8907,Sales
8908,English Proficiency (Spoken)
8908,Lead Generation
8908,Sales Management
8908,Sales
8909,English Proficiency (Spoken)
8909,Negotiation
8909,Effective Communication
8909,Sales
8909,Problem Solving
8910,English Proficiency (Spoken)
8910,Negotiation
8910,Effective Communication
8910,Sales
8910,Problem Solving
8911,Sales Management
8911,Sales
8912,Accounting
8914,Negotiation
8914,Digital Marketing
8915,MS-Excel
8915,English Proficiency (Spoken)
8915,Presentation skills
8915,Effective Communication
8915,Sales
8916,Effective Communication
8917,MS-Office
8917,MS-Excel
8917,English Proficiency (Spoken)
8917,English Proficiency (Written)
8918,Sales
8919,MS-Excel
8919,English Proficiency (Spoken)
8919,English Proficiency (Written)
8919,Effective Communication
8919,Sales
8920,English Proficiency (Spoken)
8920,English Proficiency (Written)
8920,Interpersonal skills
8921,English Proficiency (Spoken)
8921,English Proficiency (Written)
8921,Effective Communication
8922,Effective Communication
8922,Problem Solving
8924,MS-Office
8924,MS-Excel
8924,English Proficiency (Spoken)
8924,English Proficiency (Written)
8925,Sales
8926,MS-Excel
8926,MS-PowerPoint
8927,Sales
8930,English Proficiency (Spoken)
8930,English Proficiency (Written)
8932,Lead Generation
8932,Sales
8933,Effective Communication
8933,Sales
8934,MS-Excel
8934,Data entry
8934,Data Analytics
8937,MS-Excel
8937,English Proficiency (Spoken)
8938,MS-Excel
8938,English Proficiency (Written)
8939,English Proficiency (Spoken)
8939,English Proficiency (Written)
8941,Effective Communication
8942,Sales
8943,MS-Office
8943,MS-Excel
8943,English Proficiency (Spoken)
8944,MS-Office
8945,Negotiation
8945,Sales Management
8945,Sales
8946,Effective Communication
8947,English Proficiency (Spoken)
8947,Effective Communication
8948,English Proficiency (Spoken)
8948,English Proficiency (Written)
8949,MS-Excel
8949,English Proficiency (Written)
8950,English Proficiency (Written)
